# Resource object code (Python 3)
# Created by: object code
# Created by: The Resource Compiler for Qt version 6.9.1
# WARNING! All changes made in this file will be lost!

from PySide6 import QtCore

qt_resource_data = b"\
\x00\x00L\xa2\
\x00\
\x01\x03\x04x\xda\xd5}\x07x\x1c\xd5\xb5\xf0\x95\xb5j\
\xab\x95\xe4\x86m\x0c\x98\xb11X6B.\x18C\x84\
\xc1\xa8\xb8\xc8\x96m!\xb9\xe1\x00\xf2hw\xb4;\xd6\
\xee\xcc23+YV\x9c@Bh1%\xb4P\x12\
\x1e\x90\x84\x180\xa1\x19\xec\xd0C \x85\xd0\x92\x00\x81\
\x10\x8ai\x86\x17ZBB\xfe\x90\x97\xf7\xfes\xcb\xcc\
\xbd\xd3vW\x86\xbc\xef\xff\xbf\xbc\xc7\xb5\xa4\xb9\xe7\xb6\
\xd3\xef9\xe7.\xdc\x93\x98\xf4\xc4G\xdf\xbd\xe2\xa9\xa9\
\x07?\xbc\xe9\x86\x07_\xf9\x11B\xa8L1{\x16w\
\xb7 4\x1e\xffp<B\xb1o\xd2\xf6\xc8+h\xfb\
\xe07\xa0mEh\xe7s\xd0\xaeFhm%m\xf7\
\xa6\x11\xaa\xb8\x0b\xa1\xe5o!t\xcc\x0e\x84\xea\xbai\
\xdbg \xb4\xf8\xeb\x08\x1d\xfa0BK\x7f\x80P\xe5\
\x97i\xdb\xdb\x85P{\x0a!i\x10\xfa\xc8\x00\xe7j\
\x84N\xfe\x15B3\xe1o\xdd\xf0\xfd\x91i\xda\xee\xdc\
\x8c\xd0\xba\xffFh\x03\x8c\x7f\xcaC\x08\xcd>\x09\xa1\
/\xdf\x8d\xd0Y*B=?\x83~\xc7\xd2\xf6\xc3a\
\x84RY\x84\xb4\x97\x11R\x01\xee\x97\xee@(w#\
\x8cu\x1a\x8a,\x9c\x0f\xf3\x9e\x8d\x22\xdboG\xe8\x89\
3P\xe4\xb2G\x11zf\x1e\x8a\x5c\xd5\x80\xd0\xa4>\
\x14\xf9\xeeO\x10\xfa\xda\x11(\xb2\xe3[\x08E+i\
{^\x19\x8a\xdc\x5c\x8a\xd0X\x89\xb6\xa9+Pd\x0f\
\xccu\xfd\xd5(r\x7f\x04\xa1\xf8;\xb4\xbd\xfb`\x14\
y\x06\xda/OD\x91g\x0fG\xe8\x88\xc3P\xe4\xfd\
9\x08\x9d\x0f\xf0?\x85q\xc6\x9eB\xdb\xd4\xd3\xa8,\
\xf2\x0c|\xd7F[m\x16m\xef}\x8f\xb6\x8f\xbfE\
\xdb?\xbc\x80\xca\xd6-\x86\xfd\xbc\x00\x95%`\xcd\xe3\
\x9e\xa0\xed\xe6\xf3h\xbbu\x17*\xbb\xeaq\xd8\x07\x93\
\xb6\x0f\x97\xa2\xb2[7!4\xef>\xda\xde\xf9}\xda\
\xee\xba\x03\x95\x9f{-\xec\xc3\xd9\xa8\xfc\xd96\x84N\
L\xa3\x8a%\xf0\xfd\x92\x14\x8a\xfe\xe5i\xd8\xbfGP\
\xf5\xaa\x8b\x10\xba\xf1=4\xe1\xb6\x0b\x11:\xa4\x1fM\
:\xe5,\x84n\xd8\x89&}\xf0\x17\x84~w$:\
\xe2\xba\x04B-C\xe8\xc8\xc4\xb7\x11\xbah\x0d:a\
\xe9\x0f\x11\xba`\x22:\xe1\xb3\x03\x10\xaa\x1eF\xad\x08\
0\xe6;_Am30\xdc\xcb\xd1\xd2+\x1fCh\
c\x09m\xbfy\x22Z\xd6p9B\xbf\xb8\x08\xb5\x7f\
\xdc\x8c\xd0o7\xa1\xe5G\xc2y\xae\xff\x12Z\xbe\x00\
\xd6\xb1~3m\xef]\x82\x96\xe3u\x9d\xb4\x14-?\
\xf3K\x08\x8dy\x91\xb6\xa9\x95\xb4\xdd\xf22Z\xfe\x93\
\xdd\x00w7mo\xee\xa7\xedc\x8f\xa2\x8e\xab{\xe1\
\xf7\xef\xd16{'mo\xff\x0em\x9f?\x1a\xadz\
\x18\xe6;c\x12Z\x9d\xbe\x0c\xce\xe1R\xda\xaa\x15\xa8\
\xeb_\x7f\x85s^H\xdb\xf3/Ek\xd20\xfe\xac\
\xab\xd1\xba3\xe1\x1c_\xaeD\xeb\xb6\xc3\xcf\x1b\xfah\
{\xd1\xe1\xb4\xbd\xb3\x8a\xb6w?\x86\xd6\xfd\x18\xce\xb3\
a\x18m\xd8\x0dx\xb3\xf5}t\xca\xbb@#k?\
D\x1b/8\x0c\xa1\xd3\x0fA\x1bw\xc0\xba/\xbe\x84\
\xb6wfi\xbb\xebL\xb4\xf1\x19\xc0\xdb?=\x8d6\
\xbe\x7f\x0c\x8c\xaf\xa3S\x09^\xff\x15\x9d\xfa\x8d{\x00\
\x1fn\xa6\xed\xee\x1dH\x9d\xb7\x0b\xa1\x85;\xd0\xe6\xd9\
p~\xc7_\x8c\x06\x06V!4\xbf\x1c\x0d\xe0\xf1\x97\
>\x81\xb6\x1e\xf9\x08\xd0\xcen\xb4\xf5u\x05h\xa7\x1f\
m\xbb\xae\x04\xa1+\x7f\x8c\xce\xaa\x07\x9a\xf8\xca/\xd1\
7\x8f\xdd\x87\xd0\x9a{\xd0\x85\xdf\xadE\xe8\xeb\xc7\xa1\
\xef\x5c\x09\xeb\x1a\xda@\xdb\xbb^A\xb7\x9f\x07x<\
\xeap\xf4\xc8\x9e\xb3\x11Zt\x0ez\xea\x881@\xec\
_.\x19}\xcb\xe9\x08\x9d\xf6\xdb\x92\xa9\xb7%\x112\
S%\xb3\x9e\xfd\x0eB5*mW*\xac\xfd%m\
\xef\xfeK\xc9\x82\xe9g \xf4\x83\x0fJ\x16\xbe\x06\xeb\
\xf9\xe0\xb4\x92E\xff8\x11\xf0\xe6\x0f%'\x1d\xb2\x14\
hU)i\xdd\xa4!4gQIG\x19\xec\xcbc\
%%\xf1[\xaa\x10\x9a0\x9a\xb6\x99y%\x89\x1bu\
\x84\x8e-)\xb1\x0e\xfb\x17\xe0q\xb6\xe4\xcc\xdb\xa6!\
t\xe1S\xb4\xbd\xf5\xb1\x92[^\x05x\x7f\xdcS\xb2\
g\x1c\xe0\xef\xa1kK~\xfaq\x19B\x83\x17\x95<\
\xb1\xf8b\x84\xaa\xaai\xbb\xa7\xab\xe4\xb9uk\x10z\
s~\xc9\xef\xfboAh\xdf\xe2\x92}\x7f\x83\x9f\xcf\
=\xb5\xe4\x9fs\x80G\xdd\xd2>\xaa|\x09\xcco\xf9\
\x8cQ\xd5\x95\x80\xef\xa7\x9f?\xea\xc0W\x81\x8f\xe95\
\xa3\xe6\xee\x85\x9fW\xdf2j\xfe?\x81\xaf\xccxm\
\xd4q\xe6o\x81^^\x1eu\xdcs\xc0\x9b\x9e{\x7f\
\xd4\xf1o\x9c\x8b\xd0/\xa7\x8dj\x8d|\x15x\xd9\xc9\
\xa3\xd2W\x03\x1fxg\xd9\xa83\x16\xe4\x10\xfa\xf5\xfc\
Q\x03{`\x1dg\xfeq\xd4mY\xf8^\xbea\xd4\
K'\xfd\x03\xe8v\xd7\xa8?J'#\xf4\xfbOG\
\xed\x93\xfe\x06\xf3\xbc\x95\xb6S\xa7\xd0\xf6'\x87\x94\xa2\
z`\xae\xff\xf9\x9d\xd2\xaa\x1b\xaf\x83s\xfdc\xe9\x01\
\xb3\x00\xde\xe1\xcf\x97\x1e\xfej?\xec\xfbg\xa5\xad\x1d\
\x80\xf7G\xac-]\xf1\xd1\xdb\x08-\xbb\xa5t\xf5D\
\xc0\xaf\x15\x0f\x95v\xde\x07\xdf\x7fy[i\xf7\x1d\xbf\
Fh\xf4\xae\xd2\xf5wLD\xe8\xa6}\xa5\x1b\xc6@\
\xffs\xcbJO{\x1d~\x9e\xf9\x9b\xd2\xc4\x0d@\xdf\
\xeb\x9f*\x1dx}.\xd0\xe7\xa7\xa5\x17N|\x13\xf6\
\xe1\xe1\xd2\xef\xfd\x0b\xf8\xca7\xfaK\x1f\xffh+\xf0\
\xdd\x17K\x9f\xfc\xec\xfb\x08\x95\x9eP\xfa\x14\xa6\xeb\x93\
\xbeV\xfa\xe1'\x9f\x01_\xf9(2\xbe\x1b\xe6y`\
c\xe4\xa0\x8f\x81\xfe\xdf\xba8R\xbf\x16\xe8\xf9O\xf3\
\x22+\x8e\x84\xf5\xf7\x9e\x13\xe9\xf8`%\xd0\xf5\xe4H\
b\x13\xec\xeb\xe2\xcb\x22\xca\xed\x80w\xe3jh\xbby\
!m\xb7\x1e\x1aI\xe7.A(\xf1\xdd\x88q&\x9c\
C\xe6?i{\xaf\x191\x9e\x058\xa7\xaf\x8c\x9c\x9b\
\xfd%\xe0\xdf\x1b\x91\x8b+N\x01\xfe{]\xe4\x92\xf3\
\x81Oo{(r\xf9\x0e\xc0\xcb\xab\x9e\x8b\x5c\xd5\xfe\
\x00\xc8\x8bKh[\xbd\x84\xb65?\xa7\xed\xe8\xf9\xb4\
\x9d\xf0\x15\xdaJ7\xd2v\xd5,\xda\xae>\x92\xb6\xbd\
o\xd16\xd9M[\xfd6\xda\xee\xfe\x1dm\xf7\xec\xa3\
\xedo\xce\x8a\x5c\xad\x01}u/\x8b\x5c\x7f\xd7,\xe0\
\xa7K#7t\xc0\xbe\xcf}9r\xe3\xaf\x7f\x0f\xfc\
\xcc\x8a\xec\xd8\x03\xfb4z0\xb2\xb3\x01\xdal\x03m\
\x87\x0e\xa6\xed]}\xb4\xfdI.\xb2\xf3\xd6\xd3\x80\x8f\
M\xa5m\xf2J\xdan\xb9\x22\xf2\xe8\xc5 \x8fn\xb9\
 \xf2\xd8\x10\xc8\x89{~\x19yf\x00\xf8\xc2\xf4\xb3\
\x22\xbf9\x14\xf0g\xe7A\x91\xe7;A\xf6\xb54G\
\x9e\xdf\x08\xfb\xddZ\x11y^\xc3\xed\xd6\xc8\xeb\x17\x83\
\x5c]\xfbp\xe4\xcd\x0d_A\xe8\xa5\xcd\x91w\xfe\xfc\
\x1aB\x8f>\x14\xf9\xe0\x14\xf8\xfb\xc1\xff\x11\xf9\xeb$\
\xe0\x0fG\x1f\x12\xf9\xf4\xdb ?_\xba<\xf2\xd9X\
8\xd7\xd7\xda\xcb\xc6_\x08x$/*\x9b\xb8\x00\xe4\
\xd1\xac_\x96\x1d\xf2\x0c\xe0\xeb\xd3\x13\xcb\xa6-z\x0f\
\xf8\xf8\xb7\xca\x0e\xeb\x07~\xff\xe33\xca\xea\x97\xff\x0e\
d\xecGesG\x03\x1d\xb4\xcf.[p\xc1\x10\xf0\
\xebqe\xc7]\x0a|\xe6\xfe\x1f\x97-\x5c\x02\xb2\xf9\
\xb5C\xcaN:\x15\xd67\xf6i\xda\xaa\xade-\xaf\
\xec\x04\xba?\xb4l\xf1\xed/\xc19\x1fD[\xe5\x05\
\xda\xaa_\xa7\xed\xd0\xde\xb2\x15\xaf\xc3\xb9\xdf|tY\
\xcflXg\xcb\xaf\xca\xfa6\x83\xdc\xd8ws\x99>\
\x1b\xf0\xf2\x8c=e\x03\xb3\xda\x11\xea\xdfZv\xe6z\
X\xcf\xd9\x8f\x94}\xeb&8\xff\xa3:\xca\xb6cy\
\x95x\xbdl\xfbN\xc0\xb3\x0d\x8f\xd0\xf6\xce&\xda\xee\
ZYvQ\x1c\xf8\xe5\x93\xb7\x96]\xf6\x04\xe0\xfd\x99\
\xdf,\xbb\xe6\x12\x0b\xf8W\xba\xec\xbb\xdb\x1a\x11z\xe4\
\xa6\xb2\x9b\xde\xdf\x00r\xef\xc6\xb2[\xbe\x05\xfa\xc1p\
o\xd9\xce?\x02]\x96//\xdbu\xd5\xab\xc0\xbfo\
){\xf0\xef\xa0\xa34\xc7\xcb~\xbe\x03\xd6\xb3\xa9\xa4\
\xec\xb9\x8b\xe1\xfb\xe3\xffQ\xf6B\xe9\xff \xd4\xf6B\
\xd9\xcb\x8f\xc2\xfe\x1d\xf08m\xd3\xfbh\xfb\x95\xb3\xcb\
^\xf9\x07\xf0\xa3\x19\x8b\xcb^\xbb\xef>\xd0\x8fv\x95\
\xbd\xbe\x02\xf8\xe5q\x97\x94\xed\x8b\xc1\xbc\xce\x7f\xa4\xbc\
\xea)\x90+\xff\xd1R~\xd8#\xa0\xeb\xb4\xbfS\xde\
\xf0\xf4\xcd\xa0\xcf<^\xde8\x15\xe8y\xf95\xe5\x8d\
\x17\xcdD\xe8\xea\x8b\xcb[\x0f\x059\xfa\xea\xb3\xe5'\
\xaf\x83\xf3x\xe9\x81re\x1e\xc8\xed\xf6\x81r\xe5z\
\x98\xbfrP\xf9\x99\xb7\xc2>\xcc\xb8\xa4\xfc\xac\x050\
\xde\xeb\xdf*\xbfb\x0b\xf0\xc3s\x8c\xf2\x1b'\x03>\
\xdd\xf9|\xf9\x8e\x9b\x81\xdf\xbd\xffZ\xf9\xce\xf5qX\
\xc7\xe1\xe5?\xfe\x01\xfc\xfd\x81S\xca\xefx\xe8\xc7@\
\xd7\xe7\xd0v_I\xf9=\x11\xe0\xa7\xcd\xf7\x96\xef\xf9\
6\xac{\xee\x99\xe5\xf7\x9f\x06\xfa\xd6\xf5\xe7\x97\x13<\
<\xe1\xfb\xe5\xbf\xba\xf3L\x90\xdfs\xca\x9f\xbd\x0f\xf6\
\xe7\xe5\x95\xe5o\x0e\xc0y-|\xb3\xfc\xdd\x9f\x01\x1f\
\xbf\xe2\xc3\x8aQ\xe5\xa0\xf3\xfd\xf6\xdc\x8a\xb2\xb7\x80\x1f\
\xbcxQE\xd5z\xc0\xe3\xd6\x8f+b\xcb\x80n\xa7\
l\xad\x18s\xeat\xc0\xc3\xb1\x15\x87~\x07\xd6;\xed\
\xfc\x8a\xf93\xc6\xc2~~Tq\xec\xd1\xa0\x8b\xbd\xf0\
\xa3\x8av\x1d\xf8\xe7\x8b/Ut\xde\x0d\xf3=\xe2\x89\
\x8a\xf5}\x15\xa0\x87\xddPq\xfa.8\xaf\x97\xea+\
RgB\xffI\x97U|\xf3\xb2\xdf \xf4\xb3\xf3*\
\xae\xb9\x12\xf4\xb2e[*n~\x00\xd6\xbf\xa5\xa4\xe2\
\xd6\xf2q\xd0n\xa8\xb8\xb5\xf2*\xe0\x83V\xc5\xad\x93\
\x01\x8f:\xc6W\xec:\x06\xe4\xcf\xf7_\xac\xb8\xe7\x8d\
\x7f\x22T{<m\xa7\xdeZ\xb1{-\xe8\xa0\x97\xac\
\xabx\xad\xf6\x13\x84\x0e\xdaS\xf1\xe6\xbf@\x8e\x1a\x97\
U\xbc=\x1d~~\xee\x9e\xca\xd2\x8f`\xdc\xd8\xdb\x95\
U_\x83\xf5\xc4\xbeT\x19\xed\x05\x1d\xb5\xe3\xc6\xca:\
\x0b\xe8h\xdf\xa7\x95\x93Z`_\xf6\x96W\x1e{5\
\xc8\xa5'\x9b*O\xd8k\x02\xfd\xff\xba\xb2\xe5\x13\xd8\
\x9f\xe7\x8e\xaf\x5c|\x02\xc8\xd5\x92ch\xfb\xf4\xa7\x95\
K\xfa\xdf\x00\xfd\xf3\x9a\xca\xe5W\x80\x9es\xf9\x01\x95\
+\xae\x00\xf9\xfd\xa3\xf7*W\xdd\x05|\xf4\xfc\x9eJ\
\xf5\x18\xc0\x87?\xfd\xbdR\xbdp;\xe0\xc9c\x95\xda\
K \x17\x7ftxen\x13\xe8\xb8\xef\x9f[yV\
=\xc8\xdf\xebN\xac<\x7f&\xc8\x8fMwT^9\
\x05\xbe\xdb~M\xe55\x8b?\x84s\xfbs\xe5\x8d\x97\
\xfd\x02\xa1\x9f?[\xb9k'\x8cw\xc9\x8b\x95\xf7\xa5\
\x00\x9fOy\xa2\xf2\xc1\xed\xc0?\xad\xaf\xd1\xf6\xe2\xc9\
\xb4\xdd\xf9\xf7\xcaG\xf7\x00\xdd\x9c\xfa\x00m\x7f>\xa5\
\xf2\xb1ka~\xaf^_\xf9\xa4\x02r\xfb\xb6\xd9\x95\
O\x97\x80\x1cYz`\xe5\x0b\x16\x9c\xd3mZ\xe5\xbf\
^\x02\xf9\xdc\xf3hU\xf9=\xc0\xb7\x7fzOUu\
;\xf0\x91\xc3\xf6VM\xa8\xbf\x13\xa1k\xb7W\xcd|\
\x03\xce\xff\xc2Z\xda\xdeZ^u\xe4\xa6\xffB\xe8\xab\
\xc7U\xcd\xb9\x18\xf6\xe9\xb1\x7fV- \xfa\x89V\xb5\
(u>\xe8\xfd\xe7\xd3\xb6oG\xd5\xf2Y\xa0\x1fE\
\xbeQu\xf2\x8b \x8f\xee\xbb\xb6j\xe3\xd7n\x03\xba\
\x5c^u\xea\xcd\xa0\xb7\x80d\xdcT\x0e\xf4;>N\
\xdb\xcd\xbf\xa8\x92\xbf\x0a\xed\xc5?\xad\xea\xff=\xe0w\
\xc9@U\xe6\x1f \xc7\xa7\xef\xae:\xa3\xe4u\x84\xde\
\xfdQ\xd5\xb9\x0f\xc0z6\x1eK\xdb\xed/\xd3v\xc7\
AU\xe7=\x08\xfc\xee\xbc\xf9U\xdbs@\xb7\x0f\x1f\
S\xf5\xed\xd7/\x05\xfa\x9dV\xf5\xdd\x1c\xfc~Ju\
\xd5-\xb7\xc0|\x1eJT\xdd\xf5\xf1\x14\x90W\x7f\xa9\
z\xbc\x13\xf8\x85\x96\xa4\xed\xf0T\xda^\xdcM\xdb\xdd\
\x87V=\xbe\xe7\x02\x90\xfb\x7f\xab\xfa\xcd\x85\x7f\x06:\
\x89V=?\x05\xe65i2m\xfb_\xa5\xed\xf05\
U\xbf\xff\x01\xe0O\xd3\x05U\xaf\xfe\x06\xf4\xe7o\xff\
\xb9\xeaO\x0f\xc3\xefO;\xa6\xea_\xa7A{\xc0f\
\xda\xa6\xb7\xd3v\xf8\x83\xe8\xe8\xc4Q0\x9f\x8f\xa3S\
\x14\xc0\x8f\x81\x5ct\xeaM\xa0\xff\x1c\xfant\xdao\
A\xee/\xfdGt\xce\xad \x0f\x0e\x1f\x15]\xb8\xf9\
H\xd8\x97\xaa\xe8\x09\xb5X\x1e\x9d\x1b]t\xd8A\x08\
M\xcc\xd0v\xda\x1fh\xab\xef\xa3\xed\xbd;\xa3\x8b6\
\x03\xdd\x1dv\x10m\xb3}\xb4\xbd\xeb\xea\xe8\xc6'\xb1\
^\xfer\xb4\xe7!8\xb7E\x91\xa8<\x0e\xf8\xc3\xed\
?\x8f&\x9e}\x0a\xe4\xea\x93\xb4\xad\xf9\x1f\xdaN\x9c\
M\xdbU7\xd3v\xb5J\xdb\xde\x89\xb4\x8d\xef\xa0\xed\
\x9e1\xb4\xfd\xdd\xcdQ\xe5'\x07\x03\xbd\x0dDS\x9f\
>\x0f\xf0[\xa2j3\xe8\xf7\xdd{\xa3\x99\xaf\x03~\
t\xfc!j%\x0f\x04\xb8wG\x07\x0e\x01\xf91\xab\
2:\xb0q\x1e\xc8\x99\xdd\xd1A\x03\xe4i\xf4\xfa\xe8\
P\x0f\xf0\x81c\x1e\x8f\x9e\xfdO\xb0\x13\xbftR\xf4\
\x8a\x0c\xd0\xed\x09\xcfG\xaf\xec\x07\xfc\x18wJ\xf4\x9a\
[6\x82\x9ezQ\xf4\xc6\xcf\xc0\xc6\xfb\xe0\xe5\xe8\x8f\
~\x03\xf3\xef\xd4\xa2\xb7%\x81\xef\xdc\xf6h\xf4\xde\x01\
\xf8\xfe\xdd}\xd1\x9f|\x17\xe8z\xde\xfb\xb4\xcd\xa5h\
\xfb\xd3\xc3\xa2\x0fI\xcbAox*\xfal\x0f\x9c\xd3\
O\xd7D\x7f\xfb\x08\xf0\xdf\x85\xa7G_|\x0c\xe8\xed\
\xda\xba\xe8\xcbU\xd0\xff\x95W\xa2{\xef\x009\xff\xcc\
\xbd\xd1}\x97\x81^v\xe1\x97\xa3\xef\xbe\x00x\xf2\xe0\
\xdd\xd1?\xf5\x81\xbc\xecz'\xfa?\x0a\xd0\xe1\xfdo\
T\x97\xfe\x1c\xce\xe7\x80\x09\xb4M\x1fW]5\x04\xfa\
\xd4\x09s\xa0\x85\xf9\xdes^u\xd5M \xbf\xd6&\
\xab\x0f\xff\x1b\xc0\xaf\x8cT\xcf9\x0e\xe8\xf9\xa0\x85\xd5\
\x0bJ\xe0|\xcfXQ\xbd\xa0\x12\xce5\xfbV\xf5\xb2\
\x16\x90\x8b\xb5\x7f\xa1m\xdf\x98\xeaM\xf7\xc2\xfeu\x9c\
^\x1d\x7f\x03\xe0^QS\x9dx\xe5A\xc0\x83\x93\xab\
\xcf;z\x19\xc8\xa35\xd5\x17\xbf\x02\xf2\x7fE\xb4\xfa\
\xdb\x87>\x89\xd0\xe4\xee\xeaK\xc7K\xc0G\xfe\xa7\xfa\
\xeacA\x7f\xfd\xe1\xeb\xd5\xd7]\x09\xfb\xf1\xad\xd3\xaa\
o\xbd\x1c\xf8\xc3\x8ek\xaawg\x81\xcf\x1fYR\xfd\
\xe0_@.<vz\xf5#e\xb0\xce\x87?\xab~\
\x14\xb7\xcb\x9a\xaa\x1f\xaf\x02\xbeYq[\xf5\xaf\x11\xc8\
\x87\xb9\xa8\xfa\xe5i`\xcf\xff\xfa\x8a\xea7\xff\x13\xf4\
\x81\x9fwW\x7f\x88\xe0\xbbu\xd3b%\xd7\x01?~\
\xf3\xa6X\xe4z\x90k\xa7~\x1c+\xfb\x06\xe0\xd1!\
\xbf\xa0\xed\x86\xa9\xb4\xddyIl\xf4\xc3 \xaf~r\
kl\xdc\xff\x01:\xaf\xfdZ\xec\x80Y\xb0_\x97\xb5\
\xc6\xa6^\x0dz\xea\xf3\x1bc\xb3\xa6\xaf\x07\xbc\xdaD\
\xdb\xccu\xb4\xdd\xf1\x01m\xef-\x89\xb5L\x04:\xbd\
\xf9\x9f\xb1\xd6\xfb\x81O\xfd\xf2\x86\xd8\xd2K\x81_\x0e\
]O\xdb\xbb\xdbc\xcb\xfb`}\xcb\xfe\x1e\xebZ\x07\
\xeb\xfdJsl\xddv8\xc7\x15\x8bb\xebv\x03?\
\x99\xfa~lC\x15\xec\xff\xdbo\xc56>s\x08\xc8\
\xa1?\xc7N_\x03\xfb>awL\x1f\x03v|\xc5\
\xfaXn\x14\xe85\x89\x0d\xb1\xdc\x0a\xc0\xc3\x9b\xaf\x8d\
m\xfd\x19\xf0\xbf\x03?\x89m}\x19\xf0\xea\xb5\x8fc\
\xc3\xdf\xfc\x0f\x84\x16\xd4\xc7\xce\xbc\x00\xd63\xfb\x87\xb1\
\xb3\xff\x1b\xf8\xfd{o\xc6\xce\xfb\x0c\xf0\xed\xcd\x92\xd8\
%/\x82~\xf8\xec\xf6\xd8\xa5\x0f\xdc\x80\xd0\xf7P\xec\
;cA\xef\xd9\xfe\xe5\xd85%\x7f\x80s8(v\
\xc3\xcd \xa7Z\xef\x8a}\xffL\xd0c6eb?\
\xf86\xd0\xfbIO\xc6v\xa4\xc0~\xf8\xd6}\xb1\x9b\
{@\xbe\xadz#v\x7f\x09\xc0=\xed{\xb4\xfdV\
}\xecW\xd7\xc3ym\x9f\x11{\xba\xeeP\xd0w\xbe\
\x1a{\xedB\xe0\xdf\xd1\xbf\xc7>|\x09\xe8\xd7\x98\x1e\
\xfb\xf4T\xb0\x0f\xb7&j\x22\x0d\xb7\x03\x7f8\xa7\xa6\
\xac\x0b\xfaMz\xabf\xd2%`\x9f\xaf9\xa5\xe6\xd0\
U\x80/\xd6\x035s+\x80\xce?\x9cS3\xffn\
\xd8\xf7\x95\x93j\x96\xc6\x81\xbf\xecXY\xd3\xf12\xf0\
\xaf\xf7&\xd4\xac\xbd\x1c\xf6\xb5uQ\xcd\xc6'\xc0.\
l\xdbTs\xea\xcd\xa0w4\xbdSs\xea\xfb@\x8f\
m\xd7\xd6\xf4\xbc\x00\xe7\x7f\x82Rs>\xe6\x7f\xc7u\
\xd3\xb6\xeb\x86\x9a\xcb\xb6\x00\x7f\x1f\xf5j\xcd\x0d\xbf\x00\
ypkW\xcd\xce\xad@W\x07^Ys\xc7E\xa0\
\x1f\x9c=\xbf\xe6\xf1\xeb`_\xbf\xfe@\xcd\xefJA\
o\x7f\xe1\x98\x9a\xe7?\x069\xa2\xe4j^\xfc\x15\xe8\
7O\x9d[\xf3_\xe3f\x00\xbf\xad\xad\xadi\x03y\
W\x7fm\xed\x98k\xde\x01=\xbb\xacvl\x19\xac\xe3\
\x8d\x85\xb5S\xb7\x01]\xeez\xadv\xf6\x8d \x8f'\
\xef\xac\x9d\xbb\x13\xf4\xee_\xec\xae=\xfe)\xc0\xc3W\
7\xd4\xb6=\x05\xf4\xa2\xfe\xa2v\xc9c \xefN\x9c\
V\xdb{\x03\xe0\xeb\xef/\xa9UN\x02~\xfehc\
m\xf2\xec\xfb\x01\xfe\xeaZ\xe3F\xd8\xc7\xc6Sko\
\xd7\xe1\xbb\xbb\xcf\xaa\xbd\xf3X\xb0\xf3sck\x1f~\
\xad\x09\xe4{U\xed\xaf\x0f\x07}ec\x7f\xed\xefF\
}\x80\xd0\xa5\xd7\xd6\xee\xfd*\xe0\xdb\xf8{i\xdb?\
\xb9\xf6\xddk\x81\xbe\xf6\xfe\xad\xf6\x931\xb0\x0fO\xdf\
YW\xba\x1b\xce\xf9\xf1\xaf\xd6U$A\x1e\xe6\xbeW\
W{>\xe0w\xfc\xd0\xba\x03\xa7-\x04\xbd^\xa3m\
\xf2\xcd:\xc9\x84\xfd-\xfbu\xddT\xfd\x15\xd0\xb7\x9e\
\xa9\x9b\xf1g\xd0?\xca\xae\xa6\xed\xa6\xa6\xba\xa3\xaf\x01\
\xber\xdf\xd4\xba/\x9d\xf4.\xe8\x9d\x93\xeb:n\x00\
\xfb\x7fVw\xdd\xfa=\x00w\xf0\xe0\xba\x0d\x93a\xbc\
\xb7\xf6\xd6is\xd7\x82<}\xbc\xee\x9b\x1f\xc1~\x1e\
\xfd\xbd\xba\x0b\x8e\x06\xfc9gR\xddex\xfc\x81\xf2\
\xba+\xff2\x15\xec\xbe\x9f\xd7]\xb5\x0a\xe8a\xf7\xc6\
\xba\xab\x8f\x04|\xff\xcd\xedu\xd7-\x03\xbcz\xf2\xbf\
\xebn |\xe2\xa1\xba\xdbV\x81\xdc|\xa6\xb7\xee\x91\
A\xf8\xbe\xfc\x89\xba_m\x00y\x7f\xca\x0c\xda\xfex\
~\xdd\x93;\x80?\x1d\xd6[\xf7\xdcu\x80\xa7\xf7\xfd\
\xa9\xee\xf9\xb50\x9fKJ\xeb>\x9a\x0d\xe79\xf0d\
\xdd_?\x04\xfb\xbf\xa9\xb5\xeeo\xa7\xc19>\x7f7\
\x0c\xfe\xe1K`\xa9\xa19\xa8\x19\xc5\x91\x85rHF\
i\xa4\xa2\xad\xd0\xc6\xa1\xfd\x04iHB\x09\xa4\xc0\x7f\
\x07\xe0\xbf\x062\xe9o+\xb1x/\x87\xff\xaf]\xa7\
\x18\xa6\xaak\xd2\xdalB\xb6\x14`\xf7\xa8\xf2\xa4\x84\
\xd2'\xe7\xd2V\x09\x06\xbd\x1d\x0d\xa3~\xe8:\x84\xb6\
\x01\x10\x0d\xe9\xf0_\x05\xc0`\x80{\xc9`\x09\xf8]\
\x03\xfc|\x03\x0c\xa9\xa3\x0c\xca\xc209\xf8\xa6\x17&\
!\xc1\x17\xf8\xbf\xf8/\x1a\xea\x83\xaf\x93\xf07#`\
z\xf8;\x0c\xd5\x82\x9f\xe2\xceO\x06\x8c\x91%c\xe0\
\x9f\xa7:\xd3\x9e;\xdc\xaf\x0cm\x93TSR\xb5\x01\
9\xad&\x1a\xa4lZ\x91ME\x8a\xa7\x94x\xbfd\
\xa5\x14)\xa5[\xf0\x91\x14\xd7\xb5>59\xd5\xbf\xb2\
Ih\x9d\xb8%0Z/\xfcl!\xd9\x19%\xd6\xa2\
X\xb2\xc4v\x88\x00h\xee\xd5s\xd6\x1a\xb9\x97\x00\xe8\
E]\xd0a\xc0\x03\x04/\xd5\x80\xff)\xe4D\xf0\xe2\
\x87a\xe1\x06\xd9\x9a\x1e\xe1k\xbc!xK\x8fB'\
\x92o,\xf8\x8d\xef\xef\xceT\xe6\xb4\xe9\x83Z\xd2\x90\
\x13\x8ad\xe6\xe2q\xc54\xa5\xe1>C\xcf\xf4\x0c\xd0\
\xd9m\x93\x8e:Q\x1a\xb6t\xe7g\xfftODm\
\xe4\xe4\xe20)\x03\xce\x01\xffW\xf2M\x9f\x9e\x06\xfe\
o\xd6}R\x1ce\xf0T\xd2\xba\x9c\x90\xda\x94\xde\x5c\
\xd2?\xd0t\xb4\x98\xec\x80N\x06\xe0\x00\xc5\xa1\x9b\x1c\
pu\x0e\xb8\xc5\x86\xa1\x1bM~x\xf3\x8a\x9a8\xfe\
\x02\xefw/ \x8f\xe2@\x1f\xed@\xefR\x08\x82\xf8\
\xc1OA\xab\xa1#\x9e.\xc6\xb8,\xf9\xd7\x10;>\
\xf8\x1d_\xf7j\xc0*C\xea4\xf4\xcdJ\xdc2\x83\
\x00\xad+jN\xb5\xdd\x96\xdc\x9bV\xc2\x11ks^\
r\xfe\xf7 \xd8Q\x94\x01\xec7v\xedDk`\xbe\
\x12j\x87\xc3\xb2\x0f}3\xe1\x03I\xc6\x1f\xb2\xa8\x91\
l\xc9fh\xf1\xcfs\x81m\xcdC\x0b\xd0\xd1\xd0.\
\x80\x9f\xe6\xc1\xbf\xe6\xa3c\xc8\xdfL\xc6\xb2T\x98c\
\x1c\xa0\xa4\xc9\xa1\xef\x85\xdf\xc9\xc2\xb6J\xe4o\x0a|\
C\x7f\x1ar8\x14\xed\x9f\x85\x7f'X?\x8c<\x19\
8\x08\x15CrV\xdd\xf1\xd6\x83\xd7\xef\xbb\xe6\xecw\
\xf6\xecy\xe7\xbc\x8b\xf7=p\xe5\xdb\x17\xefn\x90\xde\
\xbe\xe9\xebs\xe7\xcc[p\xf4\x9c\x05s\xe7\x1d=\xff\
\x18\xf8\xc5\x1d\xe7\xbc\xf5\xc05\xfb\xee\xff\xf6\xdb?\xbe\
\xe6\x9d\xdb~\xf0\xee\xae\x9b\xe0\xbb\xb7\x1e|x\xdf\xe5\
;\xde\xf9\xce\xf5\xef\xdc}\xc5;\xd7\xeez\xe7\xf2\x9f\
\xe0M\xa9j\x8e[\xebU-\xa1\x0f\x92]\xa9e'\
\xa9\xc2Z\xc4q\xcb\xdfy\xf8\xccwv\xdd\x1f\xd0\xa3\
\x1e\xb5\xc29'\x08\xa7\xd4\x9d\x9d\x94\x05(^z\xac\
\xa2\xb0\xf6]\x7fV\x00\xb8\x18\xea\xe4\xec\x98\x0f\xff\xee\
\xedW\xc0\xe4\x03\xbe\xef\x006\xde\xc9(\xb7\x0f\x06\x1b\
 \xff\xc6G\xa2\x92m6\xc8\x96\xe6`\x12\x0a9\x88\
\xb4\xeb\xc8\xd3\xaeC\xe7\xecz\xc2\xbb\xb7\xef~\xf7\xa1\
\xcb\xde\xfe\xe6\x0f\xc5\x9d\x9e\x1a0\xfe\xa9\xfb1~\xbc\
\xb8\x0d\x13\xe63\x8e\xcf\xc7\xde\xbb\xa0\xc94\xb8N\xcf\
+\xb1L\x18\xae\x0f\xfe:Hp\x93\x93w\xec\xdd\x07\
o\x7f\xeb\xfe{CO\xb8\x01\x96H\x19\x85J$b\
\xdc\x05\xbb\x8f\xd0|\x9a\xc9<>\xe5\x9a\xf7n\xd9\xfe\
\xee\xedg\xbd\xfd\x83;\xdf\xdd\xf5\xc3\xa9#\x06\xab\xa0\
-\xf0o\xc2\xd0\x82\xc0\xbes\xde%o_\xf0\x1fS\
\x03\x11\xa8\x19\xfd\x19\xba\xe0\x0d\xe6\xf8[\xda\x9cH\xe0\
\x8f\xc7@\xbbF\xd9b\xad\x04\x96!'\x95\x16}\x0b\
\xe94\x1a\x90X&\xa4\xabP\xd2\xe5\x98\xd7*kq\
%\x9d\xa7\xefX\xe8k+\x0b\x06\x90\xac\xd8\xbb\xa2\x15\
\x0bs#\x93\xa7\xfb:\xf40\x88\x1f\xcc\x1f\xf6\x12~\
n\x12d\xcc\x11\xc4\xb1O\xee\x0c\x82\xa2\xb4U\xc9\x96\
Q\x8dF!\xfb\x9e!\xa8F\x85\xcc\x0c\xe0\x9b\xdb\xe0\
\xbf\x8b\x9c)\x1c\xdel(\xd2\x90\x9e\x03F\xc9\xfe1\
(k\x96d\xe9R\x02\x04\x0c0\xd0\x19\xc3\xdbf,\
\xc2\x13\x1c\xdd\xaci\xba%[\xc0/a\xd1\x03\xb2I\
\xe67\xcb\xbf<\xdf\xc8>\x89\xcb\x96\x0d\x02\x17\x0f\x11\
\x0e<\x06\xa2\xcc$L\x11\x96\xebt\x8f\xb4\xc9F?\
\xeeT\xd7\x9c\xcd\x12P\xc9\xf5j\x22\xa9P5(\x0a\
\x13\xa2\xec\x95\xf7(\xebP\x93)+\xb4K%\xf0z\
\x05\xcf\x9dwX\x93R2Jh\x87i\xe8\x14\xc6\xb8\
1\x16\x9aD\xc9\x93\x08\xe3v\xb6\x98\xf3\x8a\xe6\xb4\xa1\
\xc8\x89!I\xd9\xa2\x9a\x16V\xf0\xc8\x96b\xd8\xd1\x16\
8\xe56UN\xebI\xa6h\xb4\x12\x19\x99\x10N\xd7\
\xdeG\x8b\xfc^\x17\x90'\xd6\xa2\xe7\xb4\x84\xaa%%\
\x80\x12\x04\xae(\xac\xf5v:\x02\xad\x22\x92\xb7\x97`\
\x91\x8da\x98\xf8,\xc6\x06\x0d\xf4\x81\xb0S5\xad \
e\x93\xba1$i2\xdd1/\xc4\xf1d\x1a\xae\xde\
\x82\xbaTe\xf7o\x0a\xea\x1b\x05jM\x132\xe7=\
*\x96)\xf84\x03\xbf\x97<\xb3\xc7\xff\xa5\xd4aP\
\xcd\x9e\xcf{\x15LW2\x943r\xaa\xa1$\x82`\
QY\x87\xf5F\xcb\xb5y\xa3V\xaf\x08\xfa\x1c3\x16\
\xbc\xd7)\xd7d\xcb\x01k\xacT\xe0\x5cW\x89\x9c\x88\
\xb1\xf88\xa1\x5cz\xf6\xaa\xa3\x13\xe9\xe4\xafX4d\
\x08\x92}\xe6\x9c\x0b\xa6/\x95\xd0\x17_\xd9D`$\
\x12\xa8d\x86%\xadT\xb4\x9c\xd4\x9d\xd2\x0d+\x9e#\
\xe8\x1f\xa5\xa8\xdc*\x1b\x09\xa6\x8av\xb9\x95:2\x03\
#\x9f\x85\xc3\xf1\xafK1\x15K\xa2\x10\x83\x80\x17\x85\
\x7f\xc0\x0b\xb2Ckd\xb3_\xd8\x99bYfP\xdf\
I\xa4o\x96\xeaE\xc4\xfe\x22\xd2L\xc0\xd8*\xdcK\
\xc2\xdd\xc2`4\xa1n2e\x85\x9c\x08\xd5,=\xd0\
\x98\xe6\x16\x17\xc6j\xc4\xff\xe3d\xdf\x0d\xbc-\x0e\x8c\
\x14@cn\x1a\x87a\x1a\x1b\x1b\xc3\x86<\x02\x14\xa5\
9\x00\xf0\x04\xc7\xb6H\x91#Q\x09\x03\xb0\x89\x7f&\
g\xa1\xf5s\xa4\x13\xa4\x84jb\xcd;1\x13\x83\x9d\
\xd4\x0a|\xc6R\xba\xc1bL\xe4\xd2\x8ag\x80r8\
\xeb\xf9(\xc5%\xde\xbc\xf9\xa9\xc2\xbd6\xc1NP\x9d\
\x9dbh\x8e`c\x06d\x91\xc5Dr\x86\xe9\xab\x8a\
\x83\xa3}\x8c\xeb\xdb\x9a\xbe\xe1X\xcd\xe2\xee\xd5\x83\x1e\
\xaf\x08\x0b\x9a\xd2\x9c\x83]\x02\x1eiIr\x9f\x05v\
\x09\xd9\xb8\x84\xae)R\xfdQJ\x11\x0b,\x0a\xdb\xf2\
\x83\xc0\xa2\x83\xceO\xecLz\x14\xee\xdc\xc0;{\x96\
JM\xb0$!\xa2\x0c9I\x8e\x8c\xe3)L\xc9\x06\
\xea\xe0e\xfe\xc1&\x83RI\xed\x1e\xdd\xb5\xd7\x22\x87\
+o\xcd\x99\x96\x9e)\x0c\xac\x114^z\x84\x06Q\
\x0c\xd3\x84\xe1d\x0b\x0ePG\x07\x90\xda58\xaf\x01\
\xb9\x88\x0d\x9e\x00\x9a5%\x16UD\x1d.v\xdbd\
5=T\x18N%\xc0\xc1b\xc4\x14u\x82!\xb3\x98\
\x8e\xcb\x88\x0c\xe2\x07\x10Y\xa6\xe7\x8cbP\x83u\x14\
\xc6,\xc3]\x8b\x184\x86V\x12\x92 \xc4\xc3\x8fg\
\xa5\xaa\xe5\x8aA\xacI\xd0\x1do\x94\xc9\xecg\xff\xb6\
U\xac\xd45+U\xcc\xc6\xcd#\xf2Q\x22\xcce\xc8\
\x85\xa6&\x939&\xb12\xb1T\xa1\xf2\x80/w\xec\
*\x9d\x10\xa5)\xc9\x03pL\x98\xf1\x14\x1e\xb0\x16\xad\
%\xf8C\xfd\x1b[\xf9\xb6\xaf\x06\x92,\xdc}Za\
N\xec\x80\xacf\x1c\xb78\x0a:\xd89\xd0|\xb24\
J\xe5\xe8\x1a5S\xc4d\xa7\x83\xb6\x9au\xa6\xa9\xb0\
-\x0d\x03]G@\xe7\xb2\xd2\xea,\xd6z\x8b\xc0#\
\x09\xd4T\x95(\xaaYA\xf9W\xc8\x91).\xa4\xae\
\xc0\x13\xd6\xa9\xc8/\xb4\xc1\x18f6\xc4\xd2\xf4(\x9c\
k\x0c5\x99\x04\xd6\xbcf([\x14\xdevS\xad\x9a\
1\x10?\xde\x96\xafW\x94\xfeb\xd0v\x16\xd1\xaa\x0c\
\x86\xa6\x5cR\xaa>\xf5\x98\x0b\x94\x03R\x98:%\x22\
'sZZ\xcd\xa8VQ\x82\xb2(92\x9a\x82\xf0\
\xe9\x0d\xc1\xba3\xf5\xfe*d\xea\x98\xa1R\x06\x8b\x91\
\x22\x09\xff~\x0f~\xc7\xa7}`kZ6M\x89h\
\xa7\xf5\x8b\xb5dZ5S\x92\xae\xa5\x87f\x86\x8f[\
\xac\xbe\x14\xdc{B\xb0\xe0\xe2t\xc5D\x94MW\xc1\
P\x1a\x1c\xa7\xa6A\x10\x8a\x9b\xea\xf5DG\xe2\xd4\x9b\
\x16V;\xa1M1\xe3\x86J(@\xaa\xa7\x94 \xa7\
\xf3,uJ\xe0\x16\x07(y\xb8\x1f\xd9\xc5pX1\
\xd4A\x8e\xc6\xbda\x91V9M\xce\xb8\x92\xb8\x83m\
\x7f\xe04\x82\x16Y\xe2\xc54\xd8^e\x09\xa2X\xcc\
\xc3\xc1\x07\x1f\xdb*g-lNw\xc7\x0dE\xd1\xcc\
\x94n\xf9\x01N\xf1\x00\xf4\xf84\x04)k\x03\xa3\x9e\
L?\xa4\x05\xb0\x0e\x99\x19i\x22<\xcd\xa1\xea\x01\x82\
t\x03\xe4H$r\x08\xa2\x0er\x80=\x82\xa1@\xa3\
)\x09i\x15\xa8]\xfeq\x1a\x19\x9aQ\x97\xab\xe5(\
\x85\x06\xb1zT2\x8aI\x10{.:N0\x14\xc6\
\x02\x0a\x0e(\xc0F\xd5\xb9\xc7iR\x9f\x9aV\x02\x16\
1\x87\xe0OV\xd8\xdd>\xf8\xb7\xe6\xf3R\xf9\x8fz\
\x1c\x81C\xd0SZ\x92\xd3\xe2\x96\xed\x83v\xc1\x9f\x07\
\xfc^!~f\x990\x0c\xeee-|C\x10e#\
\xe8z\x00bl\x043\xce`\xbc\xc9b;o\xbbl\
\xbd\x82K\x22K\x0a:\xab\x04s\xf0\x06#\xd4\x81m\
\x86\x9e\x95tCb\x22.\x1f^\x9d\x84\xd6\x91\xd3\x8e\
\xb3mL\x11.\xa93\xce\xd9L\xa0o\xc66*\xfc\
\xdcJf\x9cFG23\xfbH8\x04N\x9c\x87\xb6\
\xe52YiM\x0a\xbb/\xcc\xfae\xba\xb5B\x19j\
j\xb5\x8c\xf4\x91\xcdi\xeb\xc8\xb6\x99\xfe\xb1g\xa1\xa5\
dc\x15\xe7\x10\x0bc\xc7\xb8\xa5\x8a\xa6\x18\x98\xc1\xe4\
C\x8fN\x8f\xe2\xe2\xdf?\xbf\xea\x12~\x0e\x22\xf6\x03\
\xb2K6\x014\xdb\x8a\x0d\xdfk\xea\x1bpO\x06\x0b\
\xfaV\xb0\x9cm\x12\xf3\xdb\xca\xa2\x9a<\x06\x06X\xdd\
\xda\xc5.\xeerF\x10\xc46\xb6<\xafC)M\xb6\
\xd0\x22<\xb5\x97Y_M\xec\x86\x84RG\x0fY\x10\
\x96\xad\xfc\xee\xe3@\x18\xd1\xcc\xc5S\x92lYF\x93\
4\xdc\x07T\xd1\x83\xdd3\xdb\x82\x8e\xcc^\x8b\xc8~\
\xecQ\xa8'1G\x90\x83\xc3?\x00/\x87]\xac\x00\
xC1sik[\x10\x8bk&\x8c\x9a2\x0a\x83\
x\x80TF&\xe2MT\xd5\xea\xac\xa2I\x1dz\xd2\
\x0cB\xe70\x0d\xd0\x8d\x02fA\x22\x1a\xeb#\x9e\x80\
\xe1N$\xce\xd68\xdbpE\xa0X/;\xd2\x1d\xcb\
.K\xd8\x09vo'\x9c\xc1\x0e\xc2:\x92$K}\
\x8c!a\x84\xca\x02\x11\x03\x1b\x1c\x0abN\x5c\x12%\
\xfc\xb2 \xefaL\x88\x83\xbc*\xe64\x8e\x03\x10\xd8\
\x08\xc9\x90[4\x95X\xf1IF\xaef8\xa1\x08\xe7\
t\xc0\xb0\x96\xcbl\x93\xd4\x8c\x9cTL\xc9\x0c\xa5\x8f\
r8\xf76\xd4\x22x\xd7\xdbZ\xf0W\xd5\x8b\x13\xaa\
\x85\xf9\xb4\xfda\x87\xe0\xdc\xce\xef\xda\xa6>\x11\x85\xed\
\x8d\xd7\xad\x8d=\xae\xdc\xa5}X!\x97\xf6\xf0\xb6E\
\x81\xd3\xa9$\x22y\xb3\x803\xa5\xcc\xb5\xea\xfb\xb4(\
-\xd1\xd7k2\xac6\xcd\xc8\xc0\xed%\xe0\x1e\xc3X\
kJ\xd7M\xaan5\x05B\xf9\x82\x5c\xee>\xb8\xb5\
\x0c.%\xcf\xb4K\x85\xb4\x0c=xI#\xf5\xb7\xf9\
\x00\x9c\xcaX\x9f}\xc5\x99#z<\xf5\xa6\xc7\x9d\xf9\
\xf05ze\x0a\xa5L\xee\x84\xca\x92\xbf\xd3kdN\
%S[\xf5\x5c:!i\xba\x05\x12FKH&\x18\
\x07q\x85H\x1b\xa9\x0fhsx[\xe0\xe4\xa6\xb9t\
c\x8d\x0c4\xe0\xf6e\x09\x8a\x1a\xd5\x93W)\x83\xe1\
\xab\x1d\xa9\xb2\xed\x03p0A!7\xfa\x07\x80\xa1\xc7\
\x1c\x0e\xa6-P\x8f\x1e \xec9<\xea&M\xce\xc9\
V\xf1-\xce\xed\xdaT3\x9b\x96\xe9\x1d\x00\xd9O\x1c\
\xb0B5\xfb\xc0\xe1\xbb\x80\xab\xdbvP\x9aD\xa9P\
\x1e\xde@v\xf93\x22\xcf\xec\x08\x06[\xdc\x1b\xcc4\
\xe5\xf7[b\xc4\x0e\xe7R\x8d\xccjj\x90\x80[\xf5\
*`\x03\xcap\xe0$\xaa\x86\x9c7\x99c<%\xc3\
\x1f\xb0]\x15B\xde\x8b\x81\x01g\x89\xd1\xe9\xf6\xfe\x97\
/\xde\x92\xd5\x8d\xe0UM\xf1\xf6\x829v\x07lW\
\x0d\x85\x81%Q\xd8\x06Ms\xc5\x9cP\xc7\xaa\x122\
%\x1b\x5c\x1f(/\x94\x1d\xfb\xc0-\x09\x00\x87\xf7]\
)\x92\xac\x9a<\xe44e\x09\x19\x0b\xf3T\xac\x1d\x8a\
\xe4\xd4\x14FKR\xc0\x1c\x92\x04\xd9\x0c\x22g\xf8\x82\
j9tS\x1e\x08cV\xcd\xe2|\xb9\xf9\xb6DM\
\x07\xf78\xd1\xdd\x83\xdc\xa6\xe8Dq\xb4\xaf\x97\x13\x8e\
\x0eF\xb1L\x0btRN\xc4#H\xad)YK\xc2\
\x1c\x17o\xb1\x14\x03l\xd6\x10D\x9a\x1eHg\xee\xad\
\xe6\xbc?J@c\xab\xb5)D@-\x85\x0d\x13\xaf\
\xdf\xca\x96\xe6\xd4\x84\x12\x82\x8d\xed\xccUT\x00\x1b\xdb\
3\xfb\x83\x8d\xaa\x1b\xb8\x0f\x5c\x1elL\x15\xf4\x93\xa8\
\xc4\xcc\xe4\xd4\xddH\xe6ns\x8c`n@\xaf_E\
\xaf\x0a\xbf\x8d\x99\xdfN\xc3\xea$\xee]i\x94V\xe6\
LK\xeaU$\xdb\xcb\x82y\x82\x0c\x1a\x0dc\x0c\x8d\
\x81s\xbf\xae\x88\x03\xb5\xed\x02\xef\x0a\xd6\xb2\xd5\x99E\
\xf2\xbe\x06F!\xa2C\xb1\x97\x99o6gt\xff\x9d\
\xafx\x85\xbdb\x22\xe24\xb2\xe0\xb5&_,\x88\x07\
\xbcR\x87I6H9-\x01m\x5c\x07\x05\xb2AJ\
\x0deS\xa0$\xe7\xd9\x88(\xb94\x8f\xbbT\xecR\
\xb0\x10C\xf8i\x97[\xfb\xe7\xca\x05\xa8\xfdIUK\
\x86\x08\xbb\x16\x12\x1b\x93v\x90\xa2\x8f\xf9REOz\
]\x87\x0e\xd6\xb1\x0a\xfa\x8d\xa6ZJ\x08!Nv\x81\
\xda\xc2\x1c\xd2q\x97\x87;F\x00m\x91,5Cm\
\xd0\x80Ew\x11{LT\xad\xcaV\xea93\x98\x04\
\xc7\x02\xd2\xaa,\x14\x93\x0d\xce\x17\x0eFZ\x1a\xc6\x0b\
\xecx\x5c^?=Wq<\x22A8\xffq\x8e\xb7\
\x9e\x5c\xaba\x92\x0c>\xc7rj\x00\xf23\x04\xe3.\
\x94\xe3\xe6\xb9\x0f\xf7}\x9f\xf6\xf0[<\xf3\xd5h\x85\
\xc8\x83\x88Kb\x16\xd0\x86\x8e\xfaE\xc5\x02\xcdD\xc7\
\xc3\xff\xd6\x10\xfeL{\xda.\x0c\xbfC\x01C\xe0N\
\x8bY\xabWPF&a^jJ\xf5\xb3\x1a\xf5~\
\xaa\x89\xcc<\xfe\xf8f0\x95\xec\xdf\xcf\x0c9\xe1\xd5\
>\xfb\xb4\x8cDJ\x06~\xbe!\xc0<U<\xd7\xf5\
t\x9a\xb6\x1d\xe9\xbe\x19,|\x90\xb3:i 05\
\xb7\xc0\xa4\x97\xf0\xcf\x96\x84oF\xed\xcb\xe5|\xe7\x1b\
\x03\x99a\x90\xbbd\x97\x1a\xd3\xa5\x00\xa5\x07\xb3\xe7s\
\x98?1\xe9\xf4\xe3Z f]\xbd\x8c\xe5\xdaV\xb2\
\xcaB\x12\xd3,@\xfa\x13B\xe8q\xc7\xaf\xe5\xd1\x1a\
\x9d;\x06\xaagb\xc6\xf8\xb0cy\xd0{2\xbc\x03\
\xdc\x9e;\x8e\xceU\x1aT\xe1\xf4\xf4\x01\xc50@\xe4\
\x11\x0d3\x9e3\x0c\x05L;z\xbe@NI5\xde\
\x88#\x12,U\xcb)\x8bF\xbc:\x1a\xf0\x8d\xcfl\
\xab\x13\xa0\x19'\xf3\xd1\x98r\x90v\xee\xb2\xa8\x8b\x81\
\x9e)\x8e\xf9I\xa1A\xf2\x95\xe0\x90\x81\xdf\xdb\xc1\x9d\
\xefynV\xf8\xf9\x9eHW\x87\xe3x\xc8\x02Mr\
\xe34\x08\xdc\x17~\xc6ak\xd2\x8c\xe1\xd4\xa0\x96\xa0\
\x0e\x9c\x19 \xb0\xe2:\xb0'\x09$\x95:\xa04\x86\
\xaa\xaf\x9b\x09N\xe6<\xc4Z\xda\x95\xd3B\xa8{i\
\xa0.\x16\xe9\x0e\xd3\xc0\xa6\xb8{\xb8bRE\xea\x89\
a\x08L_2\x8bV\x92\xbcH#\x18\xc8\x8c\xbe\xc3\
\xd5\xa4\xac\x87\xc7\xb8\x89+!x\xdal\x07\x8b;\x8a\
\x81G\xf9\xe3uei\x14\xbd#\xeb\xbd\xc1\xdb\xa2\xd4\
\x9d\xcb\xe6F\x09\x12\xd4C\xe6\x97\xe9\xcb\x81\x82\x88)\
\xd5\x0e\xdf6\xc1JJ\x83\xbc\x0d>\xbfe\xc4\xc8\xa3\
jD\xfem\xb1\x93\x17t\xe2\xf3T\xc9\x84,\xb2T\
|\x08|b\x93\xd8\xc4\x88\xf1\xa3\x9aN\xe0S\xf0\xf8\
\xf5DX\x9a\x8e\x0f9K6\x84\xd2g\x9a\xa9i\xee\
p\x97q\xdd\x8al\xc4S\x92\xa5d\xc0\x10\xb4\x14\x93\
\xc5\xba\xf8@\x87\xc7\xd6xu(;*\xd5\xaf\xb1\x0a\
\x9e<\x9b\xd1\x07\x8e\xb5\xb0\x888\x1e\xd3\x89\xc1v3\
`\x8eo\x13\x85H\x1eA\x9a6\x85\x90Q\x1bA\x17\
\xe6\x05\x17\xc8\xc8\x0a\x11\xf5Q\xf4+\x1b\x15\xb9n \
\xdc\xf5\xf8:,\x0fE\x8e\xa08\x9b\xe2\xd0c\x82s\
]V\x189\xe6\x80\x5c\xe6\xf0y\x04TB\xc8\x8c\x91\
\x80\xe1\xd9\xf4\xc5G9\x90\x8c\x12\xd7\xb3\xaa\x872\x82\
\x07j\xf4\x0cD\xffUx\x98\xc9t\x18\xe2H)f\
\x9c\xf9\xaeq\xdc~\xb4bG\xa3\x9e\xc5bF[\xc8\
\x8e/\x18\xdd\xc5\xa3\x1b\xf2\xc5\x98z\xb7\x92\xe8\xf6\xb2\
+\xbe4\x8c\xea\xc4%\xd2\xb8B\x9d\xc4\x94X$\x9c\
^-z\xa1\x86\xd2\x9bS\xd3V\x11\x0b\x9dG\x84\xba\
\xca\x9c\xe6\x09\xe6\xd0S]\xd7]\x1e\xb6\xc2\xefL\xd6\
0>\x22\xad\x94\xadx*\xcc>\xd8\xcad\xb9;,\
\x8f\xeb\x16\x12\x01\xad0\x9d\xcc%\x9e\x08k\xa1\xba\xb9\
\xcb\x09\xc1\xf4\x916\xc1\xdf\xec\xfe;UD\xb9v\xb2\
h\x8d\xa0\x88\x10\x85,%\x9b`La\xcfE\x02\xdb\
\x94X\xec5\x02\xe3wy\xa2\xf1_\xb1\x0a\x93\x09V\
Rn\x09A\x92>\xe6\x0e\x1f\x91\xe7\x22`Iaj\
\x9cD\xdc\x7ff\xc0fQ\x8bV\xdc\x8a\x84g#:\
\xf1F\x10\x8c\x1c\x84\x0d\xc8\xe8\x09\xb5\x0f\xd3\xb9\xe28\
H|\x9b\x80u\xb9A\x03l6\xfc[\xc3\xbbg\x8b\
BT\x1bwR\x12\xe7\xd3\x95,\xff\xa8)\xc4\xf1\xda\
\x0c3\xb6\xaf\xae\x1d\x5c\xe4,w\xbdlhaxV\
K\x06u4>1\xba\x17kh!\xb6\x1f\xde\xa2^\
\xd0\x07q,'\xe6*\xdc\xa3^%'z{\xcc\x94\
\x92N\x87\xcc\xd5\xee\x8a)\xb3\x87$\x88dP\x96{\
wq\xf7\x9c\xda\x93\xc8e\xb2!Ny\x0c\x00\xeb\xa2\
\x16C\x8a\x1e\x82*[\xb8\x12%'\x12=\x16\x9cM\
O\x9f\xba%\xc4\xd7Du\xe3~.\xc3z\xe5x\x7f\
\xc8\xb7q\xef\xc5Io\xc8\xc5\xc9\x1c\x00\xab\xc3\x94z\
\x08\xf1\xf5\xb0\xc0\x1e\xecl\xd6\x9d[\xbb\x1ebg\xb2\
\x90D\xae\xc2\x00\xc8\x1eU\xebI\xe9\x86\xba\x15T|\
9\xdd\x13Wp\xe8a\x88\xbdo\x8f\x83\xb3Zz\x18\
\x9ec\x8f'\xb7\xdck0D\xbd\xaf\xc7$7\x82!\
\x9aP(\x18\xf6\x93L\x14\x0c~\xf37\xde\x05\x14\x1a\
9\xcc\x0d6\x9f\xf5\xb6\x13\xc2\xf0r{\x08\x0bN\x93\
M\xe9aq]q\x07\xf7\x92\x82\xff`2\x00\x8e\xe7\
0\x8f\xec\x89\xebi\xdd\xe8\xc9*\x06\xde\x0f9\x19\xe6\
\x8b\xa0\xce\x0f\x99@&\xab\xe2\xf8\x18\x07\x9b\xd2\xe8\x09\
;\xb3(\xe9\xaa\xba\x90\xa1,\x9eVC\xb0a,\xff\
<h$\xe8\x16:R\xa3\xbf+\xc1\x94>\xc1\xac\xea\
!W^\x16\xe6\x8b\x5cGs\xc0\xf6\xa8}\xc4R\xea\
\xc9`\xc1\x11\xe2U\x12\x071\xd8\x0d\x1e\xb5\xcc\x84\xac\
F\x0a\xd2P`\x8b\xd5\x01%\xefJ\xb3d\xaa\x841\
\xbaV\x9a\xed\xd5\xe5\x10#{\x8a\xa3\xd0\xd0c7\x19\
%X\xd4h\xe3\xce-\xaa\xc7\x00\xb7\xe0Q\xfc\x01\xfc\
\x89\xc6?x33+X\x80x`\xa7\xf1$\xcfD\
\x06\xb3\xd5\xdei\xd1\x17\x16M\x18\xf2 \xde\xd0\x10\x9b\
-F\x90\xd2;`\xb9\xa2\x85\x8e7\xc5\x89b5\xc8\
\x8a)\xfd\xd3LOM\x5c\xb1\xa2\xe1\x8b[L\xea}\
\x06\xd0y\xc8\x19\xf6\xb1\xcd\xb3\xc1q=IHq\xed\
\x83\xbd\xc3\xb0\xa8n\x14r\x86\xbe\x9bF\xce\xf1\xf0]\
a`\xaf\x06\xe6\x89L\x90\xcd\xa36\xbe\x80\x98\xce\xf2\
\xdc\xd8?\x01\xc3\xeb\xe9UL\x8b\xa2'^c\x18)\
\x8cw\x8d\xe0;\x1e\x0a)\xf4x&\x09\xbd];\xc5\
%\x00\x81\xc06(\x84\xf7\x85\xc0\x80\x9fe\xf6{\xac\
P\xf0\xa3\x1b/\xc2\xec\x91\xe1\xdf\xa6b\x85\x10\xba\x08\
[%\x02\xbd\x98\x1d\x9cHGP\x8db\xb6p\xb40\
\x08q\xccq]\x81\x80aQn\x01\x98\x9a$F\x1c\
\xe7@\xbd\xa0\x8c;\x1c\x88cjR\xb1\x08\xcf\xe9\x1d\
\xea\xb1\xb3\x9f|\xc0\x8ep\x80y\xf70\x18\xe88\x0c\
\xd4\xde\xc2|\x80\xc7;\x80i\xfe\x0e\x06, \x08\x06\
cZ\x00\xc6\x0c\xb9\xd2\xb1{[\xc4\x0a\xeew&d\
\xdf\xc3pXc0,\xac\xda\xe2\xf9\xc4\xf1\x0dJ\x08\
%%IJ\xb6\xc5\xfe\x0b\xcc\x81s\xc3\xa4\xdec\xc1\
\xff\xc9\xbd!w\x83XE\xc2\xf6i\x8a\xcc)\x5cf\
\x8fN\x91\xec\xaf\x02b{4\xbb,\xd0\x09\xaa&\x04\
\xb6\x5c\xa9j}z\x8f\x9cH\x84\xcc\xc3\xd3\xcfYN\
\x9a2\x17>\x0f\x1b\x0e^V\x1a\xb8K\xc8\x19qx\
\x8e\xf8\xe5gD`\x10\xd9[p\x15I\x17\xa1\xd1U\
$C\x88k\xac\xd0\x8f\xda_|\xcc*\xd2S\xd5\xe2\
\x85\x874\x03\x86\x0c\xa3g\xba\xd0,\xf17:Z\xa7\
\xb8\xd0l\xce\x22\xfaf\x880\xc1\x9bK\xb7\x9c\xe3L\
\xb9j\xc2\x06\xf7\x86\x8eg\x12\x94\xc5\xe2c\x90\xccU\
\xdcX\xb3\xa7\xd7\xd0\x07\xcd\x10\xe5p,\xd1\xb0\x92D\
\xb5V\xc8\xddL\x92oPZO\xf6$\xecJ\x10y\
\xba*\xf6\x95\xa8\xbb\xab\x82\xab>\x84\xec\xad\xdd\x95\xed\
1\xdf[\xdc\x11\xefo\x889`\xf7\xa3\xa9\xd9\x1a\xbd\
\xe4\xe4\xe6\x00\xee=\x98\xc7|\x99D\xdc\x19\x18\x9b\xd3\
L\xc5\xf4js\xb1\x8c\x9aH\xa4A\x93\x0cU\xeaf\
\x85\xc1\xc8\xa3B\x1d B\xcd\xafI\x8d'&m\x8e\
\x9cc\x0f1-\x07\xc5\x00\xdc\x0c\xbeb\xeb\x01S+\
\x8c\xdc\xc5\xde9\xc1T\xaa\xa4=s\xd9\x10\xbb\x05\xf7\
\x13\xa7\x1c\xc9\xe8!3\x9cl\x7f\x9bg\xc15\xb8w\
\xa1\x85j\x82Ifx\x98\x7fT#&\x99\x11\xc6\xf3\
'\x11;\xdc\x12,\x7f\x8b\xfa5\xf9Ij\xba\x05\x86\
w\x5c\xb6\xc3\xa0\x03.\xfct\x17G(\xd5Cx\xc1\
$\xb2\xa7\x9c\x1d\x1b\xf6p|0=G8\xb1\x81G\
\x0b1\x1d\xb2$m\xd0\x14\xb3\xbc\xb2r\xd8\x85\xe9\x04\
b\x0b\xdaR\xc0\x8f\xa7\xd5\x06a\xfe\xe1h:\xdee\
\xa1Q\xa5Z\xe0C\xa6+p:\x80\x0f\xd1\xde\xba\xcb\
Z/\x87^z\x88\xa9>E\xec\x91\x073\xea(\x8c\
\xfc\xb81\x9a 0\xd5WH\x8d\x22\x8e\xc6\xa6\x02\xfa\
J\xbf\x12v\xb7\xed\xe9\x17@B56\x84p*\x9a\
\x10\x00F\xa4\xa5j\x07D.\xcc\x95m\xb2\xa8\x22\xde\
\xa9\xccL+J6t<\xf699\xec\x14qK\x0a\
\x87M\xba\xf6\x90\x0aH!\x08j2\xd7\x9f\xc5X\xf9\
\x00\xc1\x17A\xc9%\xb7i\xc0\xce\x07\xd4\xb8\x12:\xe7\
Ab\xc2\x09\x08j\x0e\xaaY%\xc4\xeep>\xcfg\
;\x12\x00\xf9\x0f;\x82\xad\x0d~\x89n\x19!\x96\x9d\
\xc5H\x22\xe9\x92p\x15\x16\xcd\xc5\x0a\xe9\x94#\xc2\xd8\
Kx\x159-\x9c\xf4\x0e&\xd2Eu\x13\x9eO\xff\
\xae\x1d\x94UF\x7f\xa1j\xf7\xf4\x10H\xc1v\xc8X\
\x01b>k$l~nf&\xce/\x9c\xafqH\
!\xb6\x11\x81\x92o6\xa3\x05\x18\xee\x19T\x92\xbea\
c\x8f\x17\xfa\xe5l\xd77\xe7O\xa4oN\xb3\xd40\
n3H\x84\xb0E\xec\xa3p%\xb9n\x10W\x1d(\
\xa0#\x7f\xa1\xb9\xff\xa3\x97\xa6\xf5^9\xfd\xef,/\
P'\x0e1\xb28\xece\x83Z\x82\x86U\x1bB\x10\
-\x8f\xc3\x1e\x08\xf4\xee\xd6\xb0Hl\xc1\xc9\xeb\x05T\
l\xe6\x9d\xaf\xe3\x14\x12\xb3\x1e\x16t\xcf%l\xf5\xf0\
6W\x22\x8a\x0fPQ\x1b0\x8e\xc6\xe41\x17\xf7~\
d\x0e\x86\x02\xe8\x83\x9d\xd4\x9c[\x16;FBg\xc5\
\xeeTr\xfaI!\x5c\x8d\x97\xa8\xd1\xfd1\x84N\xb4\
\x84\xe7\xe2W\xb8\x84Z\xd0\xce\xe2\xd4,\x1c\xd4\x8bc\
@\x0c\x95\xa4$\xc3O\xf6\xb5\x82J\x03\x10\xad\x94j\
\xb2\xc8\x90\xc6|k(\xd9\x84\x9aY\xee\xc1g\xecJ\
D\x0cJ\xb4\xb7\xc7\x9e\x9f\xe6\x04\xcc*\xc4\xebf\x09\
u\xe1\xbc\xb7\xf3\x0d\xc2n\x88\xbf7\x85\x10Aw\x85\
\xa3\x84S\xb6-G\xe0\xe3\xf1\x1a\xd8\xb8\x16\xbb\xea\xd5\
\x9d\xf2n\x0dd\x97u\x1a\xdb\xc3.o\xdcE\xc4f\
\x93\xab\x1a\x1a\xe60\x9b\xccWc\xbb\xdf\xe0dU\xd8\
W\x80\xe2\xf5\x0f\xef%\xb1\xdbI\x99\x14+1\x00J\
\x5c\xcc\x12\xf0\x8cL\x0b&\xe6x\xb9\x1aW\xac\xcb\xad\
+\xe5~\x85\xa6eX)\xd9\x22\x97A\x96\x81\xc30\
y\xbc\xb8\x94\xcd\xf5\xe2\x08E\xc5\xc0!\x89\x03\x8aA\
\xaf\x91\xd8\x1f\xe3\xb2F\xce\x1a\x07\xf2\xb3\x9c^r\x9d\
f)r\x9a\xde\x22\xc9\xf1\xb8\x0e\x1ct\xb6\x94\x90-\
Y\xca\xe8\x9a2\xd4 %\x14\xd32\xf4!\xfa\x05\xfe\
C\x83\x94\x92\x8d\xccl\x9c\x94\x85S\x1b\xd28\xfc\x86\
\xfc1\xaeg\xc0Te\x81\x19\xa1h?\x92\xdb\xa4P\
 \x0d\xfb\x15\xe0V\xe3\x8ba\x1b\xdf!\xf7*\xe9f\
-\x81\x7fK\x99\x85n\x08a\xec2O\x16\xe0\xcc\xa1\
\x85\x98\xc7\xf9\xbb\x1fQ\x5c\xac\x86/\x03\xdf\x0e\xc8\x08\
\x87\x5c|\x14\x88\xee\x8d\xc3\xe1\xd6\xa50\x1aN\xafZ\
B\x02j\xf6wE\xc1c\xd4\xd8c\x14\x01{:j\
g+(J\xbc-\xd51\xe2r\xf1Vk\x03\xa6b\
\x8e\xe9\x88\xab\x84\xed\x1d\xb5Jw\xcd\xa0{P\xb5\xe2\
\xa9\x96\x9ce\xe9\x1a\xfb\xbc\x1b}\xc0\xed\xbaS\xa8o\
8\xfc\xfbZR\x8e\xc3d\x15\x18\xb9\x8f\xac\xa2M5\
\xed\xe8\xc0\xca\x0eU\xeb7[d\x83\xd9\x8eK\x00\xf3\
O\xe6c,i>\xd9\xff\x15\x0e9\xc4\x8cq\x19\xac\
]p\xe7,U\xade\xb9^\xff\xe7T\x08eX4\
\xa4\xe5*\xccV\xd6\x0dt\xaa\xf8\xfbl$r'M\
6\xd6\x9d\xf5\x13\xf7\xc2\xf2\x04\xa9\xf0bJ\x5c\xf2d\
\xc9\xff+\x9e\x82\x17S\xc8\xd8\x12\x1e\xd7\x0eZ\xc1\x85\
|\xc4k\x1d\xf7\xa4\xc6\xa3N\x96\xad\xa9\x93\xf3v\x93\
\x5cEwV\xd7L\xea\x1br\xf7\x9b\x16\xc8\x084j\
Tx&\x15\xc5\xe4\xdf\xa1\x0c(ir\xb8U\x1dz\
\xd2U\x9f\xb1\x83\x09Uw]\xc8\xb2V\xdb\xc9\xe8\xe9\
\x10\x83\xbd\xb7\xd3\xa2]\x9f\xeb\x949x>\x1f\xebK\
v\x16.K\xda\x0c9\x19\xd0\xa7\x1epF%I\x8b\
v\x1a\x97/\x13\xd4\x13LV\x0b\xb4\x85K\x00\x01\xa3\
\xb4\xe3\xc8<0\xf7/\xb3\xd4\xb7\xf6Nf\x22\xb9\xd6\
\xdei\x9bH\x9e\xcf\xa3d\x1d\x9b\xdd\xe1\x94\x9d\xaa\x16\
\xf0)\x0dw\x97I,k\xc2\x1bwk\xe62J`\
\x1f\x1a\xa0\xd1\xe7\x1b\xa4l\xad\x96\x0d\x1c\xc6\xae\xf8\xeb\
\xdb\x01!&BU\x06\xf1\xfa\x03z7\x92\xd4KV\
:\xc4Q\xdep$\xf6Qn\xe5\x8b\xba\x1fy\xe8\xd1\
z0R\xb0\xbc\xc4y^z\xffQL\xc5J\x07\x0e\
26\xcf\xe1T\x18$\xf2\xd5\x0c\xc1\xb38\xbb\xfcf\
\xf1B|;H\x9dVRpl\xa5\xacj.\xecw\
\x95T\x104Y\x9a\xdf\x1d\xd4G\x0a(\xee\x1b\x0f\x84\
Rcg\x89/\xb6=\xbc\xfe\xf1]5\x0c\x84\xb2F\
\xb6;\xd9\xdb#\xcaG\xe7_\x87\xc2\x8f\xf2j\x5c\x9c\
\xea\x16oQ\x037c\x02\xa9\xea\xd4G\x16\x96\x09\x10\
@\x91v\xe6o\xf6v<X \x0bo\x9c\xac@\xa3\
\x84L\xec\xa2\x14\x8dA\x80\xbe\x1bZ\xfb4\xa8\xb06\
\x0e\xe8\x09\x8b\xaf\xf6\xd7b\xb5-\x85\xbdy\x12\x97\xfd\
\xa5\x85yH\x14\xaf\x18z|\xa7Xh{0\xa5\x90\
\xaa\xc8X\x1fM\xe2pH\x16\x83\xad\xf2|g\x90\x05\
\x06`\xae\x95\x1e\x9a\x1a\x8c\x04\x8b\x03\xab$W\x08\x05\
\x9b\xbd}\xa6x\xe3\xb5\xddU`99w\xe54P\
\x19\x12\x81@F\x93\xd2\xb8B\xa11\xde\xcd.u\x13\
\xd4-\x16\x98\x14V\xce\xb3\xc1\xfc\x0bl&\x07A\x0d\
5S\x18E\xb10_0\x83W\xd8\xcek \xf9\x8a\
\x0d4\xbajI\xe3\x5c\xb4<h\x15\x13b\x19\x85\x1c\
\x0d\xec\xda\x08\x1c\x1aKe_\xf8\xb2P(\xc6\x8eX\
\x0e\xea\xfb\x08;L\xc5\x89\xa4\xcd9i\x10B\xad\x5c\
'\x9d\xc0\x22\x86\x94\xe5d\xac\xa9L\x9e\x8b(/{\
\x0a\x86b\x8a\xc6\xa6\xa7F\xbe\xcd\xb1\x82\xe0\x0dN\x9e\
\x18\xdd4\xcb)\x1f\x221wO\x86\xb8\xe6\xd2\xac^\
$Ui\x06\x98\x19\xae0\xe3\x8bo\xec\xc65\xd8\x1c\
\x86\xff\x93\xa5>C\x01cK\xef\xb3\x06A\xbdi\x94\
\xda\xfb\x88\x1d\x96\xcd\x19\xf1\x14\xe0g\x82\x1a\xce\xb26\
\x04\xb4`(\x0d$\x1a\x18\xcc'\xe8h(}`|\
K\xb8\x9265\xd8\x94t\x9aYJ\xde\x8d\x9b\xc4T\
K[/\xa3\xd3q\xa1\x0b\xab&\x15rf\xfe\x8a\xe1\
\x82\x10\xe5\xc5\xfd\x83\x90\xb3@\x81j\xffT\xfd\x19\xd5\
\xf5\xaeB(Q\x96M]Ok\x9e\xc4V\xcaF\xff\
\xda\xac\x8b\xd7\xb6\xb1\x02\x1d\x9b\x1d\x00]\x02\x80JP\
\x8d\x06\xa5\xfa\xae\x90\xee8\xbd\xd2\xebJ\x90Xb\x7f\
\xdc\xe3\x10\xaa\xc1\xbdsY\x09{\xf3\xa8\x94\xf0\xc3k\
@+=\xf1\xa1tJ\x09\x16\x07ng[\xe2\xbf\x09\
\x05\xb3V\xe2\x90\xcd!X\xa5\x9e\xc3%PZ\xb1\x13\
5d\xc6\x0bI\x91]\xdc\x9f\xce\x96\xb2\xd8\x14+\x8a\
!\xaa\xe2\xbc2\x80\x13\xd8\xc65\x89.|\x9b#\x11\
o\xad]#S\x22\xc1l\xc1\xa3\x16\xeb\xad\xaaa5\
\x94\x8b.\xfb<\x9a.\xbdC5-\xc1>\xaf\x0f\xac\
\xe7\x96\xafD\xde\x18^@F\xa8\xea\x16\x0c\xbd\xb8:\
c\x81]\x97\x83e%\x03M\xf0S\xb4y\x89\x9dd\
\xa6\xbb*p\xf1\x13\x91\x85\x8a\xb3i\x97<\x9fL\x8e\
\x1b\xc8^\xd2i5.8\x0f9\x91\x90T\xea<\x0b\
\x9eH\xd1\x85\xc7\x02{\xc7\x1c\xb4w\x99\x11\x18\xb3\xf3\
\x0d\xe9\xc3m\xa1\xa4\x22\xe9\x11\xdey\x02\xe9<\xc0\x94\
f\xd9N\xa6\xe5\xc2`\xa5>\xa0\x90\x1c\x9dp\x18\x93\
<0\x0c\x16>-\x8b\xe5\x18\x01\xca\xdal\xbe\xb3\xf7\
\xb0\x1c\xd1>\xb0o\xa0\x83\xbbN\xf7\xa4\xe6\xe8\x1e\x14\
u[RcXZ\x0e=S\xdb\x98\x0a\x86\xdc\x10\x80\
\xee\x85k\xc2\x8c\xb6\xbd\xd3\x851\xbe\xc8\xa3\xab\xe5\x9d\
\xdb-%\xf3\x85\x95\xc7\xa5`GZ\x1e7o\xaf\xff\
\xb7\xca\xe3\xe6\x9djq\xe5q\xf3\x82\x18i\xd1\xd9\xbc\
\xc0\xbe\xd0\xa2\xb3yG\x1aA\xd1\xd9\xbcp\xf2\x15\x9d\
-\xd01\xbc\xe8l\xde\x8e\x05\x8a\xce\xe6\xed[\xb8\xe8\
l\xde\xeeE\xd2j~ \xf3\x03\xf5\x90\xa2K#3\
}\xc4_\x1a9\xef\xa0#,\x97\x9b\x17V\xe1\xea\xb5\
y\xbb\xef_\x8d\xd9\xbc \xbf\x80\x1a\xb3y\xe1\xd7\xa3\
\xa7\x88\x01\xa12\xbf\xaa?+\x0ds&K\xe0Lu\
$-\xac]K([\x80\x15Y3\x8bY\xc3\xaa\xc2\
\xa9\x8b!\x95<\xf3C\xde\xcf\x0a\xb9ya~\xbe\x0a\
\xb9\x05Pu$\x15r\xf3\x82\xfa\x82+\xe4\x16@\xeb\
\xfd\xbb=\xaf]\xad)x\xdb\xdd\xf1\x10\xb6\xef?\xcd\
\xd2\xacEf_\xd5\xaa\x83q\xae\xb0\xbb\xef\xa0\xfeE\
{\xb9\x82:O\x22\x97\x08\xf4\x0d'\xea|\xf1v\xaf\
\xe8\xcai\xf6=^\x10\x84(Z\xc7d\x97\xe0\xbf[\
'\xa7sJx\x0f\xbf\xc7\xafT\xceRe\xf1\xe4V\
\xddP\x9a\xb3\xd94\x8b\xdfc%&\xbe\x98\x22y^\
%\x83g\xeeM/T0\xcfb\x9c\xb7N\xc4\x88\x11\
\x85`\x04\xf6\x1ci1\xb4\x90\xe1Cui^\xeb.\
\xb0\xe7\xfe\x95R\x0b\x04\x95\xdf\x8f\x1b\xd8\xa51\xa0\xa6\
R\x5c\xd8\x8e0~x\x00/\x8eES\x83\xf2\x9f\xce\
\xfc\xc0Bb\x05p#h\xb0bPa~\xe0\x9a\xc4\
W\xee\xf8\xb3\x88~\x17\xdex>\x18y\xe1\xce\xb2=\
z\x81c-\x08\x18+\x13\xa0n\x14\xb1\xb4\x0cU4\
\xf2.\xed\xec\xfd\x1b\x8eTN\xd3<\x05\x0e\x15G0\
\x15\xa2Q\xc9\xf1[\x92\xcc[\xfe\xba]\xe0\xe4\x9bp\
x\x04\x8e\x8c`g\xa5\xa7\x13\xf9\x17\xd5\x15\xb0(Y\
\xb8X\xa3^w\xbc\xc4\xbd,\x06]\x17\xdcS\xee\xc5\
{Y\xe7\xc1|\x8a:\xbe\x84c\xf3L\x109\x12:\
\xa3\x8e\x10\x0cr\x9e\xba\x13\xa2oL\xa1\x9cG~\x1d\
B8kKO&\xd3\x05\xd0x,\xb9\xbe\xebs\xf2\
\xa3]n\x8d.\xa5\xcfP\xccTh\xe7\xe9\x01+0\
B\xc1\xd52pB\xb9\xb4\x10\xa8k<%\xa0|\x8a\
\xb3\x98\xf7\xe6\xd2\x99\xcd<l+\x7f\xed\x89\xc0N\x0d\
#)\xcb\xe0\xad\xfd\x10P\x94!t\xa0y#\xaf\xcb\
\xe0\x19.\xa8*C\xe8pG\xb8\x86\x0b\xf32\x08\x0a\
\x0e\x1d\x82\xf9\x18B\xc1J.\xb0\xf9\x00\xc6\x08@\x9a\
A\x99\xc8\xc3cEx\xfeB\x00\xf9\xf7\x85\x16qp\
\x92\xf3\x8b\xda\x98\xe3\x5c#j\x81\xd5Y\xed\xaa\xc5\x1a\
\xa3W\xec\x0c~\x8fg\xed\x91QI\xf1U\xfcf\x19\
~\x03-.\xc3HE\xa3\xbb\x97\x80\xdc\xe8NL\x10\
\x5c\xb6\x84\x90R\x9e\xbd\x1bMn\x07\x04\xeb\x89c}\
s\xdc\xb1\x90\xc6x\xba\xa6\x95\xfdq\x7f\x84@)\xde\
\x1b\x11\x02\xa0(}'t\x09ma\xce3\xe1\xaeB\
\xc0\xe8\x108\xe3\x89\x03:\x0cB\xc5b\xad\x10\x80\x22\
\xdd\x0b!\xbdGf\xe2\x87\x00\x99F\xaeK?!\x14\
\x92a\xd8\x1bf\x06T\xaeR\xb6X\x12+\x9d\x15\x02\
\xaf\xa0\xaf \xa4_\x94\x84\xec\x98.*-\xeb\xc2\x15\
]\xf2\x1e\x80\xfb\xc2Xs\x1f\x80`\xb5\x84\x00\x889\
\xb7\xd4.\xf4\xedv\x12FC\xfa}\x1e\xdb=\xf4 \
>\x87\x81\x9d\x87\xca\x14\x16\xd9\xa6\xb1h,\xd7\x0e\xad\
\xd5\xfa5\xe6\xe6\x0fE\xb2\x11\x18\xe7!0\xb6\xd3B\
\xe8\xc4\x22\xef&\xaez;\xe2\x8c\x1brv\xe0\x8d]\
\x0cGgQ\xc3t4\xfa\x93L\xc2\xa7\xdc\xd1m\x16\
+\xdab?\xad\x9a\xf0|iW\x94\xb0\x8b\xeep\xbb\
\xff\xa4\xe6\xb6\x96\xfa\xee\x5c\x16G\xa5\x9aR\x8b\x1c\xef\
O\x1a\x98-7H\xddi}\xb0AZ\xa6&S\x12\
\xb6\xbc\xc1\x06\xedU\xd3\xaa5\xc4~\xd7\x01\xb2[\x8b\
\xd3\x97hX\xf4%\x8b\x89\xc1\xcez\x1cj\xc4\xae\xa7\
Z\x08Wh!s\xc1\x0f6K@\xb0{=\x0f\xa0\
\xd3\x95\x89\x15\x12\xbdks\x15\x16hQ\xad\x96\xb4U\
`\xe4.\xd7\xc8=D\x8d\xd3\xd8\x05\xe5\x12Re#\
\xcd\xe6\xd3\xe1\xda\xdf\x0c\x9b]\xbe\x19\x8c\xa13\xe8\xe9\
Rp\xfc\xf9\x92\x1cM\x08\xcb3\x99z\xdf\x03/\x14\
\xbb5\x12\x0a\xa3\x10\x93\xc8\x8d\xddu4(\xd7\x90\x84\
x\xa5\xbc\xfb\xdc\x866\xa0\xa5\xa8\xdd\xb3\xc7n\xdc\xa1\
\x81<\x09!\x08Ag\x02\x95\xde\xce\xa7]\x84\x11i\
\xdb\xb0\xb4\xbd\xc0\xb8\xe7\xb8\xab\xe1\x08\xf19\x98^h\
-\x93\x04\xd3\x7fG\x8a\xf7^\xfc\xa07t\xf9\xf1\xf9\
\xd8\xc5\x19\x5c\x07E7\x98\xaf)\x18\xb7\x97\xc8\xa6\xd5\
 u\xe8\x83\xc5\xa2\xf1\xb4\xd0e:aH\xdcI\xb0\
\x14\xc7\x0aqWW\x1e\xb0-p^\x9d\x80\x1axo\
V\x02 \xfc\xff4@e\x88\xe0)~8\xdc\xff\x1a\
\xfc\x89\xc4\x9b7\x1f5\xa29\xc2\xca\xa7\xb6g\xe3R\
\xfd\xca\xdc\xca\x5cgZ\x1eR\x8c\xb9\xf3$\xf6\xa2\xb9\
t\xe2\x09\xd2\xfc\xc69\x85\xd68\x0b\xad\x07\x04je\
\x08\x84\x07YO\xd4\x0a\xfc\x969\xde\xfe.~\x1c\xdc\
[\xb5~ik\x01\xb0\x0b\x19\xdf\xe3W<6K\xa7\
z\xe9Q$8&\x04\x0f\xb8\x15\x03|\x8a\x5c\xf3\xc8\
\xce\x9b>\x07\xd21\x85\xdf\xba\xc6\xc5c\x0a\xf9\xe0\x9f\
s\xfc\xb1\x8c\x1cG6\x87\xad\xec\x0d\x1c\x93\x04\xb1\x17\
\x1c\xcd\x09\xf4\xb1iD\xf1\x5c\xd8\xa7Y?\xca#y\
\x04\x1c\xf7\xfc\xafe\x15\x91y\xbah\xc5R\x9c\xe4\xaa\
\x163\xddKH\x88\x1eV\x05V\x12\x96`\xd22C\
EM;\xcdL\x10\x8c\xba\xf6\xcb\xbe\x5c\x86gYl\
\x82\xec\xb9\xae\x18\xca\xbf,NS\x9d\xbai\xbf\x86]\
\xc4B\xd6\xc1B\x86\x88rm\xc7\xfb\xd1%t\x12U\
;\xc3\xee\xeb\xbd\xdc\xc6\xc5\x05\x9d\xc9cH\xac\x9a\x01\
\xd7\x01;\x87\xdaT\x1c\xf7W\xc4\x5c\x96\x8b\x10\x8a\x98\
G1\xf2\xa7\xbcs\x08\x17Q(b\xf4\x22\x83gY\
\xb8\x9e\xf7u\xaf\x80\xa4\x05\x8f\x9e\x87\x8f6+\x04\xa4\
g\xb3\xe2#\xc0\x1e\xb0\xd3\xdc\xd1\x82yA\xc50(\
W\x14\xa1\x07\xd8,\xfb\xa1\xee\x000\xe9\x10?\xd4\x18\
\xc1\x9f.9\xcfz{!w\x10a-z\x998d\
\x99e\xb2y\xcb\x17Z$\xe7)\xdf\xd8\xf5\xb4\xea-\
\x09\x96\x93\xb3YE6\xb0C\x5c\xd2\xfb\xec\xdf\xa4\x85\
D}\xef\x94\x1a<\x91\x1e\xb2/\x22.\xc8\x90\x8d\xb5\
\x928\xd6\x1c\x8f\x90\xf3\x80\xedu^\x8b\x0b?m\xd3\
G\xc2\xb4\x16r\x82\xd1K\x8e\x94\xd7\xb7\xf7\xc1 \xa5\
[\xec\xdbG\xd1\x94\xaboeo^\xd1\xdd\xb7\xe4~\
\xc5\x94\x94\xbe>R\xc8\x9a\x841\x80\xc1\x8e\xaf(\x83\
&Z\xe0\xf1w\xef\xe7\xd78*\x7f\xce\xb1N\xf8\x83\
-\xa6\xeb\x05'/3\xca\x92\xef5W\xce\x9fI\xec\
A\xca\x9e>c\xa1\xa3vP\x8c\xee\x8c\x80\xe9\xfcd\
\xf8\xebQ\xa0_\xa6\x9d\xbc\xbb\xa3\x88\x18M\xb0\x12;\
\xfcp\x16\x93\xc4\x1a\x10\xd1\x92\xa6\x0cJ,\xbf\x98&\
/\xe2\xfc\x0cM\xca\x99J_.-Yj\x16~\x8b\
)U\xea\x1c:\xd9:jI:\xa7h\xd6Q\xf4\x05\
\xfa@\xca\xc0\x0f\xa5\x0f\xd1l\x03!\xca@Ig\x83\
w\xb6\x9d\xd8\xde\xba;J\xb8\x03p5\xc7\x98\xad\x1f\
~+\xcb\xf5\x13\xac\xd4\x0e\x1c\xbe\x17L\xa7bzF\
\x96<4\xa5\x0aJ\x94DD\x86{\xb6\xb5$U#\
\x05S\x96\xb2!\x93hr\x87V\xb3+jJ\x86*\
_\x11s\x8f*$\xb9\xdb\xfb\xee\xfbA\x00\x93f\xfa\
e\x0d\xa5O1\x0c\x05\xf6>\xcf\xc2O\xdd\xff1]\
\x82\x9c\xb2\x13\xd5QHp@<w\x12L\xcb3+\
\x92g\xb1\xb6=hr\xc5\x85b\x07\x1c\x8e\x97\x93$\
\x84w\xec\x82\xdc\x86\xe3i\xc4\xad\xdfa\xe8\x05\xbe\x90\
<r!\xe7\xcf\xf1ve\xcb\xda\xb5mET\x1c\x8b\
_\xaa0\x87LK\xc9H&\x1d x\xf9\xaeZ\xa0\
\x5c\xfda\x95@\x83\xfaL\x10\x93~\xc8I\xea\xee+\
g\x9a\xd7\xd0\xcc\xea}\x90\x00\x0a!en\x92\x10\xc7\
\x1e\x02\x80\x86s\x84\x01(&G\x85\x82p\xb2\xe8\xa7\
\x07<+\x14\x9eUS\xcd^\x03r\x92\x9e\xdc\xc0\x16\
\x16\xb6j\x1cF\x1fg\x8c2\xeesUO\x12\xec\x1d\
\x8905Msr\xd4=#6\x90\x15\xfb\xeb\xa8\xab\
\xac\xfe\xb0\xcc\xd2\xf8<\x0f\x96\xb5k \x19p\xaa\xab\
\x93z\xe9\x81[0}\xcb\xfd\xf9\x99\xc2\xe7\x09\xf6\xc0\
\xe1\x0dL\x16\x0e\x14\xb9%\x12\xb3\xdch\xd5(E\xb8\
\x85\xe2\xb9\xe1\xd9\x10=\x8fg\x9c\xd4\x93)&\x9a\xa4\
\xceVI\xdcG\xf2\x1eM\x8b\x82\xbd\xe3Kp\xe1\xc3\
\xa9\x01\xab\xc8\x1f\x18/^Ny:\x8e,\xd6\xc1\xd3\
\xb9\xd6\x8d\xf5Bv\xa6-\xbc=\x1d&\xfb\xc8\xc4o\
3\xb3\xb8\xa7\xa5\xcc;\xe8\x81P\xef\xb9\x01\xb0_i\
\xf5%\x15\x08\xf71\xb6o\xd0\xbe\xf3\xf2\x80\x5c\x12\x98\
\xf0&\x0b\x01\x14\xa6\xc7\xfd\xa8\x04\xbd\xdb\xc1c2\xc5\
D8\xfb)\x8e^E\xbc\xc1\xf1\xcc\xe0\xde\x7fC\xf6\
S\x86\xe9^\x19\x87\x95\xcb\x8em\x93`\x98\xa8\x11\xf8\
bf\x14/&m\xf8\xb4i\xcf\x03\x9aB8\xf1\xa2\
\x06\x96&\xa5\xf6\x89\xd9Q$\xaf$\xa3jjF\xdd\
\xaa$p\xc6\x88\x89\xff\x81\x93\xb2\xb1\x0a\x03\xea.-\
C\xd2X\xe1\xc4\xa4\xb1'\x05\xd3\x8a\x9d\xce\xcb\xedI\
j\x94\xe9D\x9d\xe2\x02#\x03\xd6\xa5\xe6\xb8\xea\xf12\
hP\x93\xea\x5c=\x99\xe4\x8d\xb2\x0c+\x1bi\x92\xed\
\x10_Emh\xa0I+\xd49\x04\xd3\x83\x19\xe3\xa9\
\xea\xe9\x1c\xd1Na\x0d\xc3\xf0\xab\x1e<\xf7mE\xcd\
\xd4~\xfeS'\xa6\x96=\xd3\xf0\xb9\xe1\xfb\x8a\xac`\
\xe8'\xc4\xa2Z\xc2LgygJ\xf4g2A\xe7\
w\xb4\xe6V\xf8<\xcfd\x15\xc4\x97\x81Z\xdc\x15\x18\
\x9c\xecF#\xaf\xcf\xbd\xc1I\x90\xf6&\xefQ\xd9@\
\xbf\xff\xc0\x15\xbb\xcb\x19\x9f\x98\xd2\xd5HB\x97\x97\xb5\
u\xe1\x050\xdah\x90\xb24\xeb\x0e?8-\xa9\x18\
G\xfa$R\xd53\x1cG\xae\xff\x02VtCP\x00\
\x0a[i\x82y04\xe7\x92\xd3m0p\xa5\xa6P\
J\xe1\xfc\xc0\x15\xd3\xf7#2$\xe5\x05_\x85\x0e\xea\
F\xbf'\x970p\xdd\xdb}\x0fd*\xbe\x90O1\
0\x82\xb3\x09z!\xc0K\x9b\xc8\xcc\xbd\xe4\x8e\x1a\xcb\
\xc7\x5c\xdc2ZTs\xe6\xb6\xca\xda\x0c\x8b\xbdV\x83\
yA\x83\x94\x11\x8a{\xb0\xecI\x9crF\xe5\xb8}\
+\x1b\xb0@\xcb\xe7(\xefc\xbcGu\xb8Y\xb6\xe8\
<\xd2\x22y\xa8`\xa3\xb2\xb4^\x1a\x81\xe1`&e\
t\x02\x97\x0b\x9d\xff\x00CL\xbf\xf7[\xf3l\xa7W\
\xa1\xb2\x91R<H)\xd4\x97\xee&0\x01\xdd\x1c\xff\
7l7\xc6,G\x1bk`\xe7\x83\xcfC\xb1?\x22\
d\x16\x8enm\xc1\xa5M\x84=\xf4\xd6\x7fI\xb8\xd2\
\xd6\x96\x82\x8e\xb4\x96k\xf2K;\xd7Jm\x86\x8am\
^\xa1&J\xe0\xc8\xf6\xcbL\x06\xbb\xd4\x0c\x96|\x9a\
\xef\xa1l\xba\x87\xc1\x18\x22;\x96\xba\x1fR\x86e\xe8\
\xbbn\xf7\xc4}%\xcaYV\xb6RRBW\xe8\xd6\
\x92B\xd2\x0d\x12\xcb\x19&\x81M\x04E2\xb2\x96\xc3\
o\x1c\x84\xef\xebfguA\xe2-h\xa5\xc3\xaeo\
m\xef\xf56\x17^\xe5\xf7\x19\x1eEV \xc8\xb8a\
\xfe\xefm6\xb68\x22%l\xea%Xu\xa2\x04\xf9\
\x89\xe7m\xa4\xa4\xeb\x98\x0c\xa6Y\x1a,'\xd5\xe6R\
\x19\xe6S\xd6\xf2\x90\xb2m\x19k\xec\xe8\xdd\x9c\xc7\x10\
n\xcf\xa8K\x87f\xd8\xd63\xdeH\x13\xf2\x92\x8c\x9b\
\x87:\x05\x1d%}d\xef;\xf1\x0b\x97S\xdb\xf1\xdb\
\xd7dG\xc9\x83\xa7$N\xd1\xc38,c\xc8fz\
\x92\x9c\x94U\xad\xb1\xbeM\xc7\xbc2\x9b\xb3l\xbf\x1f\
\xd6\xf1\xbdOA\xcd\x0cE\x9de\x80\xde\xa2\x0cH9\
\x17i\x01\xa5\xc3X\xe5\x10\xcd\xc9)\xe6(5\xd5\xf5\
&=\xc1[;\xa9=\x1co\xffK\xb0\x91\xc4\x1b)\
\xd1\x1e\xc2\x07\xcf+{)\x0e\xaf\x1a`^\xb3\xa4\xf3\
\x8c\x88\xed\xfdI8z\xab\xe9D\x10\xd9\xa8\x10F\xcb\
^?#\xb7\xbe\xc2\x0e\xdbvh\xec\xefl\xf8\x86\xad\
\x01[\xcd\xbeZc\xcf#\x99\x92\x9c\xc0*d\x16\xb8\
\x1b @\x12?\x9b\xc9\xf8\x02\xf3j\xb2Lj8\xee\
A\x15\x98\x88\xf7\xf3\xf0=\x7fV\xf0\xd1f\x98\x9a\xd9\
\x1b\xea\x8f\x0f\xe6(\xe1\xdc\xa3\xcf!f\xba\xdb\xfc2\
\xe6\xdf\xaf\x1a-\xef\x0aaFT\xdc\xda\xa4d\xea\x19\
e\xbf\x15&\x5cwb1\x0b\xd0}\xcf\xf6\xcf\x04\x17\
\xf7(@Fy\xb9\xac\x80_~\xde\xad;NB\x97\
\x87K\xd8\x896'q2\xce\x14\x90\x8cb\xa5\xf4\x84\
\x8f-K\xbdC\x5c\xa1\x02\xf9M\xdc\x84\xd49\x16\xbe\
\x07[\x03_\xec-\xac.\x863g\xaf~\x22\xae\xd6\
\xa5\x99p3\xa6\xdbQ\x0e\xbd<\xd2\x14\xfe\x82\xd5\x91\
\xbc\xac/(\xa7GuU\x93\x08\x92\x9e2im=\
k\xaa\xf0R\x1d\x1f\xdb\xa2I@\xe1\xdb\xb8+\xc4A\
\x94\xdf\xfc\x1e\x99yM\x89\x10_D\xacB\xabY\xc0\
\x86\xe2\xbc\xf3*~\xc9\xd10\xed\xc8,\xac\x08\xc5\x09\
\x89\x9b\xcc\xd6\xe1K]\xb1\xde)^\xe2X\xe7>\xa3\
\xbc\x81\x5c?$ti\xd5\xea5\xf8\xfeA\xc2\xbe\xdd\
\xa3\xe8\xdf@\xdd\x89\xa7s&ho\xe1[\xf4\xc4\xff\
\xea\x16Q\x9a\xe4[\xa4\x08\x81\xf8\xba\xf0\xb0\xd8\xe7\xdb\
\xb8\xd5#\xd98,\xdaC\xf7\x0d\x87\xda\xe6\xd9\xbcK\
\xd9\xe6\xe1ile\xcb\x8b3\xe6$^\x97\xacg\xef\
X\xd0\xd0\x86p+W\x1e\xa1\xdd.\xe7\xb1\xdb\xbf\xb4\
\x9e9w4\xc2\x81\xd3\xe4\xbf\x9f\xcf\x84\xbf\xeb\xdf\xb2\
\xdc\xff\x1d\xa3~Q\xa1\xed\xd8_qu%,\xa0[\
\xd0\xeb\xbc~\x0b,\xca\x07\x9c\xf2\xaa\x06\x11\xe1\xc3\x9e\
\xc7D\xb6\xb1\xabL\xd1;\x10w\xdds\xd8B_T\
|\xbc[\x91a\xd7\xdc\x96\x8ba~ix@\x81\x95\
\x1b\xdb\xa4avc\xb9MX7!\x82\x8c<\x04R\
\x0c\x13AFN\xf7\xe54\x1aK\x1d\xbe\xe4;X\xf5\
\xdbB\xf6q>t\x0e\x92\xdb#\xf1\xa0\x0e\x09\xdc\xa3\
\x90\x96\xc0\x89\xe2\xe8\xe1m\x01Vv\xd6\xf5D\xb3\xa7\
vT89\x8cf7#I\x7f\x04o\x07\x18\x06\xcc\
V\x1eK\xba\xb2_\x08i\x98\x9a\xcb\xc7\xae9\xee\x04\
+\x7f\x0a\xacc\x03\x0d\x93-\xa4[\x9e \x8fi\xa4\
\xc9\xfd\xa5\xe5\x14&\xe6\x91?\xe2\x1b\xb7\xb3\xc9|`\
.\x0d\xb6\xfcdw\xf9\xc3\xa6\x02{\x920{\xd2J\
\x9f\xb5Mb?5\xe6[\x03\xbe\xc0\xd4\x08\x91\xe2\x97\
\x22\x85\x0a\x94\xcdZ\xc2\xd0UZc\x91\xf4\xe5w~\
\x85\xef\xcf\xdc=\xa6\xa1\x95\x85\x0e\x98\xdf:\xd9\xce\xa0\
\x95D\x17\xf3\x03\x9b\xee\xc9}U]\x11f\xde+\x95\
\xb1,\x07\xd6\x13A\xe6\x06\xb9\xbf\xe9\xb4n(v)\
\x16\xc1\xb9$\xa6\xd1\x0a\xd7s\xde\xfd,T\xb3\xce\xfd\
\xfd\x02\xe0U9\x86KY\x82\x19\xaa\xcf,I\x08\x10\
\xbd[RC\xe0J\xab\xc1\x98J\xcbCA\x1b\xdc&\
\xc8)V\xc6\xc9y\x86;\xe1\xb9\xec\xaca\xc9\x0aR\
\x8b\xfd\x12\x96\x1b\xda$W\x1cx\xd0\xde\xc4\xbc\xb7\x97\
n\x008\xdb\xc2\xe5\x87\xe3w\xec\xb6\xd7\xcd\xdfi\x8a\
\xbb\x08U\xe8\xecc4Q\x22l\xf2\x9f\xef\xde\xd7\x0d\
\xab\x05TK\xfa\xce`\x18$\x9b-\x98a\xc7\xcb5\
\xe8e\xf8\xfdu\x18G\x02#.\xf4 \xbf\xb0k_\
7\xd8\xfa\x10\xb0\xe1\x1b\x13\xc53\x0d\x03W\x0e\xfb\xd2\
\x8a\xbaxp\xeb\xea\xd6\xae\xe0\x03\x1dy\xb9Q7\x8c\
\x08\xf6\x95\xf0Z\xbe\x9d\xad\xfeO\x8a\xbf\xdc\xf5b\xb9\
\xbf\x9f[\x9eDY_&R\xdc\xdd\x8f\x08\xd9R\xb7\
\x0c\x14\xaa\x5cu;\xaf\xa8\x84\xeek\x0bI\xf01\xf3\
\x14}\x1d\x01\xbeu\xa7\xf4\xc1\x82\xf86\xc2b\xa8\xee\
\xceO\x10\x97\x81\xb7\x0e(}\xa6Ia\xc1a\xee\xe0\
?\xaah\xac\xc2\xcenV\xa0\xddV9M\xc1A`\
\xdf\xb1h,r\xc8$\xf7\x82J`4\x1f7\xc9\xf3\
;\xd8\xc5\x91\xed\xdf\xd9\x81\xceiAok]\xd5\xb9\
VR5\x1cM\x84/\xa9I6z\x03\xc9\xeeg:\
\xaaB3bi\xa8 \xd1Z\xb0\x9cJK\xb8_\x82\
\xb8\xec\x89\x06\x17\xc1\xf7\xe9Ed\xb9W\xe3\xefh\xa4\
\x8bI>\x7fn\x04\xd1\x15\xff\xffi\x82\xab\x97\xba\xcb\
\x83\x8eD%$J\xb3\xdb\xed\xd3\x18\xb8\x85\x85b\x5c\
|\x1d\x8a\xaa<\xec\xebU8\xbe#\xa0K\xa1\x87\xee\
\xbd=\xba\x84:\x16f\x81J\x16\xa23\xd9\x0c\xcc\x94\
\xc7\x06\x04\xaf`1\xadP\x05\x8barS^\x89\xe7\
\xe4Dc\x14\x95I\xe9\xee\xb2\x7f%#\xdc0F\x9c\
\x84\xe9\xee^\xa0j\x9e\xfb\xe3\xe2\x135\xbdsl\x17\
^\x87\x0fN\x99\x8daQm\xe4x\xde\xacw\x9e\xf9\
Q\xd7\xfd\xf5\x17\xfaR\x8c\xf7\x98\x8b \x09w\x97\xc2\
\xf4\xe0\xfd\xbe\x001\xb8?\xdfTd \x92\xdbi\xa5\
\x04\xd6\x87\x18\x16\xde\xef\xb4_H\x16b^\xc4\x10\xa5\
a\xf2\x84'~Ot\x9b\x18\xae\x14\x17k\xec\xb8'\
:)\x04U\x0d\xd7S\x01\xf6\x8b\xbf$\x7f}uV\
\x08v\x1c\xebC?a\xf3\x17k\xe1\x1d\xf7\xd7&\xaa\
p\xbf\xe6\x96\xbf\xb6}\xc5\xfe\x16\x22\xaa\xf8<El\
*\xf6\xab|Q\xc5\xfe\xd7-\xaa\xf0\x169\x10\xdd\x03\
\x16CA;\xd0\xde\x1b.\x1d\xc3\xf5\x8b\xa4\xc5i9\
k\x06\xac=\x7f\xf9\xa3\x8a\x11W\x09\x1ag\x17cn\
\xc7\xa9.\xfb\xf3NQ\x18\x80\xce/\xa8\x88\xd2\x0c\x22\
xf\x08\xa2\xe7\xf0B\xa2g\xc6\xf0\xb6\x19\x8b\xa8D\
d\x93\x1b\xd9\xe3U\xde^\xb3\xfc{\xe1\x9b\xaa\xcf\xac\
b{$q\xc1\x160\x9b\x22\xc4\xa1\xaf\xd7\x89!\x05\
[\xb8\xca\xc4\xf5\xda>r!#\x96-\xe1\xea\xd4$\
\xa1\xac\x91\x1d\x90\x83\x9f\xc1l\x0c\x1c\xb5\x85%\xd9)\
\xce\x08\xdewc\x14\xc2\xef3\x82\x07\x0c\xdb\xe3\xf4\x90\
-\x9793i\xa9\xa2)\x06&\xd14~(ER\
\xb4\x5cF\xeacO\xd8\xf8F\x9e\x06\x14\xcb\xe3\x19\x82\
\xca\x92\x08\xc5\xcci\xb4\x00\xabB\x12\xbc\x12\x0d\xa4\x93\
\x1d\xee\xe2~NP\x16\x1e\x89\xda\xeb\x04C5\x92\x17\
\x0b63\x12N\xb3@f\x9d\xf0\x7f[\x12\xe0\xa7\x9e\
:\x08\xe3\xc5\xf0\x16\xb3\x9dh\x84\xefy\x8a\xe01\xed\
\xda\x80\x9cV\x13\x92\xfdH!\x09ti\x94\x16o\x91\
1\xa7k\x92\xf4~\xf2\xe4\xb39\x9b<\x1f\xb3\x186\
\xa51;\x14\xb8\x84Z\xb0\xf5\x82JU\x97\xd3R\xd5\
\x81}Nb\x01\x0d)\x92\x09\x22\xb1\x18i\xcb\x97,\
\xc8\x13(H\x01$\xfcL\x0d\xf9/\xdf\xe4\x89\xabt\
\x89T=\x229F&y\x0dJ\x1e\x08\xc1\x9b\xafz\
\x86-\xe6\x828\xa8\xe4s#\xb3\xb9\xa8\x8a\xa0\xb8\x22\
J\xc4\xbeaw+\xc7\xad\xd2\xbd\xd7\xbe\xb2]:\xba\
\xd1\x8e\x22\xa0\x97\xa4\x0e58W+\xbeUM'\x95\
\xe65!\xdc\x5c\xa8tO6\xf73\xf1\x05m\x18\xdb\
\xb2\x8b\xdeKC\xecAg\xff\xa1\xd2$\xc2\xacGl\
\x8fZ\xbd\x22\xf0\xfb\xcd\xbe\xe0-\xc5\xa9\xdc\xe2\xc6i\
Y\x08\x5c\x90\xd1\x07\xe4\x22(!\x14u\xca:H\xc0\
\x13\xed\x0c^\xacY\xd8\xc5\x19\x9d86K59\x0e\
\xe3\x02O`j\xe1\xab\x173+\xc7\x15\xc9\xd0\xf5\x90\
M[\x97\x87\xf0\xa8\xad\xd9\xc8Dl\xe3~\x11\xd8\xcc\
.\x91\xb0\x1a$\xa51\xd98\x22\xa2Z*\x22\xbc\xa0\
R\xca\x03\xc1\x9ci\xbc\xbb\x07\xe5\x81BY'\xe8'\
\xad\xd1\x03\xbb.suM\xb8\x1e,\x10\xd4\xa1\xa0\x14\
!\xc6j\x9b\xa8I&$4\xe1\xe1\x1c\xd5\xd2\x957\
\x04\xa7\xd4\xc4\x0c2\xdfL\x8e\x08)\x9a\xe0\xb9\xd1\x15\
\x92\x08\xdc/\xfaz\xe1\xf9\x8b0$]+\x95}3\
\x1f/x\xb70#I\x84\xce\xf5$O\x82fV\x88\
\xfa\xe4\x15R\xec\x07\xcc,\xe6o\xa0\xf7\x91\xee2\xdd\
\x87\xb02\xdd\xbdC\x92\xc6\xa2<\xe20PR7\x86\
X\xc9n\xdf\xe0\x85Jw\xf9:\xcc#\x8fLe\x84\
\xe7\xce\x8a\xdf\xe5\xba58\xb4\xb7\xc0V\xb7\x10\xe20\
i\xca#\x89\xcd\x0b\x0e\xcaRY\xa2e\x96\xddi\xaa\
\xcee+\x8f\xb3\x9b(\x9b`\xd2\x99R=y\xe7\x11\
\xb48\x8d\x84\xcd\xcd\x0c\x1c\xb83\x80:\xbdS\xf1\xbe\
\xbe\x18Zh\xda\x15\xee\xc7\xe9\xd5\x9eO\x9cV\x9f\xa6\
o\x1e\x99\xc1\xf3\x19\xf8\x1c\x8e\x8e`\xb7\xa0\xec\x5c\x02\
\x1bN&\xc76f\xfc\x0d\x91\xb5\x88\xce\x90\xf9\xa1\x1a\
\xa9\xed\xea\xd3\xa5a\x16\xcc\xb6\x0d\xac\xc2\xa1\xac\xb2\x8d\
*\xa8,o\xce\xb1\xffZ<nQ\xaa\xde\xf5\x16\x9f\
\x96,\xb8#'\xd2\xc4dl\x88\xb2i(\xd8s8\
5p\xe0\xfd\xcb}\x1e\xe3\x1d\xc2\x0c\x04>G\x00\xce\
\x8d\xefb\x06\x18O\x06\xb0\xed\xe9|c\x8cw]\xab\
y\xd5q~\xb9\x16\xb0\xe5\xde\xf8S\xcd\x89\x02\xe0E\
\xffh\xa5\x86m\xec\xb74\xd5\x9fR\xd16t8/\
\x0fb\x87\x98\xe2\x19\x0fg\x0d=i\x00w\x80#\xcf\
*F\x5c\xd1\xacm\x87\x07Na>\x097\xb53\xa7\
\xfd\x91\x9fA\xb5\xdf\xf89\x8f]BJ\xbc\xe1\x04g\
\x86c\xc1G\x5c\xb4\xe9\xeb\xebY\xcc\x0bK!\xa8l\
\xbat\x93t\xe0\xf22N\xa9\x22\x85iw\xdeP\x90\
\x83\xec\xb7t\xb0\xae\x01\x0b\xc5\xaf\xe3\xe4]\xab\x14t\
\xb1C\xb0.\xe5\xa9\x0c\x1f\xa5\x89\xb6\xd2*\xf6\xe0\xb0\
\x17RS(\xa4\x82\x1c\x82\xd7\x00\x5c\x1b\xca\x06\x02\xc7\
\xc4o\xa7\xa4Y>\x80,T\x92H+\xd4\x17\x86\xcb\
\x17\xb3B\x81\xa7\x08\x11,\xfe\xfcb9d\xcf\x9b\xf8\
\xce6\xa7\x0d\x5c\xfa\x8c\xd1\x161\x07\xd9\x14\x9b\x5cC\
\xb5\xb1\xa1lE^g\xb8(\xde/jB\xc4b~\
w\xc9a\xcd`?\xe0g\xbfH\xdc6.\xd1\x80\xe3\
v\xd9T\x0c\xeeJq\x86\x9fC\xd4?\xcdY\x9bQ\
\xa8\xee\x89\xbb\xc6E\x87\x9c\xd3\xe2)zo\xe6\xc0\xfc\
\xef\x90\x1b(\xd5\xa3\x0d\x87G\xb77\x92\x80\xec\xe04\
\x08\xfa\xee\x8bR \xf6=\xf0r\xd6uriv\xb1\
&\x13A\x90f\xdb\x1c\x1e\xba\xd5\xc6r\xe2\xed2\x5c\
\xf4\xba\xc5\x0e\xe5\xe6cq\x1c\xe8\xc3;d\xb2\xc2\xf5\
DF8\x16\x11~\x90\x06\xd3\x1c\x0b\xaf\xa7U%h\
\xf4\xbc\xad\xfa\xdbQZmJ\x1f)\xd4%\x0d\xa6T\
KI\xab\xf8\x01+\x0d[\xbb\xac\xaf\x1b\x9d\xf0\xcd\xab\
/\x9b\x8c\xb3\x22\x9c\xcf\xe5\xfa>A|\xcaA\xe9\x95\
\xc5<\x042\xd2\x14\xa5\x89$\x9f\xac\x8bdUJ\x9e\
JS\xce\x94\x9a\xc2Sn\x0bM\x89\xebyd w\
^\xae3\x80\xe6\x1b (\xe8\xb6\x98'P\xc4\x12\xc3\
\x85\x0b\xb8\x1c\xea\x99\x94\xb4>\xa5h\x12)\x15\x83\x7f\
gz\xf8\x82w\x92\xc3\xb4\xc8\x8c\xe8\x1e/z?\x0e\
\x10\x86\x1e\x86!\xa8\xf3\xdc\xc3\x09\x9a\x03U\x07\x9bn\
|\xc3p\xc70\x01\xce\x9f2s@\xae\x01\x9bEe\
\x9ek%4\xd1\x91Z\x1b\xe1I|\xf6\x15\x02\x85\xf3\
\x09\xb75\xf8K2\xbd\x0a\x0d\xda#7\x93\xf87\xd4\
\xc5\xebLd\xe3H\xd7FTm\xaf<\xcd2\xf3Z\
t\xa4z\x1e\xb6\xc9\x00%\xc7\xd9VH\xf5\x9d\x86r\
\x94AE\xf9L\x0f\xd5\xed\xcf|L\xf6\xee\x98\xe4\x11\
\x8f\x8a\x10Zj_:\x99\xf9fV\xcf\xf4\x0bi\xb5\
\x96\x1er\xcfL\x0ax\x96\xa3\x97\xe8\x11t\x1eB\xc4\
R\x8bl\x02D\xe1A\x0e\x07\xc8$w9\x0b\x00\xd1\
\xe2y\x8e:\xd6\xa2X\xb2$T\xb7\x10\x18X\x1b\xf3\
[S\x9d\x8a\xe0\x05g`-\xe9\x9c[\xd84\x12\x99\
N\xedQlDf\x04\x01\xa3\x0b\x91B>G2\x86\
$5\xa7\xc14U\xadT\xc6\x05\xf3*\xcf\x1c\xe2B\
\xb6\xc0Z\xa0\xcb\xb6<\xf7\xef\xfcM{\x89\xdd\xe6g\
\x9cPT\xb7\x1f0\xcb\xc2\x22\xec\x84/C`\xa8v\
\xc2\xb5=\xcajRO\xbc\xcd\x99\xfd\x11d\xf6\x84\x89\
\xacmo\x93\x14+\x8e\xc5\x86\xa2\xa5\x88\xcc_\xdd\xb1\
\xb8MJ\xab}^j\x0cz\xa8(\xe1\xba\xa0\x13\xf3\
stW>\x9f\xb8\x97Bx\xad\x80\x0exF\xe2c\
F\xce\xc0\xabB\xf3~\xbd\x0a8\xe7\xc5T\xa6\x0c\x08\
\x06\xfd\x10|\x83\x95L~\x84\x13h\xe6n\x1f\x88\x10\
);d\xa5@\x84\x0e(\xda\x80k\xec\xa2n&\x04\
\xd1\xb3\x86\x18\xdc\xb2\x10Y\xec\xf5\xf4\x9b\x05\x22/\xc7\
\xda\x91\x97K\xb0\xd7_\xea\xf22\xc5#\x88\xc6e\x05\
D\xe2\x04\xc3\xab\xb3\xe1\xb1j\x8f.`\xb8\x9a\x11\xad\
\xce'\xe8\xb3\xad)U\x93=\xfc\x86\xde\x88$\xd98\
\x9f02qk.\x92\xe0g\xcdg\x0a\xdbg\x94v\
k\x8eb\xb10r\x9b\x89\x83\x9d\xb0&\x93fJ\xa2\
\xad\xed\x98\xa2\xc1\xe9\xcc\xb1#\xa0l\x9b\x116V\xd1\
Z\xead\xbbp\x97S\xbb\xcc\x99\x8ek\xf4b\xef\xe5\
\x9c\x0e\x0b\x02SI\xe9\xfd\xa9?\x1b\xd6Fg\xee)\
\x1b\xc7nS1\xc6\xb2\xa4\xa2F\xd7\x00K\xc0\xcek\
\x13\xbcK\x1c_\xcc\xc0\xdb\x1a3\xd0\xa9\xc9m\xbd\x83\
Y,GB\xc9b}R\x8b\xab\x8ai{3\xa7\xba\
F\xb6+{'\x01\xd6'\x04?\xdcZdU\x9b*\
'5\xddT\xdd\x078\xdd\x17,\x9a\xc8\xc3\xc9\xab\xed\
\x90Q/C\xcf\x1f\x9b\xe5|6\xcf\xf5b]p=\
\xb7\xb0j\xceu\xf8\xa9i\xa9\x99\xc4z\xdb\xb7\xd9\x0e\
\xe0.\x1f`W\x8d?'\x06\xd6\xf6f\x84+,\x8e\
\xea\xc3o\xe8\xe8\xc08\x8f\x12\xab~\x84\x7f\xe3_\xb9\
7\xb2\xc5\x99\x81\x22\xd4\xab\xdc?%\x89\x8eXH?\
\xba\xd4\xb7\xe6 \xd1V\xc8j\x0b;\x06\xc5\xf7$\xb4\
?\xfa#\xbcb\xd7\x22\xb2\x02L\xbcd\xbb\xb0\xed\x83\
\x7f\xc0\x9bH\xa3\xf5\xbbE\x8f\xfc\xe2-J<G\x02\
E\xf0G\xbe\xc3m\x12\x16\xda\xe3\x99.\xfd\xb9\x87L\
\xae'\x8f\x8d=\x1eO\xa8\x87`O\x0f\x1b\xce\xa3\xc3\
l\x0a\xf46b\xc9\xeaD\xd6\x04\x9a\xa1t\xbb\x82\x94\
;\x83\xe8\x11:\xf3\x0cs\xa2\x96\x96\x80\xe8O\x811\
\x98\xd1\x09/\xa1y\xbd\xc4H\xe4NIg^\xf5\x8c\
\xc9\xe1Y\xe8\xf9D\x1c\xa7R*\xc4Z\xf5\x9cfy\
@u\x15\x97\xfe\xcf\x89\x8e\x1c\x1f\xcf\x9a\xf5\xa8\x9d\xdd\
\xecZ2\x11\x9c\x07\xc9\xfdJ\x04L7v\xcd\xb9 \
\xc4\xd0R\xa2\xd1`\xed%\xcd\x85\xfc\xd2\xb4\xde\xebQ\
Gp\x85A\xcb\xf3^j\xf92\xddZ\xa1\xb8e\xeb\
\x1ebJg\x1c\xe3\x96\x0b#\x83h\xb3\xf4\x8d2\xfb\
\xde\xc8b6\x8eU\x5c\xb1'\x97&H+\x1c\xd1m\
\xe4\xa3\xe4\x5c\xc5\x07ZI\x98\xeclZ\x95\x82\x98\x03\
\x19\x16\x8d\xe4Mp\xe1\x8a\xff\xf2v\x0d\xbfS\x02\x84\
\x0f\xbc_\x1e\x026`\x0d\xe2\xa4>W})\x89X\
\xe4\x89\x1c\xe8\x8d\xad\x9dkg\xe32\x17kq\xa5\xda\
\xfa\x95j\x1a\x10\x89\xe6\xbe\xcc\xf4\x08\x88\x22=\x9e\x82\
\xd2\xd3EV\x95fU\xd2y\xbe\x89\xad\x96x\x9e=\
h\xd7\xb2\xb2\xea\xc1\xb9O\x81\xac\xfcB7\xcc\xd3#\
fp\xf8%hP\xa5\x86x`\xe1\xd4>\xa7\x18\xa6\
\xe2\xa9\xeb\x1fl\xbdQ\xfb,G\x966\xc0\xbe\xe6u\
\xe8\xbcOH\xf9\xbd\xb6\xde\xebJN\xec\xa7\xd9)\x05\
.\x11n'$\xe3j\x0dq\x5c\xa5\xd5f~\xecr\
\x82\x16xh\xc0Wq`\x8e&\x98#\x9d|\x81Y\
\xa6\xcb\xdf\xebl\xf5\x93\x81\x15L\xc27{\x98e\x94\
\xa7\x88O\x82W\x95\x8b;\xfc\xc6\xe6z\xdc\x88\x8d3\
\xfc\x8f3\x9b\xc4V-\xed\xab\xb5$|\xf7\x1e;\xaa\
\xe0x\xe9\x0c\xe1\xdc\x03d\xabm\xb7,\xf7\x9f\xdas\
\xe7:W\xb3\xb3\x81\xaa!\x0d\xe3\xdb\xecmR\x06\xd7\
\xaa\xeb\xc5rEZ\xac%\x01\xe1S\xec\x9a\x1b\xbf^\
L\xde\x8ef\x1eU\x12U\xe2\xda\xa4\xe5bX^\x01\
M\xd5/\x15\x83\x0b\xcd\x1e\xb8\x02\xa8\xceq\xab2\x1d\
\xc5\x09\xd6\x14\xf8\xa5\xd7;d\x0bP\x5cI\x7f.\x9a\
\xcb\x83$(,Z\xb8\xa1m\xc3\xdc\xb9\x1e\xf3\xa8#\
D\x89\xaf\x0ct\xed\xd6\xe7u\x5c\x08uh\xc4g\xde\
qA\x99 \xf7P-\xa9\xd4\x9da\xa6\xbb,\x84\xdb\
\x8083\xdc\xcc8\xe5\xc9}\xcb\xb1\xc8\x10\xd1+\xcf\
\x19\xaa\xeeI\x11\xb2\xed\x9a\xbd\x02k\xf6\x87\xe3\xba\xdf\
\xe2\x99A3\xe7pF4}\xfb\xab\xd7\x8cc3\x22\
n\x1b\x14\x09I\xc6\xcc\xd55\xcd\x0d\xec\xb1Z\x9e#\
n\xb8\x9c\xce\xbdLqT\xd8[\x00\x81\xd5C\x85\xf0\
3\x7f\xd4\xe7\x91+Y\x1e\xb7]l\x11\xfb\xf5h\x81\
\xd15\x06\xf0x\xa2X\xe2\xc8P\xaf\xa7\x7f\x09\x89\xad\
I\x0b\x5c\xd0\x08\xa9\x99\xa5\xe5{\xdc\x80\xbb\xdfV\xe6\
,\xa6\x93\x0d\xa6\x80\x05\xe1J0\xfc\x99\x02\x8f\xad\x94\
\xef\x16n\x98\xf1\x0c_p\x12WbW)\x83\xb6\xb3\
H\x1a\xde&9\x8f\xd3\xbbF\x89`7\x03\x0f\xefY\
\xa5{\x90m\x15\xe3*9\xd72\x22\xabt\xcd\x0dg\
J\xa8\x81\xee\xce\xb0\xaa^\xdd\xda\x15h\x94Os%\
Y\xe5\xb7\x95kh\xa2U\x10\xad\x9d\xc3\xc0(\xfbk\
\x04{\xa2\xce\x14f\xca\xe9\xaeG\xfa\xcc\xa2\xef\x8cg\
\x90\xa9z\xadh\xf2r\x9f\xac\xe1\xf0\xc0 \xab~,\
\xf1'*\x81\x97\xc78\xc9\xcc\x90}\xba\xe0I\x9e\xfa\
\xa6\xfbo\xfcL\xa6\xf5I\x0b\x9a?W\x81b\x91\x7f\
\xcc/\xaa\x9e\xe5\xc8\xaaE\x08\xa9\xebA+\x19,\xa2\
\xb6\x83[\xac\xcf\x22\xc5\xfby\x899\x9eq\xa8\xb1;\
 \xbfcot\xa7b\xf4\xe9F\x86x\x16\xd7(\xa6\
[\x10\xed\x08\xb9\xa7K\xf8r_%\x92\xbf,{\xd4\
\x01\xfeE\x11\xbc\x07 \xf0\xbaW:C\xdd\xa0\x9a\xfc\
\x01\xcf\x91\xf0l\xb2N\xa1\xda\x03.\xf5@\xf3\xff\xa5\
^\x87wI\xfd\x8a\x02\xc6e\x1a\x87\xbc\x01S\xe3\xaf\
\x92\xd8%\x9c\xcd\xfdr\x1aR\xefj\x9cmL\xc2\x95\
o9\xb6\xd3\xd0\xb1\x11\x1b\xe64\xdc\xe2y\xc0\xc2\xf4\
X\x1d\x85\x1cv\x22\x96\x05\xe7)\xf2\xfaR\xe2\x1c\xb9\
P\x9e\xd9M-\x01\xc7\x88\xc8\xd2\x19c\x9c\xa3\x99\x8c\
\x81\xf4?\xc5w\x15\x10\x1c\xf2P\x0b:\x0e>\x85\xa0\
+\x81\xe3H\xfa0\x8d\xe1\x14oI\x82J\x01\x89\x9e\
\x9a&!\x14\x8e\x96\xb2\x06\xbe\xb5xK\x5c!W\x16\
M\x1e\xe7\x95\xbf\x06\x81Ok\x17\x12G\x09\xbc\x04\x8f\
J\xf1(+\xed\xae:C\x85.\x13\xc3\xb8{\xf0\x12\
M\x96~)\xb2\xd2\xb9\xddNyD\x871\xcb\xf6\xad\
\x0f.\xe7G\xf5\x02\x12K\xa5&5I\xd5<\xa7\xe4\
V'g\x87\xa4\x01\xd1J\xc7\xb3\xedd A\x8d\xe4\
\xdf{\xde'\xc3\xdff=\xfc\xf6lR\x0bI|\x11\
St\x10\x85\xbc\xfc\xc82$\xbd\x8e\xb1\xfduVM\
\x15\xf6\xce\xef@\x02\xac\xc6\xc6q\x03\xf1\xcea\x83\xca\
\xf1=\x01\x0e\xb9yj\xda\xf7\xe0\x86H\x98\xf4e@\
;\xf3\xd6\xe6Rb\xb4\xb6\x99'^\xdb\x17\x87\xe0L\
zN7(\xf48\xd0\x92QcB\xed\xebS\x0cE\
\xb3\x9c\xb8\x01wT\xb6\x9b*O\x0d\xac\x9dn\xe3\xbb\
EF\xd4=\x15\x5c\x9aHIL;~\x99\xd3\xa1\xe1\
\xcaI\x13Y\xc6\x8c5\xb2\x91T,'U4\x8e\x83\
\x88\x9b\xa4.`$\x06\x89\xe42H\xd6Zb\xbf\xa6\
f\xa7\x87\x14\x9a^V\x90\xeb|j\xf5\xee\xa9\xa9\x9a\
\x7frY\x22q=>\xa65\xa4\xda\x92\xe5\xe2\xdde\
k\x94-\x1e\x0fnWH\xa9A\x91Ms\xc5\xd76\
\x96M\x97LtG\x1d\xf1\xa9\x1f\xb1\x06\x88\x1c,\x11\
r\xd8\x03\x5c)\xb6\x0dY\x16p\xe4\xb9\xdb\x0f\xbb\xfa\
K\x17\xa8E>\xda\xf6\x15\x05\xde\xecI!\xe6\xa0-\
x8\x07\xae\xa4\xf6\x9f\xe9\xe6\xba\x93\x85G\x16\xc4\x07\
\x8fV\xa2\x0e~U\x8c\x9fP\xa0\x0f\x16\xad\xecp\xf5\
^&\xf4\xb6\xddb\x5c\xe1\xcd\xb0gO\x0c\x9f\xeb.\
\x5c\xd7\x99\x82\xc7\xc2\x1e0Pj\xdb3 \xe1@\x03\
\x10\xd4\x1f\xcf\x9e\x16~f($\xdb\x8fYn<\xcf\
S\x10C\xad#`\x02u6\xad\x0b%c\x04s\xa8\
\x1b}\xc0\xcbA\x9c\xe2\x11\xcc\x07\x87\x06~\x891\xe4\
\xd5\x80X>\xe3\xe4<l^\x95\x94\xfc_}\x9c\xca\
\x9f\
\x00\x00\xb4\xd5\
<\
\xb8d\x18\xca\xef\x9c\x95\xcd!\x1c\xbf`\xa1\xbd\xdd\xa7\
\x00\x00\x00\x05zh_TWB\x00\x00\x13\xf8\x00\x00\
\x05;\x00\x00\x08q\x00\x00\x05;\x00\x00\x1e\x93\x00\x00\
\x05;\x00\x00\x82\x81\x00\x00\x05C\x00\x00w\x5c\x00\x00\
\x05O\x00\x00<\xa6\x00\x00\x05O\x00\x00\x98^\x00\x00\
\x07\xb2\x00\x005\x92\x00\x005\xa8\x00\x00\x0ai\x00\x00\
5\xa8\x00\x00Ib\x00\x00E\x82\x00\x00\x16W\x00\x00\
G\xa4\x00\x00\x05U\x00\x00G\xa4\x00\x00Fb\x00\x00\
Ih\x00\x00\x16\xd9\x00\x00Ja\x00\x00=3\x00\x00\
Q\xc9\x00\x00\x1d\x0e\x00\x00S\x82\x00\x00\x1ej\x00\x00\
V\xfe\x00\x00?e\x00\x00Y\xbe\x00\x00!\x1a\x00\x00\
[\xb3\x00\x00\x5c\x89\x00\x00_\xc3\x00\x00<\xd3\x00\x00\
_\xc3\x00\x00\xa0m\x00\x00hp\x00\x00O\xbb\x00\x00\
ih\x00\x00(\x08\x00\x00u\xa2\x00\x002\xbb\x00\x04\
<4\x00\x00\x82I\x00\x04\x8c\xaf\x00\x00\x8bI\x00\x04\
\x93\xc2\x00\x00\x8d\xd8\x00\x04\x98,\x00\x00\x11<\x00\x04\
\x9c\xb9\x00\x00Z\xfa\x00\x04\xa8\x8b\x00\x00\x06\x84\x00\x04\
\xa8\x8b\x00\x00`\xe7\x00\x04\xa9\x03\x00\x00\x0cx\x00\x04\
\xa9\x03\x00\x00J\xed\x00\x04\xb8w\x00\x00>\xaf\x00\x04\
\xbb\x04\x00\x00Gz\x00\x04\xbb\x04\x00\x00{Z\x00\x04\
\xcf\x04\x00\x00Ag\x00\x04\xd0%\x00\x00\x1a\xc3\x00\x04\
\xec0\x00\x00a\xba\x00\x04\xf6\xc2\x00\x00\x0c\xab\x00\x04\
\xf6\xc2\x00\x00K \x00\x05\x04\xcf\x00\x00A\x8e\x00\x05\
\x04\xcf\x00\x00O6\x00\x05\x04\xcf\x00\x00~\x19\x00\x05\
\x04\xcf\x00\x00\x88B\x00\x05\x04\xcf\x00\x00\x94\x9c\x00\x05\
VE\x00\x00\x98z\x00\x05d\x95\x00\x00\x0d\xd0\x00\x05\
d\x95\x00\x00L~\x00\x05d\x95\x00\x00W\xc0\x00\x05\
\x98\xc5\x00\x00!A\x00\x05\x98\xc5\x00\x00\x83\x89\x00\x05\
\xab`\x00\x00#R\x00\x05\xab`\x00\x00zY\x00\x05\
\xab`\x00\x00|~\x00\x06\x87\x9b\x00\x00'\xe0\x00\x06\
\xd0D\x00\x00+\xa2\x00\x07F\xc5\x00\x001\xf6\x00\x0a\
\xf2\xce\x00\x00\x5c\xd4\x00\x0bN\x8e\x00\x00p\xfb\x00\x16\
\xad\x8d\x00\x00\x14\xa7\x00\x18Y\x81\x00\x00pT\x00\x18\
\xed\xf2\x00\x00\x90\x17\x00&\x9ed\x00\x00.\xbf\x00+\
d\x91\x00\x00e2\x00=G\xa5\x00\x00bm\x00=\
\xfa\x15\x00\x00\x07\xab\x00C\x00\xa7\x00\x00j\xba\x00D\
'\xc5\x00\x002\x22\x00G\x96\xc4\x00\x00@\x89\x00G\
\x96\xc4\x00\x00_:\x00H,\x94\x00\x00\x89x\x00I\
\xf0A\x00\x00\x8f\x9e\x00J+\x82\x00\x00>a\x00J\
6\x95\x00\x00>\x88\x00J6\x95\x00\x00}\x9a\x00J\
d\x95\x00\x00-\x05\x00J\x809\x00\x00\x0cB\x00J\
\x809\x00\x00J\xb7\x00J\x809\x00\x00Vc\x00J\
\xb9\xb7\x00\x00A\x13\x00J\xb9\xb7\x00\x00u?\x00J\
\xb9\xb7\x00\x00\x87f\x00L\x99b\x00\x00A?\x00L\
\x99b\x00\x00Q\x0d\x00L\x99b\x00\x00y\x1b\x00L\
\x99b\x00\x00\x91Y\x00N\xbf\xa5\x00\x00\x1bf\x00O\
l\x93\x00\x00\x0c\xe0\x00Ol\x93\x00\x00KU\x00R\
\xfd\xf4\x00\x00\x06\xb0\x00R\xfd\xf4\x00\x00b\x0c\x00T\
l\x95\x00\x00\x1d\xcf\x00V\x80\x04\x00\x00\x94\xbc\x00V\
\x8c\x95\x00\x00?>\x00V\x8c\x95\x00\x00e\x0b\x00V\
\x8c\x95\x00\x00y\xdd\x00V\x8c\x95\x00\x00{\xda\x00V\
\xae\xc2\x00\x00\x1fG\x00X\xb7\xb9\x00\x00W\xee\x00Y\
\xe8\x85\x00\x00=\x8a\x00Z\x8a#\x00\x00Cy\x00Z\
\xa8\x94\x00\x00e\xf6\x00Z\xa8\x94\x00\x00z0\x00Z\
\xa8\x94\x00\x00|X\x00Z\xcf\xb3\x00\x00\x9e\x82\x00Z\
\xec5\x00\x00\x06\xdd\x00\x5cV\xfe\x00\x00?\xb2\x00\x5c\
\x83\xb5\x00\x00O\x91\x00\x5c\x83\xb5\x00\x00~\x98\x00i\
2\xb4\x00\x00*8\x00j/\x9b\x00\x00)_\x00v\
vN\x00\x00$4\x00v\x8c\x95\x00\x003 \x00z\
+\xc0\x00\x004\xa3\x00z\xe0e\x00\x0053\x00}\
\x9e\x01\x00\x00jJ\x00\x81(i\x00\x00YV\x00\x85\
7\xe7\x00\x00<o\x00\x8d\x9c\x0e\x00\x00]6\x00\x97\
\x96\x04\x00\x00V\xc2\x00\x97\x96\x04\x00\x00{/\x00\xaf\
\x88w\x00\x00\x01q\x00\xc0\xb8\x84\x00\x00,z\x00\xcd\
&\x11\x00\x00\x003\x01\x10\xaa^\x00\x00CB\x01!\
\xadg\x00\x00R\xba\x01*\xd0\x97\x00\x00\x09\x0b\x01*\
\xd0\x97\x00\x007\x9d\x01*\xd0\x97\x00\x007\xd6\x01*\
\xd0\x97\x00\x00|\x00\x016$q\x00\x00rG\x01<\
\xdf5\x00\x00\x9f\x97\x01?\xf9>\x00\x00\x90~\x01@\
\x1dG\x00\x00@\x0b\x01C`n\x00\x00!\xd3\x01L\
\x05#\x00\x00\x86\xeb\x01c\xaa\x09\x00\x00\x0fx\x01c\
\xaa\x09\x00\x00Nr\x01d\xa2o\x00\x00&\x13\x01t\
#\xfd\x00\x00\x83\xde\x01\x80\xad\x22\x00\x00d\xd7\x01\x80\
\xad\x22\x00\x00v\xcc\x01\xaa\xde>\x00\x00\x95\x90\x01\xb8\
\x13D\x00\x00\x16\x0b\x01\xc1\xf0\x05\x00\x00Ux\x01\xca\
E\x8f\x00\x00\x05\xe3\x01\xcaE\x8f\x00\x00\x7f \x01\xd4\
VT\x00\x00\x99v\x01\xd7k\xaa\x00\x00\x9b\xd1\x01\xe7\
\xf5T\x00\x00`\x8e\x01\xfb0\xd4\x00\x00u\xd1\x02\x06\
F5\x00\x004\xff\x02\x0b\x08\x8e\x00\x00C\xcd\x02\x19\
\xde;\x00\x00O\xe7\x021\xe1\x8e\x00\x0094\x024\
\xfb\xbe\x00\x00\x1b\xf9\x028s\xd2\x00\x00(1\x028\
\xd4R\x00\x00\x91*\x02;\xe2\x87\x00\x00\x89\xda\x02C\
\x04~\x00\x00%\x0d\x02l\x99\x03\x00\x00\x9bH\x02q\
6u\x00\x00\x8b\xaa\x02v\xb8\x09\x00\x00\x5c\x06\x02\xad\
pR\x00\x00E\xeb\x02\xd9@\xf9\x00\x00\x98\x98\x02\xdc\
 Q\x00\x00\x92\xf4\x02\xe7 \xf5\x00\x00\x06I\x02\xe7\
 \xf5\x00\x00\x17`\x02\xe7 \xf5\x00\x00\x7f\xa9\x03\x00\
(\x14\x00\x00\x9d\xd5\x03\x09\xa2\x9e\x00\x00$\xc4\x03\x15\
*u\x00\x00\x1a\x8d\x03%\xdek\x00\x00S\x0c\x03C\
L9\x00\x00\x1a\xeb\x03K\xef\xe5\x00\x003\xd4\x03O\
\x17\x85\x00\x006H\x03P\xba\x9e\x00\x00A\xb5\x03S\
\xb0\xcb\x00\x00\x0bv\x03W\xb0\x17\x00\x00sY\x03X\
\x11u\x00\x00`[\x03]\xe0\x17\x00\x00\x1d5\x03d\
\xa1\xce\x00\x00>\xd5\x03v\xe01\x00\x00k\x00\x03\x8d\
\x17\xe3\x00\x00v+\x03\x9d\xfdE\x00\x00^\x0d\x03\xc5\
\xefz\x00\x00\x17*\x03\xcc\xfa\xa3\x00\x00\x02\x13\x03\xcd\
G\xa5\x00\x00-5\x03\xee\xf3\xfa\x00\x00!\x9d\x04\x14\
S\xf5\x00\x00\x11\xc8\x04\x1b\xf0d\x00\x00\x9a9\x04(\
U\xc4\x00\x00\x9e*\x04K+\x03\x00\x00F\x8e\x04L\
\xedM\x00\x00\x89\x16\x04d`5\x00\x001S\x04e\
\xafi\x00\x00\x0dM\x04e\xafi\x00\x00LF\x04e\
\xafi\x00\x00WY\x04lu\x90\x00\x00H\x08\x04r\
\x80\xd4\x00\x00O\x04\x04r\x80\xd4\x00\x00}\xbf\x04r\
\xd0\x03\x00\x00C\xa1\x04\x87p\xc8\x00\x00,\xbc\x04\x8f\
\x07Y\x00\x00[@\x04\x90\x894\x00\x00Y\xf4\x04\x94\
\xa8\x84\x00\x00kt\x04\x98I\xbc\x00\x00\x05\x82\x04\x98\
I\xbc\x00\x00\x07\x82\x04\x98I\xbc\x00\x00\x09>\x04\x98\
I\xbc\x00\x00\x0b\x08\x04\x98I\xbc\x00\x00\x0f\xd2\x04\x98\
I\xbc\x00\x00\x17\x00\x04\x98I\xbc\x00\x008\x0e\x04\x98\
I\xbc\x00\x008\xcf\x04\x98I\xbc\x00\x00F\xcc\x04\x98\
I\xbc\x00\x00J\x01\x04\x98I\xbc\x00\x00PC\x04\x98\
I\xbc\x00\x00~\xbb\x04\x98I\xbc\x00\x00\x7f\x7f\x04\x98\
I\xbc\x00\x00\x8f\x19\x04\x99n\x95\x00\x00;r\x04\xa0\
\xb2*\x00\x00#\x09\x04\xa1L\x85\x00\x00\x22\xcb\x04\xa2\
\xcb\xd7\x00\x00_b\x04\xa8\xb8\xa5\x00\x00\x0b?\x04\xac\
,\xa5\x00\x00P\xa8\x04\xac,\xa5\x00\x00V\x92\x04\xac\
,\xa5\x00\x00z\xd8\x04\xac,\xa5\x00\x00\x7f\xdf\x04\xac\
\xab]\x00\x00\x0b\xc3\x04\xac\xab]\x00\x00J8\x04\xac\
\xab]\x00\x00V1\x04\xc2\x8f\xa2\x00\x00v\x00\x04\xc4\
y%\x00\x00}>\x04\xcfv\x94\x00\x00\x19\xa3\x04\xd1\
\x1fR\x00\x00v\xff\x04\xd5P\xa4\x00\x00.\x8f\x04\xd5\
Z\xc4\x00\x00//\x04\xd5n\xc4\x00\x00/\x90\x04\xe0\
\x8f\xb2\x00\x00=[\x04\xe3X|\x00\x00\x93\xc4\x04\xe6\
\xf1\xdf\x00\x00\x86\x18\x04\xedY\xc4\x00\x00\x14\x0d\x04\xf4\
\x18N\x00\x00#\xa5\x04\xf6\x91\xc9\x00\x00\x93\xe6\x04\xfa\
\x12\xa3\x00\x00\x97\x17\x05\x14\x8d9\x00\x00E\xa7\x05\x17\
60\x00\x00\x1d\xf8\x05\x1d\xcf\x09\x00\x00\x8d7\x05\x22\
?\xe9\x00\x00b\xb3\x05#k\x81\x00\x00x\x85\x05(\
J\xd3\x00\x00>1\x051\x10\xbe\x00\x004;\x056\
\x8ay\x00\x00\x8fo\x058\x92\xc0\x00\x00\x81`\x05<\
F\x99\x00\x00\x96\xf3\x05@\x5c\xa5\x00\x00\x0d\x16\x05@\
\x5c\xa5\x00\x00K\x8b\x05B\xdd\xac\x00\x00\x9f]\x05E\
\xaf\xd9\x00\x00G\xa7\x05E\xaf\xd9\x00\x00H\xe8\x05E\
\xaf\xd9\x00\x00K\xc2\x05E\xaf\xd9\x00\x00W)\x05K\
\xe0\xd4\x00\x00u\x13\x05_/R\x00\x00.\xfd\x05f\
j\xa7\x00\x00\x9c\x0b\x05o/\xe3\x00\x00Q\xc4\x05v\
*I\x00\x00M6\x05\x80W\xc4\x00\x00^\xe4\x05\x8b\
\xa6\x84\x00\x00\x1f\xd6\x05\x8cF\xc5\x00\x00H8\x05\x8c\
\xac5\x00\x00?\x8a\x05\x8c\xac5\x00\x00z\x06\x05\x8c\
\xac5\x00\x00|1\x05\x8ec\xb5\x00\x00\x8cy\x05\x93\
\xca\x17\x00\x00[\xc9\x05\x9a\x90t\x00\x00B\xee\x05\x9c\
}.\x00\x00\x84\xa6\x05\xa6\xecX\x00\x00+\xca\x05\xaa\
\x8b\xc3\x00\x00XT\x05\xac\xdcQ\x00\x00\x046\x05\xb4\
\x98\xde\x00\x00\x1fp\x05\xbd\xf7S\x00\x00-\xe3\x05\xc6\
\xa8\xa5\x00\x00D\xad\x05\xd4\x8fX\x00\x00)\xb7\x05\xd6\
\x03\xff\x00\x000\xbc\x05\xdb\xc29\x00\x00\x0fA\x05\xdb\
\xc29\x00\x00N;\x05\xdb\xc29\x00\x00Y&\x05\xdd\
\xf9D\x00\x00\x1b\x8f\x05\xdf\xba\xba\x00\x00\x08\x96\x05\xe0\
Kg\x00\x00'\x06\x05\xe7\x0c5\x00\x00b4\x06\x09\
\xcd\xf4\x00\x00n\xfe\x06#\xc0[\x00\x004\xcc\x06,\
\xce\xa9\x00\x00\x1e\xb9\x06.!\xe5\x00\x005\x5c\x06.\
\x8e)\x00\x00k\xef\x06C\x1f\x15\x00\x00\x96\xc6\x06Q\
V\xe9\x00\x00\x94\x0a\x06e2`\x00\x004p\x06e\
\xa0.\x00\x00Hg\x06\x80\xab\x84\x00\x00\x1b\xc4\x06\x81\
6D\x00\x00\x97\xcf\x06\x95x>\x00\x00`\x02\x06\xa2\
\x1a]\x00\x00z\x81\x06\xa8\xa9\xaa\x00\x00\x9f3\x06\xac\
Wc\x00\x00-\xb1\x06\xae\xa4>\x00\x00\x81\xd3\x06\xb0\
\xbe\xae\x00\x00\x02F\x06\xb0\xbe\xae\x00\x00\x9b\xa5\x06\xb5\
\x04\x22\x00\x00.$\x06\xb8\x91\xde\x00\x00\x22\x8a\x06\xbb\
]a\x00\x00o\xad\x06\xc4y%\x00\x00+\x01\x06\xc9\
\xb1\x80\x00\x001\xc6\x06\xd0\xbaQ\x00\x00\x94\xe3\x06\xe3\
v\xd4\x00\x00*g\x06\xe8\xc3G\x00\x00i\xe6\x07\x02\
\x06\x83\x00\x00\x8f\xbf\x07\x05\xe4d\x00\x00\x93>\x07\x09\
W\xa2\x00\x00/\xf2\x07\x0cHY\x00\x00\x15f\x07\x11\
\x5c$\x00\x00\x13\xba\x07\x1f\x97[\x00\x00\x18K\x074\
'\x12\x00\x00Eo\x0773\xdb\x00\x00\x92G\x07I\
o~\x00\x00\x93i\x07P\xb3\xaa\x00\x00\x1b2\x07W\
f\x07\x00\x00\x8bi\x07^\xb4t\x00\x00\x93\x9a\x07h\
\x80$\x00\x00\x11a\x07\x85\x93\xd1\x00\x00\x86\xa0\x07\x9a\
\x96,\x00\x003\xaa\x07\xa9\xbc\x84\x00\x00U\xc3\x07\xab\
\x06\x13\x00\x00V\x00\x07\xab\x08\x98\x00\x006\x0e\x07\xab\
\x1aR\x00\x006\x88\x07\xb45q\x00\x00q\x98\x07\xb5\
\xe2\xfb\x00\x00\x09\x99\x07\xb5\xe2\xfb\x00\x00\x17\xc1\x07\xb7\
U\xe4\x00\x00f\x84\x07\xdf\x0e\xf3\x00\x00\x13v\x07\xe3\
\xfd\x9b\x00\x00RM\x07\xe5$\xf3\x00\x00\x91\x05\x08\x03\
\xeft\x00\x00\x08\xc1\x08\x09\x7fd\x00\x00\x089\x08\x0a\
br\x00\x006\xfe\x08\x0ftN\x00\x00\x9cD\x08\x18\
B%\x00\x00\x98\x14\x087\x99\xfd\x00\x00\x8c.\x08=\
\xe1s\x00\x00_\x93\x08B\xf3Q\x00\x00\x90\xbf\x08E\
=\x0e\x00\x00\x00\xaf\x08E=\x0e\x00\x00\x8d\xae\x08F\
k\xe2\x00\x00\xa0\x8a\x08J\x95A\x00\x00h\xe1\x08K\
\x95\xb4\x00\x00t\x15\x08N\xb2\xf5\x00\x00a\xe1\x08i\
5\xf4\x00\x00\x9e\xab\x08i\x8d\x8c\x00\x00'0\x08n\
\xd9n\x00\x00s\x8d\x08u`l\x00\x00\x9f\x01\x08\x81\
(\x11\x00\x00nn\x08\x89)\xf9\x00\x00E:\x08\x96\
\x1e\x8c\x00\x00d\x08\x08\x9aE\xee\x00\x00.W\x08\xa2\
\x93\xc7\x00\x00\x88\xe4\x08\xb4\xac\x0e\x00\x00f\xd2\x08\xba\
h\xc3\x00\x00@b\x08\xbd\x8c\xc8\x00\x00SU\x08\xbd\
\x8c\xc8\x00\x00e\x9e\x08\xbd\x8c\xc8\x00\x00w\x83\x08\xc2\
\xb8\xc5\x00\x00Bb\x08\xc2\xb8\xc5\x00\x00\x88j\x08\xc4\
\x9b\xe2\x00\x00\x96\xa0\x08\xcce\x97\x00\x00w\xaf\x08\xce\
\x01\x9e\x00\x002\x8b\x08\xd6t\x12\x00\x00w\xe2\x08\xfd\
\xd9#\x00\x00D~\x09\x06\xb5i\x00\x00\x85[\x09\x0b\
I\xc9\x00\x00\x193\x09\x16(\xb1\x00\x00m\x08\x09)\
\xe2\x83\x00\x00db\x09)\xe2\x83\x00\x00v^\x09+\
`\xfc\x00\x00ZF\x090\x8f%\x00\x00\x87\x91\x096\
vN\x00\x00$|\x09?h\x89\x00\x00\x0a\xa1\x09?\
h\x89\x00\x00I\x9a\x09J*\xb9\x00\x00\x03\x07\x09Q\
\xd8\xce\x00\x00\x80\x93\x09Z\x7f\xad\x00\x00\x84`\x09\x5c\
\xa9e\x00\x00\x00\x00\x09`\x06\xb5\x00\x00\x0eE\x09`\
\x06\xb5\x00\x00L\xb3\x09a~\xb5\x00\x00f\x1d\x09k\
\xd7]\x00\x00\x00\xde\x09m\xf9T\x00\x00\x19\xcd\x09q\
\x01\xe0\x00\x00\x9c\xa9\x09\x87\xbc\xc5\x00\x00@\xb1\x09\x87\
\xbc\xc5\x00\x00d9\x09\x87\xbc\xc5\x00\x00tK\x09\x88\
\xbd\xa3\x00\x00a\x0e\x09\x8cu\xff\x00\x00\x83\xb1\x09\x91\
\xe0\x92\x00\x000$\x09\x9cu\xa3\x00\x00\x15/\x09\xaa\
\xaa\x89\x00\x00\x83\x06\x09\xb2\xf0\x1e\x00\x001\x94\x09\xc5\
P\x17\x00\x00Oa\x09\xc5P\x17\x00\x00X!\x09\xc5\
P\x17\x00\x00e\xcb\x09\xc5P\x17\x00\x00~=\x09\xc5\
\xb8\x8a\x00\x00\x8ao\x09\xd1\x8d\xf1\x00\x00ol\x09\xd5\
\x1e\xb5\x00\x00\x11\x06\x09\xd5\x1e\xb5\x00\x00M\x84\x09\xd5\
\x1e\xb5\x00\x00X\x84\x09\xd7\xa4d\x00\x00(\xa6\x09\xde\
\xd1\x8d\x00\x00ge\x09\xeb\xbf\xb5\x00\x00B\xbf\x09\xfd\
]\xb5\x00\x00\x0f\x00\x09\xfd]\xb5\x00\x00M\xfa\x09\xfd\
]\xb5\x00\x00X\xbb\x0a\x10d-\x00\x00\x15\xac\x0a\x1e\
e\xb4\x00\x00T\xb9\x0a!\xa6o\x00\x00\x16\x80\x0a\x22\
\xd2k\x00\x003I\x0a0\xab\x94\x00\x00\x1a\x02\x0a<\
j+\x00\x00\x0e\x05\x0a=\x0e\x95\x00\x00;\xa5\x0a?\
#\x1b\x00\x00\x10\x85\x0a?#\x1b\x00\x00\x18\x84\x0a?\
#\x1b\x00\x00Pq\x0a?#\x1b\x00\x00}\xea\x0a?\
j[\x00\x00\x18\xb7\x0a?j[\x00\x00P\xd6\x0a?\
j[\x00\x00z\xff\x0aZ\xcc\xc5\x00\x002[\x0a_\
\xbe\x83\x00\x00,\x12\x0aa\x13>\x00\x00yD\x0ad\
\xd0\xcd\x00\x00\x05\xb2\x0ad\xd0\xcd\x00\x00\x09k\x0ad\
\xd0\xcd\x00\x00\x10U\x0ad\xd0\xcd\x00\x008m\x0ad\
\xd0\xcd\x00\x009\x01\x0ad\xd0\xcd\x00\x00F5\x0ad\
\xd0\xcd\x00\x00GJ\x0ad\xd0\xcd\x00\x00~\xed\x0ad\
\xd0\xcd\x00\x00\x90[\x0ae\xb9\x1c\x00\x00\x17\x96\x0ah\
\xf6\xd5\x00\x00,F\x0aiA\x82\x00\x00;\xe1\x0am\
\x82\xfc\x00\x0074\x0atg\x19\x00\x00\x10\xbd\x0av\
\x1d\x99\x00\x00\x1d`\x0avZ2\x00\x00>\x09\x0aw\
r\xd7\x00\x00\x07\x0a\x0ay_\x07\x00\x00%U\x0a\x84\
\xfb\xa8\x00\x00'\xa8\x0a\x95m\xe4\x00\x00+/\x0a\x96\
ke\x00\x00\x0d\x85\x0a\x9a\xaaZ\x00\x00\x01\xa6\x0a\xa2\
\xfa7\x00\x00\xa0\x01\x0a\xa7\xd1>\x00\x009\xae\x0a\xad\
gY\x00\x00x\x18\x0a\xb6v\xe4\x00\x00\x9c\xd5\x0a\xb9\
\x9c\xf3\x00\x00#z\x0a\xb9\x9c\xf3\x00\x00S\xf8\x0a\xb9\
\x9c\xf3\x00\x00\x84\xf9\x0a\xbe J\x00\x00\x07\xdf\x0a\xd0\
_d\x00\x00\x85$\x0a\xd2\xc0\xe5\x00\x00*\x02\x0a\xd8\
\xc4\x11\x00\x00l\xc3\x0a\xdb\x09\xe4\x00\x00\x96#\x0a\xe1\
\xb0\x85\x00\x00\x8e(\x0a\xe7\x93\x14\x00\x00d\x93\x0a\xe8\
\xd6\x1e\x00\x00\x82\xa7\x0a\xebf\x09\x00\x00;,\x0a\xff\
e\xee\x00\x00\x81\x8a\x0b\x03\xc6\x94\x00\x00\x0e\xc8\x0b\x03\
\xc6\x94\x00\x00M\xc2\x0b\x09yE\x00\x00*\xa2\x0b\x09\
ye\x00\x00}\x12\x0b\x09\xa6\xc4\x00\x00=\x01\x0b%\
\xf5\x11\x00\x00\x05 \x0b08\xf9\x00\x00\x13\x00\x0b6\
\x01k\x00\x00Q\x7f\x0b6\x08+\x00\x00Q:\x0bH\
B\xd9\x00\x00\x0a\x1c\x0bHB\xd9\x00\x00I\x15\x0b`\
\xb6\xd5\x00\x006\xca\x0bc\xe2\x94\x00\x00iq\x0bd\
\xdd\xbd\x00\x00\x1a7\x0b\x883H\x00\x00)0\x0b\x8f\
\xdd\xb2\x00\x005\xb8\x0b\x91\x1f\xcc\x00\x00\x12\x8d\x0b\x92\
\x14 \x00\x00'k\x0b\x997\x8e\x00\x00r\xe4\x0b\x9e\
\x96Y\x00\x00c5\x0b\xab\x94\x0e\x00\x00t\xa6\x0b\xb7\
p\xde\x00\x00\x1e%\x0b\xbd\xf2c\x00\x00\x87&\x0b\xc0\
\x05\xe4\x00\x00\x842\x0b\xc2\x05\xe4\x00\x003|\x0b\xc5\
\x09q\x00\x00\x04\xeb\x0b\xcb\x00\xae\x00\x00\x22@\x0b\xdb\
\x22C\x00\x00\x8b\xdd\x0b\xe3\xea\x81\x00\x00\x88\x97\x0b\xee\
\x00\xe4\x00\x00=\xb8\x0c\x01\x9e\xd1\x00\x00\x99\xbc\x0c\x04\
\xa05\x00\x00B\x8e\x0c\x05\x83\x83\x00\x00\x14\xfb\x0c\x05\
\x83\x83\x00\x00?\x0f\x0c\x05\x83\x83\x00\x00w.\x0c\x10\
\xbf.\x00\x00\x80\x09\x0c\x13\xf8\xce\x00\x00\x09\xcd\x0c\x15\
*\xee\x00\x00hc\x0c!\x99\xcb\x00\x00\x91z\x0c*\
$W\x00\x0088\x0c*$W\x00\x00N\xcc\x0c*\
$W\x00\x00t\xe1\x0c*$W\x00\x00}i\x0cB\
\x17\xa3\x00\x00u\x9d\x0cC\xbb\xe2\x00\x00\x8a=\x0cG\
\x92\xf4\x00\x00V\xf6\x0cG\x92\xf4\x00\x00{\x7f\x0cJ\
fY\x00\x004\x0b\x0cRV\x8e\x00\x00X\xf5\x0cV\
\x8c\xe5\x00\x005\xe3\x0cV\xb7\xad\x00\x00\x17\xf2\x0cX\
\x09e\x00\x00\x9b\x14\x0cZ\xcf\x1d\x00\x00\x14I\x0c^\
T\xf9\x00\x00\x10\x01\x0co\x11\x8b\x00\x00\x04\xb9\x0cu\
\x02\xbe\x00\x00G\xd6\x0cuK\x99\x00\x00ui\x0cz\
\xc3\x9e\x00\x00\x12I\x0cz\xdb7\x00\x00\x97p\x0c{\
\x85\x9f\x00\x00%\x8e\x0c\x80\x8a\x83\x00\x00!i\x0c\x84\
\xfes\x00\x00\x9di\x0c\x88\xfa>\x00\x00\x99Q\x0c\x90\
\xd8\xbc\x00\x00\x8e\x9c\x0c\x92\xbc\xa1\x00\x00m\xba\x0c\x97\
\x12\xac\x00\x00c\xd7\x0c\x9a\x01\xda\x00\x00&\xad\x0c\xa1\
\xa9\x84\x00\x00/\xc0\x0c\xa3\x80I\x00\x00E\x03\x0c\xa4\
\x91\xb5\x00\x00-p\x0c\xa8h\x87\x00\x00cp\x0c\xa9\
_$\x00\x008\x98\x0c\xbb\x01s\x00\x00C\x17\x0c\xbb\
\x01s\x00\x00c\x0a\x0c\xc9\xa0\x0e\x00\x00c\xad\x0c\xce\
\x0f\x1f\x00\x00 \x00\x0c\xdf\x8d\xc8\x00\x00\x07Q\x0c\xee\
\xd9[\x00\x00R\x08\x0c\xf6\x5c\xfe\x00\x00W\x8a\x0d\x04\
,\xaf\x00\x002\xec\x0d\x05Rs\x00\x00\x11\x94\x0d\x18\
\x90\xf2\x00\x00</\x0d\x1fN\x94\x00\x00S\x84\x0d1\
\x07\xc5\x00\x00\xa0.\x0d4\xb3\xee\x00\x007f\x0dG\
c\xb4\x00\x00ts\x0dL\xdb\xf1\x00\x00\x9c\xfa\x0dU\
\x94\xe2\x00\x00/_\x0dZ\xca\xe7\x00\x000Z\x0d\x5c\
\xa9\x15\x00\x00(\xe8\x0d\x5c\xec2\x00\x000\x8b\x0d_\
\xd6C\x00\x00*\xd1\x0d\x89P\x17\x00\x00&\xdb\x0d\x89\
P\x17\x00\x00:\xf9\x0d\x93x%\x00\x00\x01\xdc\x0d\xa1\
\xc7\xc9\x00\x00v\x8e\x0d\xacz\xf3\x00\x00\x12\x06\x0d\xb0\
\x8e\xd4\x00\x00^\x80\x0d\xc5\x9e\xbe\x00\x00]\xa4\x0d\xd3\
\x034\x00\x00\x91\xf5\x0d\xd5\xf0#\x00\x00H\xab\x0d\xd8\
\xc9)\x00\x00\x8c\xed\x0d\xfc\x13'\x00\x000\xec\x0e\x0d\
Dn\x00\x00\x1cm\x0e\x11\x9a\xe6\x00\x00\x8e\xcd\x0e\x12\
\x05s\x00\x00\x98\xf6\x0e!}d\x00\x00|\xa3\x0e/\
\xa2t\x00\x00\x12\xbc\x0e1\xac*\x00\x00\x89\x99\x0e;\
\xcd\x81\x00\x00\x96d\x0eD\xcd+\x00\x00K\xf9\x0eF\
\xc4\xc3\x00\x00+h\x0eb\xa1\xae\x00\x00\x92\xba\x0ee\
@\x89\x00\x00\x85\xac\x0eg\x84\xbb\x00\x001\x1f\x0er\
\xa2\x0e\x00\x00 |\x0e\xafo\xc3\x00\x00{\xa9\x0e\xb1\
7\x93\x00\x00S\xbe\x0e\xbf\xdf:\x00\x00\x08\x0d\x0e\xcb\
%\xa2\x00\x00@\xdf\x0e\xd3\x02\xed\x00\x00g\xdf\x0e\xe1\
~\xa3\x00\x00\x0e\x84\x0e\xe1~\xa3\x00\x00L\xf2\x0e\xe8\
\x9b\xb2\x00\x00\x98\xc7\x0e\xf3\x11C\x00\x00\x8d\x81\x0f\x03\
\xb7\xa1\x00\x00\x88\x04\x0f\x07gi\x00\x00T'\x0f\x0e\
\x89.\x00\x00F\xfb\x0f\x19\x22<\x00\x00\x0b\xfc\x0f\x19\
\x22<\x00\x00Jq\x0f s\xf1\x00\x00\x03\xe1\x0f!\
o\xdd\x00\x00\x02w\x0f'\xf1\xfb\x00\x00\x03\xb9\x0f'\
\xf1\xfb\x00\x00D\xda\x0f3\x9a\x85\x00\x00\x80K\x0f9\
@\xe8\x00\x00\x04\x0e\x0fL\xa1\xb3\x00\x00\x1d\x97\x0fW\
\xb8i\x00\x00U.\x0fX\x1aC\x00\x00\x9ai\x0fn\
1U\x00\x00Z\xb7\x0f\x85\xef\xbe\x00\x00#\xed\x0f\x8a\
3\xb5\x00\x00_\xc6\x0f\x93gi\x00\x00Tp\x0f\x96\
\xf2!\x00\x00A\xea\x0f\x98N\xf4\x00\x00~f\x0f\x99\
+e\x00\x00\x8f;\x0f\x9eH$\x00\x00\x8c\xa4\x0f\xa1\
3H\x00\x00)\x88\x0f\xadN]\x00\x00\x8d\xf8\x0f\xc0\
w!\x00\x00\x04z\x0f\xc9X\x97\x00\x00?\xdd\x0f\xc9\
X\x97\x00\x00xX\x0f\xcc\xa8\xc4\x00\x00\x18\xea\x0f\xd4\
\x9eI\x00\x00\x80\xcd\x0f\xd5U\xb3\x00\x00fM\x0f\xef\
/\xd4\x00\x00T\xf4\x0f\xf4\xee^\x00\x00(s\x0f\xf5\
]#\x00\x00\x91\xabi\x00\x00\xa0\xb9\x03\x00\x00\x00\x08\
rHg,f\xf4e\xb0\x08\x00\x00\x00\x00\x06\x00\x00\
\x00\x0eVersion Update\
\x07\x00\x00\x00\x08@default\x01\x03\x00\
\x00\x00.\x00{\x00k\x00e\x00y\x00}\x00 \x90\
\x19z.c\x09\x93uf/q!eHv\x84\xff\
\x0c\x8a\xcbj\xa2g\xe5q\xb1\x93u\x8a-[\x9a\xff\
\x01\x08\x00\x00\x00\x00\x06\x00\x00\x001{key}\
 is invalid, ple\
ase check the ho\
tkey config!\x07\x00\x00\x00\
\x08@default\x01\x03\x00\x00\x00\x06n\
,\x8afrH\x08\x00\x00\x00\x00\x06\x00\x00\x00\x0cB\
eta Version\x07\x00\x00\x00\x08\
AboutTab\x01\x03\x00\x00\x00F\x96M\
}\x1ab\x10R\x9f\x00 \x00{\x00f\x00r\x00o\
\x00m\x00_\x00v\x00e\x00r\x00s\x00i\x00o\
\x00n\x00}\x00 \x00-\x00>\x00 \x00{\x00t\
\x00o\x00_\x00v\x00e\x00r\x00s\x00i\x00o\
\x00n\x00}\x08\x00\x00\x00\x00\x06\x00\x00\x000Do\
wngrade success \
{from_version} -\
> {to_version}\x07\x00\
\x00\x00\x08AboutTab\x01\x03\x00\x00\x00\
\x0aN\x0b\x8f\x09\x95\x8bv|rH\x08\x00\x00\x00\x00\
\x06\x00\x00\x00\x0eDownload De\
bug\x07\x00\x00\x00\x08AboutTab\
\x01\x03\x00\x00\x00\x0aN\x0b\x8f\x09\x93/\x8a\xa4\xff\x1a\
\x08\x00\x00\x00\x00\x06\x00\x00\x00\x0fDownlo\
ad Error:\x07\x00\x00\x00\x08Ab\
outTab\x01\x03\x00\x00\x00\x0aN\x0b\x8f\x09\
kc_\x0frH\x08\x00\x00\x00\x00\x06\x00\x00\x00\x10\
Download Release\
\x07\x00\x00\x00\x08AboutTab\x01\x03\x00\
\x00\x00\x08v\xf8\x95\xdc\x98\x05v\xee\x08\x00\x00\x00\x00\
\x06\x00\x00\x00\x0eOther Proje\
cts\x07\x00\x00\x00\x08AboutTab\
\x01\x03\x00\x00\x00\x06kc_\x0frH\x08\x00\x00\x00\
\x00\x06\x00\x00\x00\x0eStable Ver\
sion\x07\x00\x00\x00\x08AboutTa\
b\x01\x03\x00\x00\x00Ff\xf4e\xb0b\x10R\x9f\x00\
 \x00{\x00f\x00r\x00o\x00m\x00_\x00v\x00\
e\x00r\x00s\x00i\x00o\x00n\x00}\x00 \x00\
-\x00>\x00 \x00{\x00t\x00o\x00_\x00v\x00\
e\x00r\x00s\x00i\x00o\x00n\x00}\x08\x00\x00\
\x00\x00\x06\x00\x00\x00-Update su\
ccess {from_vers\
ion} -> {to_vers\
ion}\x07\x00\x00\x00\x08AboutTa\
b\x01\x03\x00\x00\x00H`\xa8v\x84\x90Jb2}\
\xe8\x86_\xff\x0cY\x82\x00 \x001\x000\x002\x00\
6\x003\x000\x006\x001\x002\x003\x004\x00\
5\xff\x0c\x5c\x07g\x03}\x81[\x9akd^3\x86\
_O\x7fu(N\x14q!l\xd5f\xf4e9\x08\
\x00\x00\x00\x00\x06\x00\x00\x00L\xe4\xbd\xa0\xe7\x9a\x84\xe6\
\xb8\xb8\xe6\x88\x8f\xe7\xbc\x96\xe5\x8f\xb7, \xe5\xa6\x82\
102630612345, \xe5\xb0\
\x86\xe4\xbc\x9a\xe7\xbb\x91\xe5\xae\x9a\xe6\xad\xa4\xe8\xb4\xa6\
\xe5\x8f\xb7\xe4\xbd\xbf\xe7\x94\xa8\xe6\x97\xa0\xe6\xb3\x95\xe6\
\x9b\xb4\xe6\x94\xb9\x07\x00\x00\x00\x09ActWin\
dow\x01\x03\x00\x00\x00\x04U_u(\x08\x00\x00\
\x00\x00\x06\x00\x00\x00\x06\xe6\xbf\x80\xe6\xb4\xbb\x07\x00\x00\
\x00\x09ActWindow\x01\x03\x00\x00\x00\
\x06U_u(x\xbc\x08\x00\x00\x00\x00\x06\x00\x00\x00\
\x09\xe6\xbf\x80\xe6\xb4\xbb\xe7\xa0\x81\x07\x00\x00\x00\x09A\
ctWindow\x01\x03\x00\x00\x00\x04\x8af\
u(\x08\x00\x00\x00\x00\x06\x00\x00\x00\x06\xe8\xaf\x95\xe7\
\x94\xa8\x07\x00\x00\x00\x09ActWindow\
\x01\x03\x00\x00\x00\x10\x8a\xcb\x8f8Qe\x90Jb2\
}\xe8\x86_\xff\x01\x08\x00\x00\x00\x00\x06\x00\x00\x00\x16\
\xe8\xaf\xb7\xe8\xbe\x93\xe5\x85\xa5\xe6\xb8\xb8\xe6\x88\x8f\xe7\
\xbc\x96\xe5\x8f\xb7!\x07\x00\x00\x00\x09ActWi\
ndow\x01\x03\x00\x00\x00\x0e\x8a\xcb\x8f8Qe\
U_u(x\xbc\xff\x01\x08\x00\x00\x00\x00\x06\x00\x00\
\x00\x13\xe8\xaf\xb7\xe8\xbe\x93\xe5\x85\xa5\xe6\xbf\x80\xe6\xb4\
\xbb\xe7\xa0\x81!\x07\x00\x00\x00\x09ActWin\
dow\x01\x03\x00\x00\x00\x08\x8e\xdf\x9a\xd4U_u\
(\x08\x00\x00\x00\x00\x06\x00\x00\x00\x0c\xe8\xbd\xaf\xe4\xbb\
\xb6\xe6\xbf\x80\xe6\xb4\xbb\x07\x00\x00\x00\x09ActW\
indow\x01\x03\x00\x00\x00\x0a\x9aW\x8bIY\
1eW\xff\x01\x08\x00\x00\x00\x00\x06\x00\x00\x00\x0d\xe9\
\xaa\x8c\xe8\xaf\x81\xe5\xa4\xb1\xe8\xb4\xa5!\x07\x00\x00\x00\
\x09ActWindow\x01\x03\x00\x00\x00\x0a\
\x9aW\x8bIb\x10R\x9f\xff\x01\x08\x00\x00\x00\x00\x06\
\x00\x00\x00\x0d\xe9\xaa\x8c\xe8\xaf\x81\xe6\x88\x90\xe5\x8a\x9f\
!\x07\x00\x00\x00\x09ActWindow\x01\
\x03\x00\x00\x00\x04e\xb0X\x9e\x08\x00\x00\x00\x00\x06\x00\
\x00\x00\x03Add\x07\x00\x00\x00\x11AddTe\
xtMessageBox\x01\x03\x00\x00\
\x00\x04S\xd6m\x88\x08\x00\x00\x00\x00\x06\x00\x00\x00\x06\
Cancel\x07\x00\x00\x00\x11AddTe\
xtMessageBox\x01\x03\x00\x00\
\x00\x04x\xba\x8a\x8d\x08\x00\x00\x00\x00\x06\x00\x00\x00\x07\
Confirm\x07\x00\x00\x00\x11AddT\
extMessageBox\x01\x03\x00\
\x00\x00\x1c`\xa8x\xba[\x9a\x89\x81R*\x96d\x00\
 \x00'\x00{\x00}\x00'\x00 U\xce\xff\x1f\x08\
\x00\x00\x00\x00\x06\x00\x00\x00%Are you\
 sure you want t\
o delete '{}'?\x07\x00\
\x00\x00\x10AnnotationCan\
vas\x01\x03\x00\x00\x00\x08x\xba\x8a\x8dR*\x96\
d\x08\x00\x00\x00\x00\x06\x00\x00\x00\x0eConfi\
rm Delete\x07\x00\x00\x00\x10An\
notationCanvas\x01\x03\
\x00\x00\x00\x04m\xf1\x82r\x08\x00\x00\x00\x00\x06\x00\x00\
\x00\x04Dark\x07\x00\x00\x00\x0fAppCo\
nfigWidget\x01\x03\x00\x00\x00\x04\
m\xfa\x82r\x08\x00\x00\x00\x00\x06\x00\x00\x00\x05Li\
ght\x07\x00\x00\x00\x0fAppConfi\
gWidget\x01\x03\x00\x00\x00\x04N;\x98\
L\x08\x00\x00\x00\x00\x06\x00\x00\x00\x05Theme\
\x07\x00\x00\x00\x0fAppConfigWi\
dget\x01\x03\x00\x00\x00\x12]\xf2[XW(\
e\xbc\x00 \x00'\x00{\x00}\x00'\x08\x00\x00\x00\
\x00\x06\x00\x00\x00\x16Already ex\
ists in '{}'\x07\x00\x00\x00\
\x0aBBoxDialog\x01\x03\x00\x00\x00\
\x06\x90\x8auLhF\x08\x00\x00\x00\x00\x06\x00\x00\x00\
\x0cBounding Box\x07\x00\x00\
\x00\x0aBBoxDialog\x01\x03\x00\x00\
\x00\x04S\xd6m\x88\x08\x00\x00\x00\x00\x06\x00\x00\x00\x06\
Cancel\x07\x00\x00\x00\x0aBBoxD\
ialog\x01\x03\x00\x00\x00\x08R\x06\x98^T\
\x0dz1\x08\x00\x00\x00\x00\x06\x00\x00\x00\x0dCat\
egory name\x07\x00\x00\x00\x0aB\
BoxDialog\x01\x03\x00\x00\x00\x06R\
\x06\x98^\x00:\x08\x00\x00\x00\x00\x06\x00\x00\x00\x09C\
ategory:\x07\x00\x00\x00\x0aBBo\
xDialog\x01\x03\x00\x00\x00\x06\x9a\xd8^\
\xa6\x00:\x08\x00\x00\x00\x00\x06\x00\x00\x00\x07Hei\
ght:\x07\x00\x00\x00\x0aBBoxDia\
log\x01\x03\x00\x00\x00\x0cT\x0dz1N\x0d\x80\
\xfdp\xbazz\x08\x00\x00\x00\x00\x06\x00\x00\x00\x0dN\
ame required\x07\x00\x00\x00\
\x0aBBoxDialog\x01\x03\x00\x00\x00\
\x04x\xba[\x9a\x08\x00\x00\x00\x00\x06\x00\x00\x00\x02O\
K\x07\x00\x00\x00\x0aBBoxDialog\
\x01\x03\x00\x00\x00\x06[\xec^\xa6\x00:\x08\x00\x00\x00\
\x00\x06\x00\x00\x00\x06Width:\x07\x00\x00\x00\
\x0aBBoxDialog\x01\x03\x00\x00\x00\
\x14e\xb0X\x9e\x81\xf3\x95\x8bY\xcbR\x9f\x80\xfd\x88\
hcw_\x91\x08\x00\x00\x00\x00\x06\x00\x00\x00\x17A\
dd Start Menu Sh\
ortcut\x07\x00\x00\x00\x0aConfi\
gCard\x01\x03\x00\x00\x00\x08\x91\xcd\x8a-\x8a\
-[\x9a\x08\x00\x00\x00\x00\x06\x00\x00\x00\x0cRes\
et Config\x07\x00\x00\x00\x0aCo\
nfigCard\x01\x03\x00\x00\x00\x04S\xd6\
m\x88\x08\x00\x00\x00\x00\x06\x00\x00\x00\x06Canc\
el\x07\x00\x00\x00\x0eCopyTaskD\
ialog\x01\x03\x00\x00\x00\x04x\xba\x8a\x8d\x08\
\x00\x00\x00\x00\x06\x00\x00\x00\x07Confirm\
\x07\x00\x00\x00\x0eCopyTaskDia\
log\x01\x03\x00\x00\x00\x08\x89\x07\x88\xfdN\xfbR\
\xd9\x08\x00\x00\x00\x00\x06\x00\x00\x00\x09Copy \
Task\x07\x00\x00\x00\x0eCopyTas\
kDialog\x01\x03\x00\x00\x00\x16\x90xd\
\xc7\x89\x81\x89\x07\x88\xfdv\x84N\xfbR\xd9\x00.\x00\
.\x00.\x08\x00\x00\x00\x00\x06\x00\x00\x00\x16Sel\
ect task to copy\
...\x07\x00\x00\x00\x0eCopyTask\
Dialog\x01\x03\x00\x00\x00\x12\x00(\x000\
\x00 \x00=\x00 ]\xf2y\x81u(\x00)\x08\x00\
\x00\x00\x00\x06\x00\x00\x00\x0e(0 = dis\
abled)\x07\x00\x00\x00\x18Creat\
eScheduleTaskDia\
log\x01\x03\x00\x00\x00\x08\x002\x004\x5c\x0ff\
B\x08\x00\x00\x00\x00\x06\x00\x00\x00\x0324h\x07\x00\
\x00\x00\x18CreateSchedul\
eTaskDialog\x01\x03\x00\x00\x00\
\x1cN\xfbR\xd9[\x8cb\x10_\x8c\x81\xeaR\xd5\x90\
\x00Q\xfa\x00 \x00(\x00-\x00e\x00)\x08\x00\x00\
\x00\x00\x06\x00\x00\x00\x1eAuto exit\
 after task done\
 (-e)\x07\x00\x00\x00\x18Create\
ScheduleTaskDial\
og\x01\x03\x00\x00\x00\x04S\xd6m\x88\x08\x00\x00\x00\
\x00\x06\x00\x00\x00\x06Cancel\x07\x00\x00\x00\
\x18CreateScheduleT\
askDialog\x01\x03\x00\x00\x00\x04R\
u^\xfa\x08\x00\x00\x00\x00\x06\x00\x00\x00\x06Cre\
ate\x07\x00\x00\x00\x18CreateSc\
heduleTaskDialog\
\x01\x03\x00\x00\x00\x0cRu^\xfa\x8a\x08R\x83N\xfb\
R\xd9\x08\x00\x00\x00\x00\x06\x00\x00\x00\x14Crea\
te Schedule Task\
\x07\x00\x00\x00\x18CreateSched\
uleTaskDialog\x01\x03\x00\
\x00\x00\x06\x81\xea[\x9a\x7f\xa9\x08\x00\x00\x00\x00\x06\x00\
\x00\x00\x06Custom\x07\x00\x00\x00\x18Cr\
eateScheduleTask\
Dialog\x01\x03\x00\x00\x00\x0a\x81\xea[\x9a\
\x7f\xa9\x95\x93\x96\x94\x08\x00\x00\x00\x00\x06\x00\x00\x00\x0f\
Custom Interval\x07\
\x00\x00\x00\x18CreateSchedu\
leTaskDialog\x01\x03\x00\x00\
\x00\x04k\xcfY)\x08\x00\x00\x00\x00\x06\x00\x00\x00\x05\
Daily\x07\x00\x00\x00\x18Create\
ScheduleTaskDial\
og\x01\x03\x00\x00\x00\x02Y)\x08\x00\x00\x00\x00\x06\
\x00\x00\x00\x04Days\x07\x00\x00\x00\x18Cre\
ateScheduleTaskD\
ialog\x01\x03\x00\x00\x00\x04\x5c\x0ffB\x08\
\x00\x00\x00\x00\x06\x00\x00\x00\x04Hour\x07\x00\x00\
\x00\x18CreateSchedule\
TaskDialog\x01\x03\x00\x00\x00\x04\
\x5c\x0ffB\x08\x00\x00\x00\x00\x06\x00\x00\x00\x05Ho\
urs\x07\x00\x00\x00\x18CreateSc\
heduleTaskDialog\
\x01\x03\x00\x00\x00\x04R\x06\x94\x18\x08\x00\x00\x00\x00\x06\
\x00\x00\x00\x06Minute\x07\x00\x00\x00\x18C\
reateScheduleTas\
kDialog\x01\x03\x00\x00\x00\x04k\xcfg\
\x08\x08\x00\x00\x00\x00\x06\x00\x00\x00\x07Month\
ly\x07\x00\x00\x00\x18CreateSch\
eduleTaskDialog\x01\
\x03\x00\x00\x00\x0cl\x92g\x09S\xefu(N\xfbR\
\xd9\x08\x00\x00\x00\x00\x06\x00\x00\x00\x12No ta\
sks available\x07\x00\x00\
\x00\x18CreateSchedule\
TaskDialog\x01\x03\x00\x00\x00\x04\
N\x00k!\x08\x00\x00\x00\x00\x06\x00\x00\x00\x04On\
ce\x07\x00\x00\x00\x18CreateSch\
eduleTaskDialog\x01\
\x03\x00\x00\x00\x08\x90xd\xc7N\xfbR\xd9\x08\x00\x00\
\x00\x00\x06\x00\x00\x00\x0bSelect Ta\
sk\x07\x00\x00\x00\x18CreateSch\
eduleTaskDialog\x01\
\x03\x00\x00\x00\x08\x95\x8bY\xcbfB\x95\x93\x08\x00\x00\
\x00\x00\x06\x00\x00\x00\x0aStart Tim\
e\x07\x00\x00\x00\x18CreateSche\
duleTaskDialog\x01\x03\
\x00\x00\x00\x08U_R\xd5\x90x\x98\x05\x08\x00\x00\x00\
\x00\x06\x00\x00\x00\x0fStartup Op\
tions\x07\x00\x00\x00\x18Create\
ScheduleTaskDial\
og\x01\x03\x00\x00\x00\x04\x8d\x85fB\x08\x00\x00\x00\
\x00\x06\x00\x00\x00\x07Timeout\x07\x00\x00\
\x00\x18CreateSchedule\
TaskDialog\x01\x03\x00\x00\x00\x08\
\x89\xf8v|\x98^W\x8b\x08\x00\x00\x00\x00\x06\x00\x00\
\x00\x0cTrigger Type\x07\x00\
\x00\x00\x18CreateSchedul\
eTaskDialog\x01\x03\x00\x00\x00\
\x04k\xcfTh\x08\x00\x00\x00\x00\x06\x00\x00\x00\x06W\
eekly\x07\x00\x00\x00\x18Create\
ScheduleTaskDial\
og\x01\x03\x00\x00\x00\x18\x5c\x0ffB\x00 \x00(\
\x000\x00 \x00=\x00 q!\x96PR6\x00)\
\x08\x00\x00\x00\x00\x06\x00\x00\x00\x15hours \
(0 = unlimited)\x07\
\x00\x00\x00\x18CreateSchedu\
leTaskDialog\x01\x03\x00\x00\
\x00\x04S\xd6m\x88\x08\x00\x00\x00\x00\x06\x00\x00\x00\x06\
Cancel\x07\x00\x00\x00\x10Creat\
eTaskDialog\x01\x03\x00\x00\x00\
\x16\x98^R%T\x0dz1\x00 \x00(P\xc5\x96\
P\x82\xf1e\x87\x00)\x08\x00\x00\x00\x00\x06\x00\x00\x00\
\x19Class Name (Eng\
lish only)\x07\x00\x00\x00\x10C\
reateTaskDialog\x01\
\x03\x00\x00\x00\x04x\xba\x8a\x8d\x08\x00\x00\x00\x00\x06\x00\
\x00\x00\x07Confirm\x07\x00\x00\x00\x10C\
reateTaskDialog\x01\
\x03\x00\x00\x00\x08^\xfaz\xcbN\xfbR\xd9\x08\x00\x00\
\x00\x00\x06\x00\x00\x00\x0bCreate Ta\
sk\x07\x00\x00\x00\x10CreateTas\
kDialog\x01\x03\x00\x00\x00\x0ec\xcf\x8f\
\xf0\x00 \x00(\x90xXk\x00)\x08\x00\x00\x00\x00\
\x06\x00\x00\x00\x16Description\
 (Optional)\x07\x00\x00\x00\x10\
CreateTaskDialog\
\x01\x03\x00\x00\x00\x08N\xfbR\xd9T\x0dz1\x08\x00\
\x00\x00\x00\x06\x00\x00\x00\x09Task Nam\
e\x07\x00\x00\x00\x10CreateTask\
Dialog\x01\x03\x00\x00\x00\x04T|S\xeb\
\x08\x00\x00\x00\x00\x06\x00\x00\x00\x04Call\x07\x00\
\x00\x00\x08DebugTab\x01\x03\x00\x00\x00\
\x04b*W\x16\x08\x00\x00\x00\x00\x06\x00\x00\x00\x12C\
apture Screensho\
t\x07\x00\x00\x00\x08DebugTab\x01\x03\
\x00\x00\x00\x08b*W\x16b\x10R\x9f\x08\x00\x00\x00\
\x00\x06\x00\x00\x00\x0fCapture Su\
ccess\x07\x00\x00\x00\x08DebugT\
ab\x01\x03\x00\x00\x00\x0cb*W\x16P\xb3V\xde\
zzP<\x08\x00\x00\x00\x00\x06\x00\x00\x00\x15Ca\
pture returned N\
one\x07\x00\x00\x00\x08DebugTab\
\x01\x03\x00\x00\x00\x14}\xe8\x8bo\x00 \x00i\x001\
\x008\x00n\x00 j\x94hH\x08\x00\x00\x00\x00\x06\
\x00\x00\x00\x12Convert i18n\
 files\x07\x00\x00\x00\x08Debug\
Tab\x01\x03\x00\x00\x00\x14T|S\xeb\x00 \x00\
T\x00a\x00s\x00k\x00 e\xb9l\xd5\x08\x00\x00\
\x00\x00\x06\x00\x00\x00\x13Debug Tas\
k Function\x07\x00\x00\x00\x08D\
ebugTab\x01\x03\x00\x00\x00\x08\x96d\x93\
/]\xe5Qw\x08\x00\x00\x00\x00\x06\x00\x00\x00\x0aD\
ebug Tool\x07\x00\x00\x00\x08De\
bugTab\x01\x03\x00\x00\x00\x0eb\xd6f\xf3\
b\x16\x90xS\xd6b*W\x16\x08\x00\x00\x00\x00\x06\
\x00\x00\x00\x19Drop or Sele\
ct Screenshot\x07\x00\x00\
\x00\x08DebugTab\x01\x03\x00\x00\x00:\
\x00D\x00u\x00m\x00p\x00 \x00T\x00h\x00r\
\x00e\x00a\x00d\x00s\x00 \x00(_\xebcw\
\x93u\xff\x1a\x00C\x00t\x00r\x00l\x00+\x00A\
\x00l\x00t\x00+\x00D\x00)\x08\x00\x00\x00\x00\x06\
\x00\x00\x00\x1fDump Threads\
(HotKey:Ctrl+Alt\
+D)\x07\x00\x00\x00\x08DebugTab\
\x01\x03\x00\x00\x00\x14u\x22u\x1f\x00 \x00i\x001\
\x008\x00n\x00 j\x94hH\x08\x00\x00\x00\x00\x06\
\x00\x00\x00\x13Generate i18\
n files\x07\x00\x00\x00\x08Debu\
gTab\x01\x03\x00\x00\x00\x16b*W\x16e\xb9\
_\x0fN\x0dS\xefu(b\x16g*\x90xS\xd6\
\x08\x00\x00\x00\x00\x06\x00\x00\x00 No Cap\
ture Available o\
r Selected\x07\x00\x00\x00\x08D\
ebugTab\x01\x03\x00\x00\x00\x0eg*\x8a\
-[\x9a\x00 \x00O\x00C\x00R\x08\x00\x00\x00\x00\
\x06\x00\x00\x00\x11No OCR conf\
igured\x07\x00\x00\x00\x08Debug\
Tab\x01\x03\x00\x00\x00(l\x92g\x09\x8ar\x5c\
l`'b\x16e\xb9l\xd5\xff\x1a\x00{\x00f\x00\
u\x00n\x00c\x00_\x00n\x00a\x00m\x00e\x00\
}\x08\x00\x00\x00\x00\x06\x00\x00\x00\x19No su\
ch attr: {func_n\
ame}\x07\x00\x00\x00\x08DebugTa\
b\x01\x03\x00\x00\x00\x22\x00O\x00C\x00R\x00 T\
|S\xebb\x10R\x9f\xff\x1a\x00{\x00r\x00e\x00\
s\x00u\x00l\x00t\x00}\x08\x00\x00\x00\x00\x06\x00\
\x00\x00\x15OCR success: \
{result}\x07\x00\x00\x00\x08Deb\
ugTab\x01\x03\x00\x00\x00\x0e\x95\x8bU_e\
\xe5\x8a\x8c\x8c\xc7e\x99Y>\x08\x00\x00\x00\x00\x06\x00\
\x00\x00\x09Open Logs\x07\x00\x00\x00\
\x08DebugTab\x01\x03\x00\x00\x00\x08\x90\
xS\xd6b*W\x16\x08\x00\x00\x00\x00\x06\x00\x00\x00\
\x12Select Screensh\
ots\x07\x00\x00\x00\x08DebugTab\
\x01\x03\x00\x00\x00\x0e\x8f8Qee\xb9l\xd5b\x16\
\x5cl`'\x08\x00\x00\x00\x00\x06\x00\x00\x00\x1bTy\
pe a function or\
 property\x07\x00\x00\x00\x08De\
bugTab\x01\x03\x00\x00\x00,T|S\xeb\
b\x10R\x9f\x00 \x00s\x00u\x00c\x00c\x00e\
\x00s\x00s\x00:\x00 \x00{\x00r\x00e\x00s\
\x00u\x00l\x00t\x00}\x08\x00\x00\x00\x00\x06\x00\x00\
\x00\x16call success: \
{result}\x07\x00\x00\x00\x08Deb\
ugTab\x01\x03\x00\x00\x00\x1a]\xf2\x90xS\
\xd6\x00 \x00{\x00n\x00u\x00m\x00}\x00 _\
5W\x16rG\x08\x00\x00\x00\x00\x06\x00\x00\x00\x15{\
num} images sele\
cted\x07\x00\x00\x00\x08DebugTa\
b\x01\x03\x00\x00\x00\x06\x00A\x00D\x00B\x08\x00\x00\
\x00\x00\x06\x00\x00\x00\x03ADB\x07\x00\x00\x00\x0bE\
ditTaskTab\x01\x03\x00\x00\x00\x16\
x\xba[\x9a\x89\x81R*\x96d\x00 \x00{\x00}\
\x00 U\xce\xff\x1f\x08\x00\x00\x00\x00\x06\x00\x00\x00#\
Are you sure you\
 want to delete \
{}?\x07\x00\x00\x00\x0bEditTask\
Tab\x01\x03\x00\x00\x00\x04S@W\xdf\x08\x00\x00\
\x00\x00\x06\x00\x00\x00\x03Box\x07\x00\x00\x00\x0bE\
ditTaskTab\x01\x03\x00\x00\x00\x04\
S\xd6m\x88\x08\x00\x00\x00\x00\x06\x00\x00\x00\x06Ca\
ncel\x07\x00\x00\x00\x0bEditTas\
kTab\x01\x03\x00\x00\x00\x0a\x90xd\xc7N\xfb\
R\xd9\x00:\x08\x00\x00\x00\x00\x06\x00\x00\x00\x0cCh\
oose Task:\x07\x00\x00\x00\x0bE\
ditTaskTab\x01\x03\x00\x00\x00\x08\
x\xba\x8a\x8dR*\x96d\x08\x00\x00\x00\x00\x06\x00\x00\
\x00\x0eConfirm Delete\
\x07\x00\x00\x00\x0bEditTaskTab\
\x01\x03\x00\x00\x00\x04c\xa7R6\x08\x00\x00\x00\x00\x06\
\x00\x00\x00\x07Control\x07\x00\x00\x00\x0b\
EditTaskTab\x01\x03\x00\x00\x00\
\x08\x89\x07\x88\xfdN\xfbR\xd9\x08\x00\x00\x00\x00\x06\x00\
\x00\x00\x09Copy Task\x07\x00\x00\x00\
\x0bEditTaskTab\x01\x03\x00\x00\
\x00\x18b~N\x0dR0\x00 \x00{\x00}\x00 \
v\x84S\x9fY\xcbj\x94hH\x08\x00\x00\x00\x00\x06\
\x00\x00\x00!Could not fi\
nd source file f\
or {}\x07\x00\x00\x00\x0bEditTa\
skTab\x01\x03\x00\x00\x00\x0a^\xfaz\xcbe\
\xb0N\xfbR\xd9\x08\x00\x00\x00\x00\x06\x00\x00\x00\x0fC\
reate New Task\x07\x00\
\x00\x00\x0bEditTaskTab\x01\x03\
\x00\x00\x00\x08^\xfaz\xcbN\xfbR\xd9\x08\x00\x00\x00\
\x00\x06\x00\x00\x00\x0bCreate Tas\
k\x07\x00\x00\x00\x0bEditTaskTa\
b\x01\x03\x00\x00\x00\x08R*\x96dN\xfbR\xd9\x08\
\x00\x00\x00\x00\x06\x00\x00\x00\x0bDelete \
Task\x07\x00\x00\x00\x0bEditTas\
kTab\x01\x03\x00\x00\x00\x0e\x81sg,v\x84\
\x98oy:T\x0dz1\x08\x00\x00\x00\x00\x06\x00\x00\
\x00\x1bDisplay name f\
or the script\x07\x00\x00\
\x00\x0bEditTaskTab\x01\x03\x00\
\x00\x00\x22P\xc5\x96P\x82\xf1e\x870\x01ex[\
WT\x8cg\x09eHv\x84j\x94hHT\x0dz\
1[WQC\x08\x00\x00\x00\x00\x06\x00\x00\x00.E\
nglish, numbers \
and valid filena\
me chars only\x07\x00\x00\
\x00\x0bEditTaskTab\x01\x03\x00\
\x00\x00\x04S/Q\xfa\x08\x00\x00\x00\x00\x06\x00\x00\x00\
\x06Export\x07\x00\x00\x00\x0bEdit\
TaskTab\x01\x03\x00\x00\x00\x08S/Q\
\xfa\x81sg,\x08\x00\x00\x00\x00\x06\x00\x00\x00\x0dE\
xport Script\x07\x00\x00\x00\
\x0bEditTaskTab\x01\x03\x00\x00\
\x00\x08S/Q\xfaY1eW\x08\x00\x00\x00\x00\x06\
\x00\x00\x00\x0dExport faile\
d\x07\x00\x00\x00\x0bEditTaskTa\
b\x01\x03\x00\x00\x00\x18\x8b\x80S\xd6S\x9fY\xcbj\
\x94hHY1eW\x00:\x00 \x00{\x00}\x08\
\x00\x00\x00\x00\x06\x00\x00\x00\x1eFailed \
to read source f\
ile: {}\x07\x00\x00\x00\x0bEdit\
TaskTab\x01\x03\x00\x00\x00\x08Q2[\
XY1eW\x08\x00\x00\x00\x00\x06\x00\x00\x00\x0eF\
ailed to save\x07\x00\x00\
\x00\x0bEditTaskTab\x01\x03\x00\
\x00\x00\x04j\x94hH\x08\x00\x00\x00\x00\x06\x00\x00\x00\
\x04File\x07\x00\x00\x00\x0bEditTa\
skTab\x01\x03\x00\x00\x00\x10j\x94hH]\
\xf2\x88\xabY\x16\x90\xe8O\xeee9\x08\x00\x00\x00\x00\
\x06\x00\x00\x00\x17File Change\
d Externally\x07\x00\x00\x00\
\x0bEditTaskTab\x01\x03\x00\x00\
\x00\x0aj\x94hHT\x0dz1\xff\x1a\x08\x00\x00\x00\
\x00\x06\x00\x00\x00\x0aFile Name:\
\x07\x00\x00\x00\x0bEditTaskTab\
\x01\x03\x00\x00\x00\x04c\x07SW\x08\x00\x00\x00\x00\x06\
\x00\x00\x00\x05Guide\x07\x00\x00\x00\x0bEd\
itTaskTab\x01\x03\x00\x00\x00\x08S\
/Qe\x81sg,\x08\x00\x00\x00\x00\x06\x00\x00\x00\
\x0dImport Script\x07\x00\
\x00\x00\x0bEditTaskTab\x01\x03\
\x00\x00\x00\x08S/QeY1eW\x08\x00\x00\x00\
\x00\x06\x00\x00\x00\x0dImport fai\
led\x07\x00\x00\x00\x0bEditTask\
Tab\x01\x03\x00\x00\x00 \x98^R%T\x0dz\
1q!eH0\x02S\xea\x80\xfdO\x7fu(\x82\
\xf1e\x87[WQC0\x02\x08\x00\x00\x00\x00\x06\x00\
\x00\x004Invalid Class\
 Name. Must be E\
nglish character\
s only.\x07\x00\x00\x00\x0bEdit\
TaskTab\x01\x03\x00\x00\x006q!e\
Hv\x84j\x94hHT\x0dz10\x02S\xea\x80\
\xfdO\x7fu(\x82\xf1e\x87[Wk\xcd0\x01e\
x[W0\x01^\x95}\xdaT\x8c\x90#[W\x86\
_0\x02\x08\x00\x00\x00\x00\x06\x00\x00\x00KInv\
alid file name. \
Use English lett\
ers, numbers, un\
derscores, hyphe\
ns only.\x07\x00\x00\x00\x0bEdi\
tTaskTab\x01\x03\x00\x00\x00\x04c\x09\
\x93u\x08\x00\x00\x00\x00\x06\x00\x00\x00\x03Key\x07\
\x00\x00\x00\x0bEditTaskTab\x01\
\x03\x00\x00\x00\x04e\xe5\x8a\x8c\x08\x00\x00\x00\x00\x06\x00\
\x00\x00\x07Logging\x07\x00\x00\x00\x0bE\
ditTaskTab\x01\x03\x00\x00\x00\x08\
q!\x96P_\xaat\xb0\x08\x00\x00\x00\x00\x06\x00\x00\
\x00\x0fLoop infinitel\
y\x07\x00\x00\x00\x0bEditTaskTa\
b\x01\x03\x00\x00\x00\x0c_\xaat\xb0c\x07[\x9ak\
!ex\x08\x00\x00\x00\x00\x06\x00\x00\x00\x0cLoo\
p x times\x07\x00\x00\x00\x0bEd\
itTaskTab\x01\x03\x00\x00\x00\x04n\
\xd1\x9f \x08\x00\x00\x00\x00\x06\x00\x00\x00\x05Mou\
se\x07\x00\x00\x00\x0bEditTaskT\
ab\x01\x03\x00\x00\x00\x06N\x0d_\xaat\xb0\x08\x00\
\x00\x00\x00\x06\x00\x00\x00\x07No loop\x07\
\x00\x00\x00\x0bEditTaskTab\x01\
\x03\x00\x00\x00\x12l\x92g\x09S\xefS/Q\xfav\
\x84N\xfbR\xd90\x02\x08\x00\x00\x00\x00\x06\x00\x00\x00\
\x13No tasks to exp\
ort.\x07\x00\x00\x00\x0bEditTas\
kTab\x01\x03\x00\x00\x00\x06\x00O\x00C\x00R\
\x08\x00\x00\x00\x00\x06\x00\x00\x00\x03OCR\x07\x00\x00\
\x00\x0bEditTaskTab\x01\x03\x00\
\x00\x00\x04x\xba[\x9a\x08\x00\x00\x00\x00\x06\x00\x00\x00\
\x02OK\x07\x00\x00\x00\x0bEditTask\
Tab\x01\x03\x00\x00\x00D\x00O\x00K\x00S\x00\
c\x00r\x00i\x00p\x00t\x00 j\x94hH\x00\
 \x00(\x00*\x00.\x00o\x00k\x00s\x00c\x00\
r\x00i\x00p\x00t\x00)\x00;\x00;b@g\
\x09j\x94hH\x00 \x00(\x00*\x00)\x08\x00\x00\
\x00\x00\x06\x00\x00\x00*OKScript \
Files (*.okscrip\
t);;All Files (*\
)\x07\x00\x00\x00\x0bEditTaskTa\
b\x01\x03\x00\x00\x00\x04QvN\xd6\x08\x00\x00\x00\x00\
\x06\x00\x00\x00\x05Other\x07\x00\x00\x00\x0bE\
ditTaskTab\x01\x03\x00\x00\x00\x1c\
\x8a\xcb\x81\xf3\x5c\x11\x90xd\xc7N\x00P\x0bN\xfb\
R\xd9\x902\x88LS/Q\xfa0\x02\x08\x00\x00\x00\
\x00\x06\x00\x00\x00*Please sel\
ect at least one\
 task to export.\
\x07\x00\x00\x00\x0bEditTaskTab\
\x01\x03\x00\x00\x00\x04\x93\x04\x88\xfd\x08\x00\x00\x00\x00\x06\
\x00\x00\x00\x06Record\x07\x00\x00\x00\x0bE\
ditTaskTab\x01\x03\x00\x00\x00$\
\x93\x04\x88\xfd\x5c\x07\x89\x86\x84\xcbv\xeeRMv\x84\
\x81sg,\x90\x8f\x8f/0\x02f/T&~|\
~\x8c\xff\x1f\x08\x00\x00\x00\x00\x06\x00\x00\x008Re\
cord will overri\
de the current s\
cript logic. Con\
tinue?\x07\x00\x00\x00\x0bEditT\
askTab\x01\x03\x00\x00\x00@W(\x89\x96\
z\x97\x00 \x00'\x00{\x00h\x00w\x00n\x00d\
\x00_\x00n\x00a\x00m\x00e\x00}\x00'\x00 \
\x86Ue\xbcm;R\xd5r\xc0aKfB\xff\x0c\
\x5c\x07\x95\x8bY\xcb\x93\x04\x88\xfd0\x02\x08\x00\x00\x00\
\x00\x06\x00\x00\x00>Recording \
will start when \
window '{hwnd_na\
me}' becomes act\
ive.\x07\x00\x00\x00\x0bEditTas\
kTab\x01\x03\x00\x00\x00\x04W\xf7\x88L\x08\x00\
\x00\x00\x00\x06\x00\x00\x00\x03Run\x07\x00\x00\x00\x0b\
EditTaskTab\x01\x03\x00\x00\x00\
\x04Q2[X\x08\x00\x00\x00\x00\x06\x00\x00\x00\x04S\
ave\x07\x00\x00\x00\x0bEditTask\
Tab\x01\x03\x00\x00\x00\x08Q2[X\x8b\x8af\
\xf4\x08\x00\x00\x00\x00\x06\x00\x00\x00\x0cSave \
Changes\x07\x00\x00\x00\x0bEdit\
TaskTab\x01\x03\x00\x00\x00\x0a\x81sg\
,T\x0dz1\xff\x1a\x08\x00\x00\x00\x00\x06\x00\x00\x00\
\x0cScript Name:\x07\x00\x00\
\x00\x0bEditTaskTab\x01\x03\x00\
\x00\x00\x1c\x81sg,]\xf2b\x10R\x9fS/Q\
\xfaR0N\x0b\x8f\x09\x8c\xc7e\x99Y>0\x02\x08\
\x00\x00\x00\x00\x06\x00\x00\x001Script \
exported success\
fully to Downloa\
ds folder.\x07\x00\x00\x00\x0bE\
ditTaskTab\x01\x03\x00\x00\x00\x12\
\x81sg,T\x0dz1p\xba_\xc5Xk\x98\x05\
0\x02\x08\x00\x00\x00\x00\x06\x00\x00\x00\x18Scri\
pt name is requi\
red.\x07\x00\x00\x00\x0bEditTas\
kTab\x01\x03\x00\x00\x00\x0ed\x1c\x5c\x0b{\xc4\
g,\x00.\x00.\x00.\x08\x00\x00\x00\x00\x06\x00\x00\
\x00\x13Search templat\
es...\x07\x00\x00\x00\x0bEditTa\
skTab\x01\x03\x00\x00\x00\x0c\x90xd\xc7\x81\
sg,j\x94hH\x08\x00\x00\x00\x00\x06\x00\x00\x00\
\x12Select Script F\
ile\x07\x00\x00\x00\x0bEditTask\
Tab\x01\x03\x00\x00\x00\x12\x90xd\xc7\x89\x81S\
/Q\xfav\x84N\xfbR\xd9\xff\x1a\x08\x00\x00\x00\x00\
\x06\x00\x00\x00\x17Select task\
s to export:\x07\x00\x00\x00\
\x0bEditTaskTab\x01\x03\x00\x00\
\x00\x04P\x5ckb\x08\x00\x00\x00\x00\x06\x00\x00\x00\x04\
Stop\x07\x00\x00\x00\x0bEditTas\
kTab\x01\x03\x00\x00\x00\x04b\x10R\x9f\x08\x00\
\x00\x00\x00\x06\x00\x00\x00\x07Success\x07\
\x00\x00\x00\x0bEditTaskTab\x01\
\x03\x00\x00\x00\x12N\xfbR\xd9T\x0dz1N\x0d\x80\
\xfdp\xbazz0\x02\x08\x00\x00\x00\x00\x06\x00\x00\x00\
\x16Task Name is re\
quired.\x07\x00\x00\x00\x0bEdit\
TaskTab\x01\x03\x00\x00\x00\x0eN\xfbR\
\xd9\x89\x07\x88\xfdb\x10R\x9f0\x02\x08\x00\x00\x00\x00\
\x06\x00\x00\x00\x19Task copied\
 successfully.\x07\x00\
\x00\x00\x0bEditTaskTab\x01\x03\
\x00\x00\x00\x0eN\xfbR\xd9^\xfaz\xcbb\x10R\x9f\
0\x02\x08\x00\x00\x00\x00\x06\x00\x00\x00\x1aTask\
 created success\
fully.\x07\x00\x00\x00\x0bEditT\
askTab\x01\x03\x00\x00\x00\x0eN\xfbR\xd9\
R*\x96db\x10R\x9f0\x02\x08\x00\x00\x00\x00\x06\
\x00\x00\x00\x1aTask deleted\
 successfully.\x07\x00\
\x00\x00\x0bEditTaskTab\x01\x03\
\x00\x00\x00\x10N\xfbR\xd9j\x94hH]\xf2[X\
W(0\x02\x08\x00\x00\x00\x00\x06\x00\x00\x00\x19Ta\
sk file already \
exists.\x07\x00\x00\x00\x0bEdit\
TaskTab\x01\x03\x00\x00\x00\x0eN\xfbR\
\xd9\x91\xcd^\xfab\x10R\x9f0\x02\x08\x00\x00\x00\x00\
\x06\x00\x00\x00\x1aTask rebuil\
t successfully.\x07\
\x00\x00\x00\x0bEditTaskTab\x01\
\x03\x00\x00\x00\x08j!g\x7fS9\x91M\x08\x00\x00\
\x00\x00\x06\x00\x00\x00\x11Template \
Matching\x07\x00\x00\x00\x0bEdi\
tTaskTab\x01\x03\x00\x00\x00&v\xee\
RMv\x84N\xfbR\xd9g\x09g*Q2[X\
v\x84\x8b\x8af\xf40\x02f/T&\x89\x81Q2\
[X\xff\x1f\x08\x00\x00\x00\x00\x06\x00\x00\x00?Th\
e current task h\
as unsaved chang\
es. Do you want \
to save them?\x07\x00\x00\
\x00\x0bEditTaskTab\x01\x03\x00\
\x00\x00*j\x94hH]\xf2\x88\xabY\x16\x90\xe8O\
\xeee90\x02f/T&\x89\x81\x89\x86\x84\xcbg\
*Q2[Xv\x84\x8b\x8af\xf4\xff\x1f\x08\x00\x00\
\x00\x00\x06\x00\x00\x00PThe file \
was modified ext\
ernally. Do you \
want to overwrit\
e your unsaved c\
hanges?\x07\x00\x00\x00\x0bEdit\
TaskTab\x01\x03\x00\x00\x00\x06rHg\
,\xff\x1a\x08\x00\x00\x00\x00\x06\x00\x00\x00\x08Ver\
sion:\x07\x00\x00\x00\x0bEditTa\
skTab\x01\x03\x00\x00\x00\x04\x8bfTJ\x08\
\x00\x00\x00\x00\x06\x00\x00\x00\x07Warning\
\x07\x00\x00\x00\x0bEditTaskTab\
\x01\x03\x00\x00\x00\x04\x89\x96z\x97\x08\x00\x00\x00\x00\x06\
\x00\x00\x00\x06Window\x07\x00\x00\x00\x0bE\
ditTaskTab\x01\x03\x00\x00\x00\x12\
\x00A\x00D\x00B\x00 \x00S\x00h\x00e\x00l\
\x00l\x08\x00\x00\x00\x00\x06\x00\x00\x00\x09adb_\
shell\x07\x00\x00\x00\x0bEditTa\
skTab\x01\x03\x00\x00\x00\x12\x00A\x00D\x00\
B\x00 \x00U\x00I\x00 [\xfcQ\xfa\x08\x00\x00\
\x00\x00\x06\x00\x00\x00\x0badb_ui_du\
mp\x07\x00\x00\x00\x0bEditTaskT\
ab\x01\x03\x00\x00\x00\x0cm\xfbR\xa0e\x87g,\
O\xeekc\x08\x00\x00\x00\x00\x06\x00\x00\x00\x0cad\
d_text_fix\x07\x00\x00\x00\x0bE\
ditTaskTab\x01\x03\x00\x00\x00\x04\
\x8f\xd4V\xde\x08\x00\x00\x00\x00\x06\x00\x00\x00\x04ba\
ck\x07\x00\x00\x00\x0bEditTaskT\
ab\x01\x03\x00\x00\x00\x06w\xe9_bhF\x08\x00\
\x00\x00\x00\x06\x00\x00\x00\x03box\x07\x00\x00\x00\x0b\
EditTaskTab\x01\x03\x00\x00\x00\
\x0al4^s\x5cEN-hF\x08\x00\x00\x00\x00\
\x06\x00\x00\x00\x18box_in_hori\
zontal_center\x07\x00\x00\
\x00\x0bEditTaskTab\x01\x03\x00\
\x00\x00\x06\x5cO^UhF\x08\x00\x00\x00\x00\x06\x00\
\x00\x00\x0dbox_of_screen\
\x07\x00\x00\x00\x0bEditTaskTab\
\x01\x03\x00\x00\x00\x0e\x7f)e>T\x0ev\x84\x5cO\
^UhF\x08\x00\x00\x00\x00\x06\x00\x00\x00\x14bo\
x_of_screen_scal\
ed\x07\x00\x00\x00\x0bEditTaskT\
ab\x01\x03\x00\x00\x00\x0e\x8b\xa1{\x97\x98\x9c\x82r\
v~R\x06k\xd4\x08\x00\x00\x00\x00\x06\x00\x00\x00\x1a\
calculate_color_\
percentage\x07\x00\x00\x00\x0bE\
ditTaskTab\x01\x03\x00\x00\x00\x06\
n\x05\x96dhF\x08\x00\x00\x00\x00\x06\x00\x00\x00\x09\
clear_box\x07\x00\x00\x00\x0bEd\
itTaskTab\x01\x03\x00\x00\x00\x04p\
\xb9Q\xfb\x08\x00\x00\x00\x00\x06\x00\x00\x00\x05cli\
ck\x07\x00\x00\x00\x0bEditTaskT\
ab\x01\x03\x00\x00\x00\x06p\xb9Q\xfbhF\x08\x00\
\x00\x00\x00\x06\x00\x00\x00\x09click_bo\
x\x07\x00\x00\x00\x0bEditTaskTa\
b\x01\x03\x00\x00\x00\x14Y\x82g\x9cT\x0dy\xf0S\
9\x91MR\x19p\xb9Q\xfbhF\x08\x00\x00\x00\x00\
\x06\x00\x00\x00\x17click_box_i\
f_name_match\x07\x00\x00\x00\
\x0bEditTaskTab\x01\x03\x00\x00\
\x00\x08v\xf8[\xf9p\xb9Q\xfb\x08\x00\x00\x00\x00\x06\
\x00\x00\x00\x0eclick_relati\
ve\x07\x00\x00\x00\x0bEditTaskT\
ab\x01\x03\x00\x00\x00\x06Rj\x8d4g\x7f\x08\x00\
\x00\x00\x00\x06\x00\x00\x00\x09clipboar\
d\x07\x00\x00\x00\x0bEditTaskTa\
b\x01\x03\x00\x00\x00\x0cR\x1b^\xfa_\xebcwe\
\xb9_\x0f\x08\x00\x00\x00\x00\x06\x00\x00\x00\x0fcre\
ate_shortcut\x07\x00\x00\x00\
\x0bEditTaskTab\x01\x03\x00\x00\
\x00\x08y\x81u(N\xfbR\xa1\x08\x00\x00\x00\x00\x06\
\x00\x00\x00\x07disable\x07\x00\x00\x00\x0b\
EditTaskTab\x01\x03\x00\x00\x00\
\x06~\xd8R6hF\x08\x00\x00\x00\x00\x06\x00\x00\x00\
\x0adraw_boxes\x07\x00\x00\x00\x0b\
EditTaskTab\x01\x03\x00\x00\x00\
\x08T/u(N\xfbR\xa1\x08\x00\x00\x00\x00\x06\x00\
\x00\x00\x06enable\x07\x00\x00\x00\x0bEd\
itTaskTab\x01\x03\x00\x00\x00\x0ax\
nO\xddW(g\x00RM\x08\x00\x00\x00\x00\x06\x00\
\x00\x00\x0fensure_in_fro\
nt\x07\x00\x00\x00\x0bEditTaskT\
ab\x01\x03\x00\x00\x00\x0cry_\x81f/T&\
[XW(\x08\x00\x00\x00\x00\x06\x00\x00\x00\x0efe\
ature_exists\x07\x00\x00\x00\
\x0bEditTaskTab\x01\x03\x00\x00\
\x00\x04g\xe5b~\x08\x00\x00\x00\x00\x06\x00\x00\x00\x04\
find\x07\x00\x00\x00\x0bEditTas\
kTab\x01\x03\x00\x00\x00\x12W(hFQ\x85\
g\xe5b~g\x00OsS9\x91M\x08\x00\x00\x00\
\x00\x06\x00\x00\x00\x16find_best_\
match_in_box\x07\x00\x00\x00\
\x0bEditTaskTab\x01\x03\x00\x00\
\x00\x0ag\xe5b~Y\x1aN*hF\x08\x00\x00\x00\
\x00\x06\x00\x00\x00\x0afind_boxes\
\x07\x00\x00\x00\x0bEditTaskTab\
\x01\x03\x00\x00\x00\x08g\xe5b~ry_\x81\x08\x00\
\x00\x00\x00\x06\x00\x00\x00\x0cfind_fea\
ture\x07\x00\x00\x00\x0bEditTas\
kTab\x01\x03\x00\x00\x00\x0eg\xe5b~ry\
_\x81^v\x8b\xbe\x7fn\x08\x00\x00\x00\x00\x06\x00\x00\
\x00\x14find_feature_a\
nd_set\x07\x00\x00\x00\x0bEditT\
askTab\x01\x03\x00\x00\x00\x12W(hF\
Q\x85g\xe5b~\x99\x96N*S9\x91M\x08\x00\
\x00\x00\x00\x06\x00\x00\x00\x17find_fir\
st_match_in_box\x07\
\x00\x00\x00\x0bEditTaskTab\x01\
\x03\x00\x00\x00\x08g\xe5b~N\x00N*\x08\x00\x00\
\x00\x00\x06\x00\x00\x00\x08find_one\x07\
\x00\x00\x00\x0bEditTaskTab\x01\
\x03\x00\x00\x00\x0cc\x09T\x0dy\xf0\x83\xb7S\xd6h\
F\x08\x00\x00\x00\x00\x06\x00\x00\x00\x0fget_b\
ox_by_name\x07\x00\x00\x00\x0bE\
ditTaskTab\x01\x03\x00\x00\x00\x0e\
c\x09T\x0dy\xf0\x83\xb7S\xd6ry_\x81\x08\x00\
\x00\x00\x00\x06\x00\x00\x00\x13get_feat\
ure_by_name\x07\x00\x00\x00\x0b\
EditTaskTab\x01\x03\x00\x00\x00\
\x08\x83\xb7S\xd6r\xb6`\x01\x08\x00\x00\x00\x00\x06\x00\
\x00\x00\x0aget_status\x07\x00\x00\
\x00\x0bEditTaskTab\x01\x03\x00\
\x00\x00\x10\x90\x1a\x8f\xc7|{T\x0d\x83\xb7S\xd6N\
\xfbR\xa1\x08\x00\x00\x00\x00\x06\x00\x00\x00\x11get\
_task_by_class\x07\x00\
\x00\x00\x0bEditTaskTab\x01\x03\
\x00\x00\x00\x0a\x8flR0h\x07{~\x98u\x08\x00\
\x00\x00\x00\x06\x00\x00\x00\x09go_to_ta\
b\x07\x00\x00\x00\x0bEditTaskTa\
b\x01\x03\x00\x00\x00\x08\x5cO^U\x9a\xd8^\xa6\x08\
\x00\x00\x00\x00\x06\x00\x00\x00\x10height_\
of_screen\x07\x00\x00\x00\x0bEd\
itTaskTab\x01\x03\x00\x00\x00\x08O\
\xe1`oX\x9eR\xa0\x08\x00\x00\x00\x00\x06\x00\x00\x00\
\x08info_add\x07\x00\x00\x00\x0bEd\
itTaskTab\x01\x03\x00\x00\x00\x0eO\
\xe1`om\xfbR\xa0R0R\x17\x88h\x08\x00\x00\
\x00\x00\x06\x00\x00\x00\x10info_add_\
to_list\x07\x00\x00\x00\x0bEdit\
TaskTab\x01\x03\x00\x00\x00\x08O\xe1`\
on\x05\x96d\x08\x00\x00\x00\x00\x06\x00\x00\x00\x0ai\
nfo_clear\x07\x00\x00\x00\x0bEd\
itTaskTab\x01\x03\x00\x00\x00\x08O\
\xe1`o\x83\xb7S\xd6\x08\x00\x00\x00\x00\x06\x00\x00\x00\
\x08info_get\x07\x00\x00\x00\x0bEd\
itTaskTab\x01\x03\x00\x00\x00\x08O\
\xe1`o\x90\x12X\x9e\x08\x00\x00\x00\x00\x06\x00\x00\x00\
\x09info_incr\x07\x00\x00\x00\x0bE\
ditTaskTab\x01\x03\x00\x00\x00\x08\
O\xe1`o\x8b\xbe\x7fn\x08\x00\x00\x00\x00\x06\x00\x00\
\x00\x08info_set\x07\x00\x00\x00\x0bE\
ditTaskTab\x01\x03\x00\x00\x00\x08\
\x8f\x93Qee\x87g,\x08\x00\x00\x00\x00\x06\x00\x00\
\x00\x0ainput_text\x07\x00\x00\x00\
\x0bEditTaskTab\x01\x03\x00\x00\
\x00\x0cf/T&N:\x00A\x00D\x00B\x08\x00\
\x00\x00\x00\x06\x00\x00\x00\x06is_adb\x07\x00\
\x00\x00\x0bEditTaskTab\x01\x03\
\x00\x00\x00\x0cf/T&N:mO\x89\xc8Vh\
\x08\x00\x00\x00\x00\x06\x00\x00\x00\x0ais_bro\
wser\x07\x00\x00\x00\x0bEditTas\
kTab\x01\x03\x00\x00\x00\x08\x8b\xb0_U\x8c\x03\
\x8b\xd5\x08\x00\x00\x00\x00\x06\x00\x00\x00\x09log_\
debug\x07\x00\x00\x00\x0bEditTa\
skTab\x01\x03\x00\x00\x00\x08\x8b\xb0_U\x95\
\x19\x8b\xef\x08\x00\x00\x00\x00\x06\x00\x00\x00\x09log\
_error\x07\x00\x00\x00\x0bEditT\
askTab\x01\x03\x00\x00\x00\x08\x8b\xb0_U\
O\xe1`o\x08\x00\x00\x00\x00\x06\x00\x00\x00\x08lo\
g_info\x07\x00\x00\x00\x0bEditT\
askTab\x01\x03\x00\x00\x00\x08\x8b\xb0_U\
\x8bfTJ\x08\x00\x00\x00\x00\x06\x00\x00\x00\x0blo\
g_warning\x07\x00\x00\x00\x0bEd\
itTaskTab\x01\x03\x00\x00\x00\x08N\
-\x95.p\xb9Q\xfb\x08\x00\x00\x00\x00\x06\x00\x00\x00\
\x0cmiddle_click\x07\x00\x00\
\x00\x0bEditTaskTab\x01\x03\x00\
\x00\x00\x0cv\xf8[\xf9N-\x95.p\xb9Q\xfb\x08\
\x00\x00\x00\x00\x06\x00\x00\x00\x15middle_\
click_relative\x07\x00\
\x00\x00\x0bEditTaskTab\x01\x03\
\x00\x00\x00\x08\x9f h\x07c\x09N\x0b\x08\x00\x00\x00\
\x00\x06\x00\x00\x00\x0amouse_down\
\x07\x00\x00\x00\x0bEditTaskTab\
\x01\x03\x00\x00\x00\x08\x9f h\x07g~_\x00\x08\x00\
\x00\x00\x00\x06\x00\x00\x00\x08mouse_up\
\x07\x00\x00\x00\x0bEditTaskTab\
\x01\x03\x00\x00\x00\x08y\xfbR\xa8\x9f h\x07\x08\x00\
\x00\x00\x00\x06\x00\x00\x00\x04move\x07\x00\x00\x00\
\x0bEditTaskTab\x01\x03\x00\x00\
\x00\x0cv\xf8[\xf9y\xfbR\xa8\x9f h\x07\x08\x00\
\x00\x00\x00\x06\x00\x00\x00\x0dmove_rel\
ative\x07\x00\x00\x00\x0bEditTa\
skTab\x01\x03\x00\x00\x00\x06N\x0bN\x00^\
'\x08\x00\x00\x00\x00\x06\x00\x00\x00\x0anext_\
frame\x07\x00\x00\x00\x0bEditTa\
skTab\x01\x03\x00\x00\x00\x04\x90\x1aw\xe5\x08\
\x00\x00\x00\x00\x06\x00\x00\x00\x0cnotific\
ation\x07\x00\x00\x00\x0bEditTa\
skTab\x01\x03\x00\x00\x00\x0e\x00O\x00C\x00\
Re\x87[W\x8b\xc6R+\x08\x00\x00\x00\x00\x06\x00\
\x00\x00\x03ocr\x07\x00\x00\x00\x0bEditT\
askTab\x01\x03\x00\x00\x00\x08\x8d\x85Q\xfa\
k\xd4O\x8b\x08\x00\x00\x00\x00\x06\x00\x00\x00\x0cou\
t_of_ratio\x07\x00\x00\x00\x0bE\
ditTaskTab\x01\x03\x00\x00\x00\x04\
f\x82P\x5c\x08\x00\x00\x00\x00\x06\x00\x00\x00\x05pa\
use\x07\x00\x00\x00\x0bEditTask\
Tab\x01\x03\x00\x00\x00\x08S\xf3\x95.p\xb9Q\
\xfb\x08\x00\x00\x00\x00\x06\x00\x00\x00\x0bright\
_click\x07\x00\x00\x00\x0bEditT\
askTab\x01\x03\x00\x00\x00\x04b*V\xfe\
\x08\x00\x00\x00\x00\x06\x00\x00\x00\x0ascreen\
shot\x07\x00\x00\x00\x0bEditTas\
kTab\x01\x03\x00\x00\x00\x04n\xdaR\xa8\x08\x00\
\x00\x00\x00\x06\x00\x00\x00\x06scroll\x07\x00\
\x00\x00\x0bEditTaskTab\x01\x03\
\x00\x00\x00\x08v\xf8[\xf9n\xdaR\xa8\x08\x00\x00\x00\
\x00\x06\x00\x00\x00\x0fscroll_rel\
ative\x07\x00\x00\x00\x0bEditTa\
skTab\x01\x03\x00\x00\x00\x08S\xd1\x90\x01c\
\x09\x95.\x08\x00\x00\x00\x00\x06\x00\x00\x00\x08sen\
d_key\x07\x00\x00\x00\x0bEditTa\
skTab\x01\x03\x00\x00\x00\x08c\x09N\x0bc\
\x09\x95.\x08\x00\x00\x00\x00\x06\x00\x00\x00\x0dsen\
d_key_down\x07\x00\x00\x00\x0bE\
ditTaskTab\x01\x03\x00\x00\x00\x08\
g~_\x00c\x09\x95.\x08\x00\x00\x00\x00\x06\x00\x00\
\x00\x0bsend_key_up\x07\x00\x00\
\x00\x0bEditTaskTab\x01\x03\x00\
\x00\x00\x04O\x11w \x08\x00\x00\x00\x00\x06\x00\x00\x00\
\x05sleep\x07\x00\x00\x00\x0bEditT\
askTab\x01\x03\x00\x00\x00\x08O\x11w \
h\xc0g\xe5\x08\x00\x00\x00\x00\x06\x00\x00\x00\x0bsl\
eep_check\x07\x00\x00\x00\x0bEd\
itTaskTab\x01\x03\x00\x00\x00\x08T\
/R\xa8\x8b\xbeY\x07\x08\x00\x00\x00\x00\x06\x00\x00\x00\
\x0cstart_device\x07\x00\x00\
\x00\x0bEditTaskTab\x01\x03\x00\
\x00\x00\x04n\xd1R\xa8\x08\x00\x00\x00\x00\x06\x00\x00\x00\
\x05swipe\x07\x00\x00\x00\x0bEditT\
askTab\x01\x03\x00\x00\x00\x08v\xf8[\xf9\
n\xd1R\xa8\x08\x00\x00\x00\x00\x06\x00\x00\x00\x0esw\
ipe_relative\x07\x00\x00\x00\
\x0bEditTaskTab\x01\x03\x00\x00\
\x00\x04\x7f\xfb\x8b\xd1\x08\x00\x00\x00\x00\x06\x00\x00\x00\x02\
tr\x07\x00\x00\x00\x0bEditTaskT\
ab\x01\x03\x00\x00\x00\x04\x89\xe6S\xd1\x08\x00\x00\x00\
\x00\x06\x00\x00\x00\x07trigger\x07\x00\x00\
\x00\x0bEditTaskTab\x01\x03\x00\
\x00\x00\x04`bY\x0d\x08\x00\x00\x00\x00\x06\x00\x00\x00\
\x07unpause\x07\x00\x00\x00\x0bEdi\
tTaskTab\x01\x03\x00\x00\x00\x0c{I\
_\x85^vp\xb9Q\xfbhF\x08\x00\x00\x00\x00\x06\
\x00\x00\x00\x0ewait_click_b\
ox\x07\x00\x00\x00\x0bEditTaskT\
ab\x01\x03\x00\x00\x00\x0e{I_\x85^vp\xb9\
Q\xfbry_\x81\x08\x00\x00\x00\x00\x06\x00\x00\x00\x12\
wait_click_featu\
re\x07\x00\x00\x00\x0bEditTaskT\
ab\x01\x03\x00\x00\x00\x14{I_\x85^vp\xb9\
Q\xfb\x00O\x00C\x00Re\x87[W\x08\x00\x00\x00\
\x00\x06\x00\x00\x00\x0ewait_click\
_ocr\x07\x00\x00\x00\x0bEditTas\
kTab\x01\x03\x00\x00\x00\x08{I_\x85ry\
_\x81\x08\x00\x00\x00\x00\x06\x00\x00\x00\x0cwait\
_feature\x07\x00\x00\x00\x0bEdi\
tTaskTab\x01\x03\x00\x00\x00\x0e{I\
_\x85\x00O\x00C\x00Re\x87[W\x08\x00\x00\x00\
\x00\x06\x00\x00\x00\x08wait_ocr\x07\x00\
\x00\x00\x0bEditTaskTab\x01\x03\
\x00\x00\x00\x08{I_\x85v\xf4R0\x08\x00\x00\x00\
\x00\x06\x00\x00\x00\x0await_until\
\x07\x00\x00\x00\x0bEditTaskTab\
\x01\x03\x00\x00\x00\x08\x5cO^U[\xbd^\xa6\x08\x00\
\x00\x00\x00\x06\x00\x00\x00\x0fwidth_of\
_screen\x07\x00\x00\x00\x0bEdit\
TaskTab\x01\x03\x00\x00\x00\x08\x91\xcd\x8a\
-\x8a-[\x9a\x08\x00\x00\x00\x00\x06\x00\x00\x00\x0cR\
eset Config\x07\x00\x00\x00\x10\
GlobalConfigCard\
\x01\x03\x00\x00\x00\x08\x91\xcd\x8a-\x8a-[\x9a\x08\x00\
\x00\x00\x00\x06\x00\x00\x00\x0cReset Co\
nfig\x07\x00\x00\x00\x0fGlobalC\
onfigTab\x01\x03\x00\x00\x00\x04S\xd6\
m\x88\x08\x00\x00\x00\x00\x06\x00\x00\x00\x06Canc\
el\x07\x00\x00\x00\x0bHwndChoos\
er\x01\x03\x00\x00\x00\x08\x90xS\xd6\x89\x96z\x97\
\x08\x00\x00\x00\x00\x06\x00\x00\x00\x0dChoose\
 Window\x07\x00\x00\x00\x0bHwnd\
Chooser\x01\x03\x00\x00\x00\x04x\xba\x8a\
\x8d\x08\x00\x00\x00\x00\x06\x00\x00\x00\x07Confi\
rm\x07\x00\x00\x00\x0bHwndChoos\
er\x01\x03\x00\x00\x00\x0c\x00{\x00}\x00 ]\xf2\
\x90xS\xd6\x08\x00\x00\x00\x00\x06\x00\x00\x00\x0b{}\
 Selected\x07\x00\x00\x00\x0bHw\
ndChooser\x01\x03\x00\x00\x00\x04S\
\xd6m\x88\x08\x00\x00\x00\x00\x06\x00\x00\x00\x06Can\
cel\x07\x00\x00\x00\x13ImportWa\
rningDialog\x01\x03\x00\x00\x00\
\x04x\xba\x8a\x8d\x08\x00\x00\x00\x00\x06\x00\x00\x00\x07C\
onfirm\x07\x00\x00\x00\x13Impor\
tWarningDialog\x01\x03\
\x00\x00\x00\x1cb\x11N\x86\x89\xe3\x98\xa8\x96\xaaN&\
^\x0cg\x1b\x5c\x0eQekd\x81sg,0\x02\
\x08\x00\x00\x00\x00\x06\x00\x00\x006I unde\
rstand the risks\
 and want to imp\
ort this script.\
\x07\x00\x00\x00\x13ImportWarni\
ngDialog\x01\x03\x00\x00\x00x\x8a\xcb\
x\xbaO\xdd`\xa8O\xe1N\xfb\x81sg,v|\
^\x03\x80\x05\xff\x0cg*}\x93\x9aW\x8bIv\x84\
\x81sg,S\xef\x80\xfdg\x03\xff\x08OFN\x0d\
\x96Pe\xbc\xff\x09z\xcaS\xd6`\xa8v\x84^3\
b6\x00/exd\xda\x00/\x91\xd1\x93\x22\xff\x0c\
x4X\xde`\xa8v\x84exd\xda\xff\x0cb\x16\
d\x0dX\xde\x00/c\xa7R6`\xa8v\x84\x8a\x08\
{\x97j_0\x02\x08\x00\x00\x00\x00\x06\x00\x00\x00\xab\
Make sure that y\
ou trust the scr\
ipt publisher, u\
nverified script\
 can and not lim\
ited to steal yo\
ur account/ data\
 money, destroy \
your data, harm/\
 controlling you\
r computer.\x07\x00\x00\x00\x13\
ImportWarningDia\
log\x01\x03\x00\x00\x00\x04\x8bfTJ\x08\x00\x00\
\x00\x00\x06\x00\x00\x00\x07Warning\x07\x00\
\x00\x00\x13ImportWarning\
Dialog\x01\x03\x00\x00\x00\x10b@g\x09\
j\x94hH\x00 \x00(\x00*\x00)\x08\x00\x00\x00\
\x00\x06\x00\x00\x00\x0dAll Files \
(*)\x07\x00\x00\x00\x14LabelAnd\
FileSelector\x01\x03\x00\x00\
\x00\x04p\x0f\x89\xbd\x08\x00\x00\x00\x00\x06\x00\x00\x00\x06\
Browse\x07\x00\x00\x00\x14Label\
AndFileSelector\x01\
\x03\x00\x00\x00\x08\x90xd\xc7j\x94hH\x08\x00\x00\
\x00\x00\x06\x00\x00\x00\x0bSelect Fi\
le\x07\x00\x00\x00\x14LabelAndF\
ileSelector\x01\x03\x00\x00\x00\
\x10\x90xd\xc7j\x94hHb\x16\x8c\xc7e\x99Y\
>\x08\x00\x00\x00\x00\x06\x00\x00\x00\x15Selec\
t File or Folder\
\x07\x00\x00\x00\x14LabelAndFil\
eSelector\x01\x03\x00\x00\x00\x0a\x90\
xd\xc7\x8c\xc7e\x99Y>\x08\x00\x00\x00\x00\x06\x00\
\x00\x00\x0dSelect Folder\
\x07\x00\x00\x00\x14LabelAndFil\
eSelector\x01\x03\x00\x00\x00\x08R\
M_\x80\x8a-[\x9a\x08\x00\x00\x00\x00\x06\x00\x00\x00\
\x0cGo to Config\x07\x00\x00\
\x00\x0eLabelAndGlobal\
\x01\x03\x00\x00\x00\x02T&\x08\x00\x00\x00\x00\x06\x00\x00\
\x00\x02No\x07\x00\x00\x00\x14LabelAn\
dSwitchButton\x01\x03\x00\
\x00\x00\x02f/\x08\x00\x00\x00\x00\x06\x00\x00\x00\x03Y\
es\x07\x00\x00\x00\x14LabelAndS\
witchButton\x01\x03\x00\x00\x00\
\x0e\x00D\x00i\x00s\x00c\x00o\x00r\x00d\x08\
\x00\x00\x00\x00\x06\x00\x00\x00\x07Discord\
\x07\x00\x00\x00\x08LinksBar\x01\x03\x00\
\x00\x00\x08^8\x89\x8bUO\x98L\x08\x00\x00\x00\x00\
\x06\x00\x00\x00\x03FAQ\x07\x00\x00\x00\x08Lin\
ksBar\x01\x03\x00\x00\x00\x0c\x00G\x00i\x00\
t\x00H\x00u\x00b\x08\x00\x00\x00\x00\x06\x00\x00\x00\
\x06GitHub\x07\x00\x00\x00\x08Link\
sBar\x01\x03\x00\x00\x00\x0cR\x06N\xabN\x0b\
\x8f\x09\x90#}P\x08\x00\x00\x00\x00\x06\x00\x00\x00\x05\
Share\x07\x00\x00\x00\x08LinksB\
ar\x01\x03\x00\x00\x00\x16R\x06N\xab\x90#}P\
]\xf2\x89\x07\x88\xfdR0Rj\x8c\xbc|?\x08\x00\
\x00\x00\x00\x06\x00\x00\x00\x1eShare Li\
nk copied to cli\
pboard\x07\x00\x00\x00\x08Links\
Bar\x01\x03\x00\x00\x00\x04\x8d\x0aR\xa9\x08\x00\x00\
\x00\x00\x06\x00\x00\x00\x07Sponsor\x07\x00\
\x00\x00\x08LinksBar\x01\x03\x00\x00\x00\
\x08Qh\x90\xe8}\x1aR%\x08\x00\x00\x00\x00\x06\x00\
\x00\x00\x0aAll Levels\x07\x00\x00\
\x00\x09LogWindow\x01\x03\x00\x00\x00\
\x04n\x05\x96d\x08\x00\x00\x00\x00\x06\x00\x00\x00\x05C\
lear\x07\x00\x00\x00\x09LogWind\
ow\x01\x03\x00\x00\x00\x04\x95\xdc\x95\x89\x08\x00\x00\x00\
\x00\x06\x00\x00\x00\x05Close\x07\x00\x00\x00\x09\
LogWindow\x01\x03\x00\x00\x00\x04b\
\xd6f\xf3\x08\x00\x00\x00\x00\x06\x00\x00\x00\x04Dra\
g\x07\x00\x00\x00\x09LogWindow\x01\
\x03\x00\x00\x00\x0e{\xe9\x90xe\xe5\x8a\x8c\x00.\x00\
.\x00.\x08\x00\x00\x00\x00\x06\x00\x00\x00\x0eFil\
ter logs...\x07\x00\x00\x00\x09\
LogWindow\x01\x03\x00\x00\x00\x08\x95\
\x8bU_e\xe5\x8a\x8c\x08\x00\x00\x00\x00\x06\x00\x00\x00\
\x09Open Logs\x07\x00\x00\x00\x09L\
ogWindow\x01\x03\x00\x00\x00\x04f\xab\
P\x5c\x08\x00\x00\x00\x00\x06\x00\x00\x00\x05Paus\
e\x07\x00\x00\x00\x09LogWindow\x01\
\x03\x00\x00\x00\x04\x7fn\x98\x02\x08\x00\x00\x00\x00\x06\x00\
\x00\x00\x03Pin\x07\x00\x00\x00\x09LogWi\
ndow\x01\x03\x00\x00\x00\x04~|~\x8c\x08\x00\
\x00\x00\x00\x06\x00\x00\x00\x06Resume\x07\x00\
\x00\x00\x09LogWindow\x01\x03\x00\x00\
\x00\x08S\xd6m\x88\x7fn\x98\x02\x08\x00\x00\x00\x00\x06\
\x00\x00\x00\x05Unpin\x07\x00\x00\x00\x09Lo\
gWindow\x01\x03\x00\x00\x00\x08g\xe5w\
\x0be\xe5\x8a\x8c\x08\x00\x00\x00\x00\x06\x00\x00\x00\x08V\
iew Log\x07\x00\x00\x00\x09LogW\
indow\x01\x03\x00\x00\x00 {I_\x85\x00\
 \x00o\x00k\x00-\x00s\x00c\x00r\x00i\x00\
p\x00t\x00.\x00l\x00o\x00g\x08\x00\x00\x00\x00\
\x06\x00\x00\x00\x19Waiting for\
 ok-script.log\x07\x00\
\x00\x00\x09LogWindow\x01\x03\x00\x00\
\x00\x02{F\x08\x00\x00\x00\x00\x06\x00\x00\x00\x07re\
cords\x07\x00\x00\x00\x09LogWin\
dow\x01\x03\x00\x00\x00\x04\x95\xdce\xbc\x08\x00\x00\
\x00\x00\x06\x00\x00\x00\x05About\x07\x00\x00\x00\
\x0aMainWindow\x01\x03\x00\x00\x00\
\x08b*W\x16e\xb9_\x0f\x08\x00\x00\x00\x00\x06\x00\
\x00\x00\x07Capture\x07\x00\x00\x00\x0aM\
ainWindow\x01\x03\x00\x00\x00\x08b\
*W\x16\x93/\x8a\xa4\x08\x00\x00\x00\x00\x06\x00\x00\x00\
\x0dCapture Error\x07\x00\
\x00\x00\x0aMainWindow\x01\x03\x00\
\x00\x00\x08\x95\x8bv|]\xe5Qw\x08\x00\x00\x00\x00\
\x06\x00\x00\x00\x05Debug\x07\x00\x00\x00\x0aM\
ainWindow\x01\x03\x00\x00\x00\x04\x93\
/\x8a\xa4\x08\x00\x00\x00\x00\x06\x00\x00\x00\x05Err\
or\x07\x00\x00\x00\x0aMainWindo\
w\x01\x03\x00\x00\x00\x04\x90\x00Q\xfa\x08\x00\x00\x00\x00\
\x06\x00\x00\x00\x04Exit\x07\x00\x00\x00\x0aMa\
inWindow\x01\x03\x00\x00\x00\x04c\xd0\
y:\x08\x00\x00\x00\x00\x06\x00\x00\x00\x04Info\
\x07\x00\x00\x00\x0aMainWindow\x01\
\x03\x00\x00\x00\x08]\xf2f\xabP\x5c0\x02\x08\x00\x00\
\x00\x00\x06\x00\x00\x00\x0ePause Suc\
cess.\x07\x00\x00\x00\x0aMainWi\
ndow\x01\x03\x00\x00\x00\x1e\x8a\xcbj\xa2g\xe5\
\x90Jb2\x89\x96z\x97f/T&]\xf2kc\
x\xba\x90xS\xd6\xff\x01\x08\x00\x00\x00\x00\x06\x00\x00\
\x00;Please check w\
hether the game \
window is select\
ed correctly!\x07\x00\x00\
\x00\x0aMainWindow\x01\x03\x00\x00\
\x00\x06kc_\x0frH\x08\x00\x00\x00\x00\x06\x00\x00\
\x00\x07Release\x07\x00\x00\x00\x0aMa\
inWindow\x01\x03\x00\x00\x00\x0aW\xf7\
\x88Lz\x0b_\x0fx\xbc\x08\x00\x00\x00\x00\x06\x00\x00\
\x00\x08Run Code\x07\x00\x00\x00\x0aM\
ainWindow\x01\x03\x00\x00\x00\x08\x8a\
\x08R\x83N\xfbR\xd9\x08\x00\x00\x00\x00\x06\x00\x00\x00\
\x08Schedule\x07\x00\x00\x00\x0aMa\
inWindow\x01\x03\x00\x00\x00\x04\x81s\
g,\x08\x00\x00\x00\x00\x06\x00\x00\x00\x06Scri\
pt\x07\x00\x00\x00\x0aMainWindo\
w\x01\x03\x00\x00\x00\x04\x8a-[\x9a\x08\x00\x00\x00\x00\
\x06\x00\x00\x00\x08Settings\x07\x00\x00\
\x00\x0aMainWindow\x01\x03\x00\x00\
\x00\x0aU_R\xd5b\x10R\x9f0\x02\x08\x00\x00\x00\
\x00\x06\x00\x00\x00\x0eStart Succ\
ess.\x07\x00\x00\x00\x0aMainWin\
dow\x01\x03\x00\x00\x00\x04N\xfbR\xd9\x08\x00\x00\
\x00\x00\x06\x00\x00\x00\x05Tasks\x07\x00\x00\x00\
\x0aMainWindow\x01\x03\x00\x00\x00\
\x04j!g\x7f\x08\x00\x00\x00\x00\x06\x00\x00\x00\x09T\
emplates\x07\x00\x00\x00\x0aMai\
nWindow\x01\x03\x00\x00\x008\x90\x19f\
/N\x00k>QM\x8c\xbb\x8e\xdf\x9a\xd4\xff\x0cY\
\x82g\x9c`\xa8f/N\xd8\x8c\xbb\x8c\xfc\x8c\xb7v\
\x84\xff\x0c\x8a\xcbT\x11\x8c\xe3[\xb6u3\x8a\xcb\x90\
\x00k>\xff\x01\x08\x00\x00\x00\x00\x06\x00\x00\x00ZT\
his is a free so\
ftware. If you p\
urchased this an\
ywhere, request \
a refund from th\
e seller.\x07\x00\x00\x00\x0aMa\
inWindow\x01\x03\x00\x00\x00\x08Ss\
fB\x89\xf8v|\x08\x00\x00\x00\x00\x06\x00\x00\x00\x08\
Triggers\x07\x00\x00\x00\x0aMai\
nWindow\x01\x03\x00\x00\x00\x08rHg\
,f\xf4e\xb0\x08\x00\x00\x00\x00\x06\x00\x00\x00\x06U\
pdate\x07\x00\x00\x00\x0aMainWi\
ndow\x01\x03\x00\x00\x00\x04U_u(\x08\x00\
\x00\x00\x00\x06\x00\x00\x00\x06\xe6\xbf\x80\xe6\xb4\xbb\x07\x00\
\x00\x00\x0aMainWindow\x01\x03\x00\
\x00\x00\x0cR*\x96d\x00 \x00(\x00D\x00)\x08\
\x00\x00\x00\x00\x06\x00\x00\x00\x0aDelete \
(D)\x07\x00\x00\x00\x0cMarkUpWi\
ndow\x01\x03\x00\x00\x00\x0c~j\x88\xfd\x00 \
\x00(\x00R\x00)\x08\x00\x00\x00\x00\x06\x00\x00\x00\x08\
Draw (R)\x07\x00\x00\x00\x0cMar\
kUpWindow\x01\x03\x00\x00\x00\x0aj\
\x19l\xe8}\xe8\x8f/Vh\x08\x00\x00\x00\x00\x06\x00\
\x00\x00\x0dMarkup Editor\
\x07\x00\x00\x00\x0cMarkUpWindo\
w\x01\x03\x00\x00\x00\x0eO\xeee9\x00 \x00(\x96\
\xd9d\xca\x00)\x08\x00\x00\x00\x00\x06\x00\x00\x00\x15M\
odify (Double Cl\
ick)\x07\x00\x00\x00\x0cMarkUpW\
indow\x01\x03\x00\x00\x00\x10S\xf3\x93u\x9e\
\xded\xca\x89\x07\x88\xfd\x98O\x82r\x08\x00\x00\x00\x00\
\x06\x00\x00\x00\x19Right click\
 to copy color\x07\x00\
\x00\x00\x0cMarkUpWindow\x01\
\x03\x00\x00\x00\x04x\xba\x8a\x8d\x08\x00\x00\x00\x00\x06\x00\
\x00\x00\x07Confirm\x07\x00\x00\x00\x0dM\
essageWindow\x01\x03\x00\x00\
\x00\x04e\xb0X\x9e\x08\x00\x00\x00\x00\x06\x00\x00\x00\x03\
Add\x07\x00\x00\x00\x10ModifyLi\
stDialog\x01\x03\x00\x00\x00\x08S\xef\
u(\x90x\x98\x05\x08\x00\x00\x00\x00\x06\x00\x00\x00\x11\
Available Option\
s\x07\x00\x00\x00\x10ModifyList\
Dialog\x01\x03\x00\x00\x00\x04S\xd6m\x88\
\x08\x00\x00\x00\x00\x06\x00\x00\x00\x06Cancel\
\x07\x00\x00\x00\x10ModifyListD\
ialog\x01\x03\x00\x00\x00\x10\x9e\xded\xca\x90\
x\x98\x05N\xe5e\xb0X\x9e0\x02\x08\x00\x00\x00\x00\
\x06\x00\x00\x00\x1aClick an op\
tion to add it.\x07\
\x00\x00\x00\x10ModifyListDi\
alog\x01\x03\x00\x00\x00\x04x\xba\x8a\x8d\x08\x00\
\x00\x00\x00\x06\x00\x00\x00\x07Confirm\x07\
\x00\x00\x00\x10ModifyListDi\
alog\x01\x03\x00\x00\x00\x04}\xe8\x8f/\x08\x00\
\x00\x00\x00\x06\x00\x00\x00\x04Edit\x07\x00\x00\x00\
\x10ModifyListDialo\
g\x01\x03\x00\x00\x00\x04O\xeee9\x08\x00\x00\x00\x00\
\x06\x00\x00\x00\x06Modify\x07\x00\x00\x00\x10\
ModifyListDialog\
\x01\x03\x00\x00\x00\x04N\x0by\xfb\x08\x00\x00\x00\x00\x06\
\x00\x00\x00\x09Move Down\x07\x00\x00\
\x00\x10ModifyListDial\
og\x01\x03\x00\x00\x00\x04N\x0ay\xfb\x08\x00\x00\x00\
\x00\x06\x00\x00\x00\x07Move Up\x07\x00\x00\
\x00\x10ModifyListDial\
og\x01\x03\x00\x00\x00\x04y\xfb\x96d\x08\x00\x00\x00\
\x00\x06\x00\x00\x00\x06Remove\x07\x00\x00\x00\
\x10ModifyListDialo\
g\x01\x03\x00\x00\x00\x0ed\x1c\x5c\x0b\x90x\x98\x05\x00\
.\x00.\x00.\x08\x00\x00\x00\x00\x06\x00\x00\x00\x11S\
earch options...\
\x07\x00\x00\x00\x10ModifyListD\
ialog\x01\x03\x00\x00\x00\x08]\xf2\x90x\x90\
x\x98\x05\x08\x00\x00\x00\x00\x06\x00\x00\x00\x10Sel\
ected Options\x07\x00\x00\
\x00\x10ModifyListDial\
og\x01\x03\x00\x00\x00\x04O\xeee9\x08\x00\x00\x00\
\x00\x06\x00\x00\x00\x06Modify\x07\x00\x00\x00\
\x0eModifyListItem\x01\
\x03\x00\x00\x00\x12\x00(\x000\x00 \x00=\x00 ]\
\xf2y\x81u(\x00)\x08\x00\x00\x00\x00\x06\x00\x00\x00\
\x0e(0 = disabled)\x07\
\x00\x00\x00\x18ModifySchedu\
leTaskDialog\x01\x03\x00\x00\
\x00\x08\x002\x004\x5c\x0ffB\x08\x00\x00\x00\x00\x06\
\x00\x00\x00\x0324h\x07\x00\x00\x00\x18Modi\
fyScheduleTaskDi\
alog\x01\x03\x00\x00\x00\x1cN\xfbR\xd9[\x8c\
b\x10_\x8c\x81\xeaR\xd5\x90\x00Q\xfa\x00 \x00(\
\x00-\x00e\x00)\x08\x00\x00\x00\x00\x06\x00\x00\x00\x1e\
Auto exit after \
task done (-e)\x07\x00\
\x00\x00\x18ModifySchedul\
eTaskDialog\x01\x03\x00\x00\x00\
\x04S\xd6m\x88\x08\x00\x00\x00\x00\x06\x00\x00\x00\x06C\
ancel\x07\x00\x00\x00\x18Modify\
ScheduleTaskDial\
og\x01\x03\x00\x00\x00\x06\x81\xea[\x9a\x7f\xa9\x08\x00\
\x00\x00\x00\x06\x00\x00\x00\x06Custom\x07\x00\
\x00\x00\x18ModifySchedul\
eTaskDialog\x01\x03\x00\x00\x00\
\x0a\x81\xea[\x9a\x7f\xa9\x95\x93\x96\x94\x08\x00\x00\x00\x00\
\x06\x00\x00\x00\x0fCustom Inte\
rval\x07\x00\x00\x00\x18ModifyS\
cheduleTaskDialo\
g\x01\x03\x00\x00\x00\x04k\xcfY)\x08\x00\x00\x00\x00\
\x06\x00\x00\x00\x05Daily\x07\x00\x00\x00\x18M\
odifyScheduleTas\
kDialog\x01\x03\x00\x00\x00\x02Y)\x08\
\x00\x00\x00\x00\x06\x00\x00\x00\x04Days\x07\x00\x00\
\x00\x18ModifySchedule\
TaskDialog\x01\x03\x00\x00\x00\x04\
\x5c\x0ffB\x08\x00\x00\x00\x00\x06\x00\x00\x00\x04Ho\
ur\x07\x00\x00\x00\x18ModifySch\
eduleTaskDialog\x01\
\x03\x00\x00\x00\x04\x5c\x0ffB\x08\x00\x00\x00\x00\x06\x00\
\x00\x00\x05Hours\x07\x00\x00\x00\x18Mod\
ifyScheduleTaskD\
ialog\x01\x03\x00\x00\x00\x04R\x06\x94\x18\x08\
\x00\x00\x00\x00\x06\x00\x00\x00\x06Minute\x07\
\x00\x00\x00\x18ModifySchedu\
leTaskDialog\x01\x03\x00\x00\
\x00\x04O\xeee9\x08\x00\x00\x00\x00\x06\x00\x00\x00\x06\
Modify\x07\x00\x00\x00\x18Modif\
yScheduleTaskDia\
log\x01\x03\x00\x00\x00\x0cO\xeee9\x8a\x08R\
\x83N\xfbR\xd9\x08\x00\x00\x00\x00\x06\x00\x00\x00\x14M\
odify Schedule T\
ask\x07\x00\x00\x00\x18ModifySc\
heduleTaskDialog\
\x01\x03\x00\x00\x00\x04k\xcfg\x08\x08\x00\x00\x00\x00\x06\
\x00\x00\x00\x07Monthly\x07\x00\x00\x00\x18\
ModifyScheduleTa\
skDialog\x01\x03\x00\x00\x00\x04N\x00\
k!\x08\x00\x00\x00\x00\x06\x00\x00\x00\x04Once\
\x07\x00\x00\x00\x18ModifySched\
uleTaskDialog\x01\x03\x00\
\x00\x00\x08\x95\x8bY\xcbfB\x95\x93\x08\x00\x00\x00\x00\
\x06\x00\x00\x00\x0aStart Time\x07\
\x00\x00\x00\x18ModifySchedu\
leTaskDialog\x01\x03\x00\x00\
\x00\x08U_R\xd5\x90x\x98\x05\x08\x00\x00\x00\x00\x06\
\x00\x00\x00\x0fStartup Opti\
ons\x07\x00\x00\x00\x18ModifySc\
heduleTaskDialog\
\x01\x03\x00\x00\x00\x12N\xfbR\xd9}\x22_\x15\x00 \
\x00(\x00-\x00t\x00)\x08\x00\x00\x00\x00\x06\x00\x00\
\x00\x0fTask Index (-t\
)\x07\x00\x00\x00\x18ModifySche\
duleTaskDialog\x01\x03\
\x00\x00\x00\x08N\xfbR\xd9T\x0dz1\x08\x00\x00\x00\
\x00\x06\x00\x00\x00\x09Task Name\x07\
\x00\x00\x00\x18ModifySchedu\
leTaskDialog\x01\x03\x00\x00\
\x00\x04\x8d\x85fB\x08\x00\x00\x00\x00\x06\x00\x00\x00\x07\
Timeout\x07\x00\x00\x00\x18Modi\
fyScheduleTaskDi\
alog\x01\x03\x00\x00\x00\x08\x89\xf8v|\x98^\
W\x8b\x08\x00\x00\x00\x00\x06\x00\x00\x00\x0cTrig\
ger Type\x07\x00\x00\x00\x18Mod\
ifyScheduleTaskD\
ialog\x01\x03\x00\x00\x00\x04k\xcfTh\x08\
\x00\x00\x00\x00\x06\x00\x00\x00\x06Weekly\x07\
\x00\x00\x00\x18ModifySchedu\
leTaskDialog\x01\x03\x00\x00\
\x00\x18\x5c\x0ffB\x00 \x00(\x000\x00 \x00=\
\x00 q!\x96PR6\x00)\x08\x00\x00\x00\x00\x06\
\x00\x00\x00\x15hours (0 = u\
nlimited)\x07\x00\x00\x00\x18Mo\
difyScheduleTask\
Dialog\x01\x03\x00\x00\x00\x08\x90xS\xd6\
\x89\x96z\x97\x08\x00\x00\x00\x00\x06\x00\x00\x00\x0dCh\
oose Window\x07\x00\x00\x00\x0e\
OneTimeTaskTab\x01\x03\
\x00\x00\x00\x06]\xf2[\x8cb\x10\x08\x00\x00\x00\x00\x06\
\x00\x00\x00\x09Completed\x07\x00\x00\
\x00\x0eOneTimeTaskTab\
\x01\x03\x00\x00\x00\x04\x8c\xc7\x8a\x0a\x08\x00\x00\x00\x00\x06\
\x00\x00\x00\x04Info\x07\x00\x00\x00\x0eOne\
TimeTaskTab\x01\x03\x00\x00\x00\
\x06W\xf7\x88LN-\x08\x00\x00\x00\x00\x06\x00\x00\x00\
\x07Running\x07\x00\x00\x00\x0eOne\
TimeTaskTab\x01\x03\x00\x00\x00\
\x02P<\x08\x00\x00\x00\x00\x06\x00\x00\x00\x05Val\
ue\x07\x00\x00\x00\x0eOneTimeTa\
skTab\x01\x03\x00\x00\x00\x04\x93/\x8a\xa4\x08\
\x00\x00\x00\x00\x06\x00\x00\x00\x03app\x07\x00\x00\x00\
\x10QCoreApplicatio\
n\x01\x03\x00\x00\x00\x14O`x\xba[\x9a\x89\x81R\
*\x96dN\xfbR\xd9U\xce\xff\x1f\x08\x00\x00\x00\x00\
\x06\x00\x00\x00$Are you sur\
e you want to de\
lete task\x07\x00\x00\x00\x0fSc\
heduleTaskTab\x01\x03\x00\
\x00\x00\x04S\xd6m\x88\x08\x00\x00\x00\x00\x06\x00\x00\x00\
\x06Cancel\x07\x00\x00\x00\x0fSche\
duleTaskTab\x01\x03\x00\x00\x00\
\x08Ru^\xfaN\xfbR\xd9\x08\x00\x00\x00\x00\x06\x00\
\x00\x00\x0bCreate Task\x07\x00\
\x00\x00\x0fScheduleTaskT\
ab\x01\x03\x00\x00\x00\x04R*\x96d\x08\x00\x00\x00\
\x00\x06\x00\x00\x00\x06Delete\x07\x00\x00\x00\
\x0fScheduleTaskTab\
\x01\x03\x00\x00\x00\x08R*\x96dN\xfbR\xd9\x08\x00\
\x00\x00\x00\x06\x00\x00\x00\x0bDelete T\
ask\x07\x00\x00\x00\x0fSchedule\
TaskTab\x01\x03\x00\x00\x00\x04\x93/\x8a\
\xa4\x08\x00\x00\x00\x00\x06\x00\x00\x00\x05Error\
\x07\x00\x00\x00\x0fScheduleTas\
kTab\x01\x03\x00\x00\x00\x0cRu^\xfaN\xfb\
R\xd9Y1eW\x08\x00\x00\x00\x00\x06\x00\x00\x00\x15\
Failed to create\
 task\x07\x00\x00\x00\x0fSchedu\
leTaskTab\x01\x03\x00\x00\x00\x0cR\
*\x96dN\xfbR\xd9Y1eW\x08\x00\x00\x00\x00\
\x06\x00\x00\x00\x15Failed to d\
elete task\x07\x00\x00\x00\x0fS\
cheduleTaskTab\x01\x03\
\x00\x00\x00\x0cR\xa0\x8f\x09N\xfbR\xd9Y1eW\
\x08\x00\x00\x00\x00\x06\x00\x00\x00\x14Failed\
 to load tasks\x07\x00\
\x00\x00\x0fScheduleTaskT\
ab\x01\x03\x00\x00\x00\x0cO\xeee9N\xfbR\xd9\
Y1eW\x08\x00\x00\x00\x00\x06\x00\x00\x00\x15Fa\
iled to modify t\
ask\x07\x00\x00\x00\x0fSchedule\
TaskTab\x01\x03\x00\x00\x00\x1cO\xeee\
9N\xfbR\xd9Y1eW\xff\x1aq!l\xd5R\
*\x96d\x82\x0aN\xfbR\xd9\x08\x00\x00\x00\x00\x06\x00\
\x00\x00-Failed to mod\
ify task: cannot\
 delete old task\
\x07\x00\x00\x00\x0fScheduleTas\
kTab\x01\x03\x00\x00\x00\x12bS\x95\x8bO\xee\
e9\x5c\x0d\x8aqhFY1eW\x08\x00\x00\x00\
\x00\x06\x00\x00\x00\x1cFailed to \
open modify dial\
og\x07\x00\x00\x00\x0fScheduleT\
askTab\x01\x03\x00\x00\x00\x10R\x07c\xdb\
N\xfbR\xd9r\xc0aKY1eW\x08\x00\x00\x00\
\x00\x06\x00\x00\x00\x15Failed to \
toggle task\x07\x00\x00\x00\x0f\
ScheduleTaskTab\x01\
\x03\x00\x00\x00\x04R7e\xb0\x08\x00\x00\x00\x00\x06\x00\
\x00\x00\x07Refresh\x07\x00\x00\x00\x0fS\
cheduleTaskTab\x01\x03\
\x00\x00\x00\x08R7e\xb0Y1eW\x08\x00\x00\x00\
\x00\x06\x00\x00\x00\x0eRefresh fa\
iled\x07\x00\x00\x00\x0fSchedul\
eTaskTab\x01\x03\x00\x00\x00\x08\x8a\x08\
R\x83N\xfbR\xd9\x08\x00\x00\x00\x00\x06\x00\x00\x00\x0e\
Schedule Tasks\x07\x00\
\x00\x00\x0fScheduleTaskT\
ab\x01\x03\x00\x00\x00\x04b\x10R\x9f\x08\x00\x00\x00\
\x00\x06\x00\x00\x00\x07Success\x07\x00\x00\
\x00\x0fScheduleTaskTa\
b\x01\x03\x00\x00\x00\x0cN\xfbR\xd9Ru^\xfab\
\x10R\x9f\x08\x00\x00\x00\x00\x06\x00\x00\x00\x19Tas\
k created succes\
sfully\x07\x00\x00\x00\x0fSched\
uleTaskTab\x01\x03\x00\x00\x00\x0c\
N\xfbR\xd9R*\x96db\x10R\x9f\x08\x00\x00\x00\
\x00\x06\x00\x00\x00\x19Task delet\
ed successfully\x07\
\x00\x00\x00\x0fScheduleTask\
Tab\x01\x03\x00\x00\x00\x0aN\xfbR\xd9]\xf2y\
\x81u(\x08\x00\x00\x00\x00\x06\x00\x00\x00\x0dTas\
k disabled\x07\x00\x00\x00\x0fS\
cheduleTaskTab\x01\x03\
\x00\x00\x00\x0aN\xfbR\xd9]\xf2U_u(\x08\x00\
\x00\x00\x00\x06\x00\x00\x00\x0cTask ena\
bled\x07\x00\x00\x00\x0fSchedul\
eTaskTab\x01\x03\x00\x00\x00\x0cN\xfb\
R\xd9O\xeee9b\x10R\x9f\x08\x00\x00\x00\x00\x06\
\x00\x00\x00\x1aTask modifie\
d successfully\x07\x00\
\x00\x00\x0fScheduleTaskT\
ab\x01\x03\x00\x00\x00\x10}\xe9[XN-g*\
b~R0N\xfbR\xd9\x08\x00\x00\x00\x00\x06\x00\x00\
\x00\x17Task not found\
 in cache\x07\x00\x00\x00\x0fSc\
heduleTaskTab\x01\x03\x00\
\x00\x00\x0aN\xfbR\xd9]\xf2R7e\xb0\x08\x00\x00\
\x00\x00\x06\x00\x00\x00\x0fTasks ref\
reshed\x07\x00\x00\x00\x0fSched\
uleTaskTab\x01\x03\x00\x00\x00\x04\
d\xcdO\x5c\x08\x00\x00\x00\x00\x06\x00\x00\x00\x07Ac\
tions\x07\x00\x00\x00\x11Schedu\
leTaskTable\x01\x03\x00\x00\x00\
\x06\x81\xea[\x9a\x7f\xa9\x08\x00\x00\x00\x00\x06\x00\x00\x00\
\x06Custom\x07\x00\x00\x00\x11Sche\
duleTaskTable\x01\x03\x00\
\x00\x00\x04k\xcfY)\x08\x00\x00\x00\x00\x06\x00\x00\x00\
\x05Daily\x07\x00\x00\x00\x11Sched\
uleTaskTable\x01\x03\x00\x00\
\x00\x04R*\x96d\x08\x00\x00\x00\x00\x06\x00\x00\x00\x06\
Delete\x07\x00\x00\x00\x11Sched\
uleTaskTable\x01\x03\x00\x00\
\x00\x06]\xf2y\x81u(\x08\x00\x00\x00\x00\x06\x00\x00\
\x00\x08Disabled\x07\x00\x00\x00\x11S\
cheduleTaskTable\
\x01\x03\x00\x00\x00\x06]\xf2U_u(\x08\x00\x00\x00\
\x00\x06\x00\x00\x00\x07Enabled\x07\x00\x00\
\x00\x11ScheduleTaskTa\
ble\x01\x03\x00\x00\x00\x04O\xeee9\x08\x00\x00\
\x00\x00\x06\x00\x00\x00\x06Modify\x07\x00\x00\
\x00\x11ScheduleTaskTa\
ble\x01\x03\x00\x00\x00\x04k\xcfg\x08\x08\x00\x00\
\x00\x00\x06\x00\x00\x00\x07Monthly\x07\x00\
\x00\x00\x11ScheduleTaskT\
able\x01\x03\x00\x00\x00\x08N\x0bk!\x90K\
\x88L\x08\x00\x00\x00\x00\x06\x00\x00\x00\x08Next\
 Run\x07\x00\x00\x00\x11Schedul\
eTaskTable\x01\x03\x00\x00\x00\x04\
N\x00k!\x08\x00\x00\x00\x00\x06\x00\x00\x00\x04On\
ce\x07\x00\x00\x00\x11ScheduleT\
askTable\x01\x03\x00\x00\x00\x08n\x96\
P\x99\x5c1}\xd2\x08\x00\x00\x00\x00\x06\x00\x00\x00\x05\
Ready\x07\x00\x00\x00\x11Schedu\
leTaskTable\x01\x03\x00\x00\x00\
\x06\x90K\x88LN-\x08\x00\x00\x00\x00\x06\x00\x00\x00\
\x07Running\x07\x00\x00\x00\x11Sch\
eduleTaskTable\x01\x03\
\x00\x00\x00\x04r\xc0aK\x08\x00\x00\x00\x00\x06\x00\x00\
\x00\x06Status\x07\x00\x00\x00\x11Sch\
eduleTaskTable\x01\x03\
\x00\x00\x00\x08N\xfbR\xd9T\x0dz1\x08\x00\x00\x00\
\x00\x06\x00\x00\x00\x09Task Name\x07\
\x00\x00\x00\x11ScheduleTask\
Table\x01\x03\x00\x00\x00\x08\x89\xf8v|\x98\
^W\x8b\x08\x00\x00\x00\x00\x06\x00\x00\x00\x0cTri\
gger Type\x07\x00\x00\x00\x11Sc\
heduleTaskTable\x01\
\x03\x00\x00\x00\x04g*w\xe5\x08\x00\x00\x00\x00\x06\x00\
\x00\x00\x07Unknown\x07\x00\x00\x00\x11S\
cheduleTaskTable\
\x01\x03\x00\x00\x00\x04k\xcfTh\x08\x00\x00\x00\x00\x06\
\x00\x00\x00\x06Weekly\x07\x00\x00\x00\x11S\
cheduleTaskTable\
\x01\x03\x00\x00\x004\x00A\x00D\x00B\x00 b*\
W\x16\x00 \x00(e/c\xf4\x80\xccfo0\x01\
v\xf8[\xb9`'\x9a\xd80\x01\x90\x1f^\xa6ab\
0\x01\x9a\xd8^\xf6\x90r\x00)\x08\x00\x00\x00\x00\x06\
\x00\x00\x00@ADB(Supports\
 Background, Slo\
w, High Compatib\
ility, High Late\
ncy)\x07\x00\x00\x00\x15SelectC\
aptureListView\x01\x03\
\x00\x00\x00\x22\x00B\x00i\x00t\x00B\x00l\x00t\
\x00 \x00-\x00 g\x00_\xeb\xff\x0cQ|[\xb9\
`'g\x00]\xee\x08\x00\x00\x00\x00\x06\x00\x00\x00\x06\
BitBlt\x07\x00\x00\x00\x15Selec\
tCaptureListView\
\x01\x03\x00\x00\x006\x00B\x00i\x00t\x00B\x00l\
\x00t\x00_\x00R\x00e\x00n\x00d\x00e\x00r\
\x00F\x00u\x00l\x00l\x00 \x00-\x00 ab\
\xff\x0cQ|[\xb9`'g\x00Y}\x08\x00\x00\x00\
\x00\x06\x00\x00\x00\x11BitBlt_Ren\
derFull\x07\x00\x00\x00\x15Sele\
ctCaptureListVie\
w\x01\x03\x00\x00\x00\x0ap\x0f\x89\xbdVhb*W\
\x16\x08\x00\x00\x00\x00\x06\x00\x00\x00\x0fBrows\
er Capture\x07\x00\x00\x00\x15S\
electCaptureList\
View\x01\x03\x00\x00\x00\x18\x00D\x00X\x00G\
\x00I\x00 \x00-\x00 g\x00ab\xff\x0cY\x07\
u(\x08\x00\x00\x00\x00\x06\x00\x00\x00\x04DXGI\
\x07\x00\x00\x00\x15SelectCaptu\
reListView\x01\x03\x00\x00\x00(\
j!d\xecVh\x89\x96z\x97\x00 \x00(e/\
c\xf4\x80\xccfo0\x01\x90\x1f^\xa6_\xeb0\x01\
ON^\xf6\x90r\x00)\x08\x00\x00\x00\x00\x06\x00\x00\
\x007Emulator Windo\
w(Supports Backg\
round, Fast, Low\
 Latency)\x07\x00\x00\x00\x15Se\
lectCaptureListV\
iew\x01\x03\x00\x00\x00\x08\x90Jb2\x89\x96z\
\x97\x08\x00\x00\x00\x00\x06\x00\x00\x00\x0bGame \
Window\x07\x00\x00\x00\x15Selec\
tCaptureListView\
\x01\x03\x00\x00\x008S\x9fu\x1f\x00 \x00(\x00M\
\x00u\x00M\x00u\x00P\x00l\x00a\x00y\x00e\
\x00r\x00 \x001\x002\x00 rHg,\x00 \
\x00>\x00=\x00 \x004\x00.\x000\x00)\x08\x00\
\x00\x00\x00\x06\x00\x00\x00!Ipc (MuM\
uPlayer12 versio\
n >= 4.0)\x07\x00\x00\x00\x15Se\
lectCaptureListV\
iew\x01\x03\x00\x00\x00\x1e\x00W\x00G\x00C\x00\
 \x00-\x00 \x00>\x00=\x00W\x00i\x00n\x00\
1\x000\xff\x0c_\xeb\x08\x00\x00\x00\x00\x06\x00\x00\x00\
\x03WGC\x07\x00\x00\x00\x15SelectC\
aptureListView\x01\x03\
\x00\x00\x00&\x00A\x00D\x00B\x00I\x00n\x00t\
\x00e\x00r\x00a\x00c\x00t\x00i\x00o\x00n\
\x00 \x00-\x00 T\x0eS\xf0\x08\x00\x00\x00\x00\x06\
\x00\x00\x00\x0eADBInteracti\
on\x07\x00\x00\x00\x19SelectInt\
eractionListView\
\x01\x03\x00\x00\x00.\x00B\x00r\x00o\x00w\x00s\
\x00e\x00r\x00I\x00n\x00t\x00e\x00r\x00a\
\x00c\x00t\x00i\x00o\x00n\x00 \x00-\x00 \
T\x0eS\xf0\x08\x00\x00\x00\x00\x06\x00\x00\x00\x12Br\
owserInteraction\
\x07\x00\x00\x00\x19SelectInter\
actionListView\x01\x03\
\x00\x00\x004\x00G\x00e\x00n\x00s\x00h\x00i\
\x00n\x00 \x00-\x00 T\x0eS\xf0\xff\x0ce/\
c\x01\x90\xe8R\x06\x00 \x00U\x00n\x00i\x00t\
\x00y\x00 n8b\x0f\x08\x00\x00\x00\x00\x06\x00\x00\
\x00\x07Genshin\x07\x00\x00\x00\x19Se\
lectInteractionL\
istView\x01\x03\x00\x00\x00:\x00P\x00\
o\x00s\x00t\x00M\x00e\x00s\x00s\x00a\x00\
g\x00e\x00 \x00-\x00 T\x0eS\xf0\xff\x0cQ\
|[\xb9Y'Y\x1aep^\x94u(T\x8c\x5c\
\x11epn8b\x0f\x08\x00\x00\x00\x00\x06\x00\x00\x00\
\x0bPostMessage\x07\x00\x00\x00\
\x19SelectInteracti\
onListView\x01\x03\x00\x00\x00.\
\x00P\x00y\x00D\x00i\x00r\x00e\x00c\x00t\
\x00 \x00-\x00 RMS\xf0\xff\x0c\x00P\x00y\
\x00n\x00p\x00u\x00t\x00 Y\x07u(\x08\x00\
\x00\x00\x00\x06\x00\x00\x00\x08PyDirect\
\x07\x00\x00\x00\x19SelectInter\
actionListView\x01\x03\
\x00\x00\x00\x22\x00P\x00y\x00n\x00p\x00u\x00t\
\x00 \x00-\x00 RMS\xf0\xff\x0cQ|[\xb9\
`'g\x00Y}\x08\x00\x00\x00\x00\x06\x00\x00\x00\x06\
Pynput\x07\x00\x00\x00\x19Selec\
tInteractionList\
View\x01\x03\x00\x00\x00\x04\x95\xdce\xbc\x08\x00\
\x00\x00\x00\x06\x00\x00\x00\x05About\x07\x00\x00\
\x00\x0aSettingTab\x01\x03\x00\x00\
\x00\x08\x8e\xdf\x9a\xd4\x8a-[\x9a\x08\x00\x00\x00\x00\x06\
\x00\x00\x00\x0aApp Config\x07\x00\
\x00\x00\x0aSettingTab\x01\x03\x00\
\x00\x00\x08\x8e\xdf\x9a\xd4\x8a-[\x9a\x08\x00\x00\x00\x00\
\x06\x00\x00\x00\x0cApp Setting\
s\x07\x00\x00\x00\x0aSettingTab\
\x01\x03\x00\x00\x00\x0ca\xc9u(z\x0b_\x0fN;\
\x98L\x08\x00\x00\x00\x00\x06\x00\x00\x00\x11Appl\
ication Theme\x07\x00\x00\
\x00\x0aSettingTab\x01\x03\x00\x00\
\x00\x12\x8b\x8af\xf4a\xc9u(z\x0b_\x0fv\x84\
Y\x16\x89\xc0\x08\x00\x00\x00\x00\x06\x00\x00\x00(Ch\
ange the appeara\
nce of the appli\
cation\x07\x00\x00\x00\x0aSetti\
ngTab\x01\x03\x00\x00\x00\x08j\xa2g\xe5f\
\xf4e\xb0\x08\x00\x00\x00\x00\x06\x00\x00\x00\x0cChe\
ck update\x07\x00\x00\x00\x0aSe\
ttingTab\x01\x03\x00\x00\x00\x12\x8a-\
[\x9a\x5c\x07W(\x91\xcdU__\x8cu\x1feH\
\x08\x00\x00\x00\x00\x06\x00\x00\x00(Config\
uration takes ef\
fect after resta\
rt\x07\x00\x00\x00\x0aSettingTa\
b\x01\x03\x00\x00\x00\x04m\xf1\x82r\x08\x00\x00\x00\x00\
\x06\x00\x00\x00\x04Dark\x07\x00\x00\x00\x0aSe\
ttingTab\x01\x03\x00\x00\x00Hc\xa2\
}\x22e\xb0R\x9f\x80\xfdN&[x\x7f\xd2g\x09\
\x95\xdc\x00 \x00P\x00y\x00Q\x00t\x00-\x00F\
\x00l\x00u\x00e\x00n\x00t\x00-\x00W\x00i\
\x00d\x00g\x00e\x00t\x00s\x00 v\x84[\xe6\
u(b\x80]\xe7\x08\x00\x00\x00\x00\x06\x00\x00\x00E\
Discover new fea\
tures and learn \
useful tips abou\
t PyQt-Fluent-Wi\
dgets\x07\x00\x00\x00\x0aSettin\
gTab\x01\x03\x00\x00\x00\x04\x8a\xaaf\x0e\x08\x00\
\x00\x00\x00\x06\x00\x00\x00\x04Help\x07\x00\x00\x00\
\x0aSettingTab\x01\x03\x00\x00\x00\
\x04\x8a\x9e\x8a\x00\x08\x00\x00\x00\x00\x06\x00\x00\x00\x08L\
anguage\x07\x00\x00\x00\x0aSett\
ingTab\x01\x03\x00\x00\x00\x04m\xfa\x82r\
\x08\x00\x00\x00\x00\x06\x00\x00\x00\x05Light\x07\
\x00\x00\x00\x0aSettingTab\x01\x03\
\x00\x00\x00\x0c\x95\x8bU_\x8a\xaaf\x0e\x98\x01\x97b\
\x08\x00\x00\x00\x00\x06\x00\x00\x00\x0eOpen h\
elp page\x07\x00\x00\x00\x0aSet\
tingTab\x01\x03\x00\x00\x00\x0c\x90xd\
\xc7`\xa8v\x84\x8a\x9e\x8a\x00\x08\x00\x00\x00\x00\x06\x00\
\x00\x00\x1bSet your pref\
erred language\x07\x00\
\x00\x00\x0aSettingTab\x01\x03\x00\
\x00\x00\x16\x8a-[\x9a\x00 \x00U\x00I\x00 v\
\x84POY}\x8a\x9e\x8a\x00\x08\x00\x00\x00\x00\x06\x00\
\x00\x00\x22Set your pref\
erred language f\
or UI\x07\x00\x00\x00\x0aSettin\
gTab\x01\x03\x00\x00\x00\x04\x8a-[\x9a\x08\x00\
\x00\x00\x00\x06\x00\x00\x00\x08Settings\
\x07\x00\x00\x00\x0aSettingTab\x01\
\x03\x00\x00\x00\x08f\xf4e\xb0b\x10R\x9f\x08\x00\x00\
\x00\x00\x06\x00\x00\x00\x14Updated s\
uccessfully\x07\x00\x00\x00\x0a\
SettingTab\x01\x03\x00\x00\x00\x0c\
O\x7fu(|\xfb}q\x8a-[\x9a\x08\x00\x00\x00\
\x00\x06\x00\x00\x00\x12Use system\
 setting\x07\x00\x00\x00\x0aSet\
tingTab\x01\x03\x00\x00\x00\x04rHg\
,\x08\x00\x00\x00\x00\x06\x00\x00\x00\x07Versi\
on\x07\x00\x00\x00\x0aSettingTa\
b\x01\x03\x00\x00\x00\x08Qh\x90\xe8f\xabP\x5c\x08\
\x00\x00\x00\x00\x06\x00\x00\x00\x09Pause A\
ll\x07\x00\x00\x00\x0bStartButt\
on\x01\x03\x00\x00\x00\x08Qh\x90\xe8\x95\x8bY\xcb\
\x08\x00\x00\x00\x00\x06\x00\x00\x00\x09Start \
All\x07\x00\x00\x00\x0bStartBut\
ton\x01\x03\x00\x00\x00\x04b*W\x16\x08\x00\x00\
\x00\x00\x06\x00\x00\x00\x07Capture\x07\x00\
\x00\x00\x09StartCard\x01\x03\x00\x00\
\x00\x08S/Q\xfae\xe5\x8a\x8c\x08\x00\x00\x00\x00\x06\
\x00\x00\x00\x0bExport Logs\x07\
\x00\x00\x00\x09StartCard\x01\x03\x00\
\x00\x00\x0e\x90Jb2\x89\x96z\x97]\xf2\x96\xe2}\
\xda\x08\x00\x00\x00\x00\x06\x00\x00\x00\x18Game \
Window Disconnec\
ted\x07\x00\x00\x00\x09StartCar\
d\x01\x03\x00\x00\x00\x08[\x89\x88\xddv\xee\x93\x04\x08\
\x00\x00\x00\x00\x06\x00\x00\x00\x0eInstall\
 Folder\x07\x00\x00\x00\x09Star\
tCard\x01\x03\x00\x00\x00\x04f\xabP\x5c\x08\
\x00\x00\x00\x00\x06\x00\x00\x00\x05Pause\x07\x00\
\x00\x00\x09StartCard\x01\x03\x00\x00\
\x00&]\xf2f\xabP\x5c\xff\x1a\x00P\x00C\x00 \
rH\x90Jb2\x89\x96z\x97_\xc5\x98\x08W(\
g\x00RM\x5cd\xff\x01\x08\x00\x00\x00\x00\x06\x00\x00\
\x00(Paused: PC Gam\
e Window Must Be\
 in Front!\x07\x00\x00\x00\x09S\
tartCard\x01\x03\x00\x00\x00\x08\x91\xcd\
e\xb0ett\x06\x08\x00\x00\x00\x00\x06\x00\x00\x00\x07\
Refresh\x07\x00\x00\x00\x09Star\
tCard\x01\x03\x00\x00\x00\x06W\xf7\x88LN\
-\x08\x00\x00\x00\x00\x06\x00\x00\x00\x07Runni\
ng\x07\x00\x00\x00\x09StartCard\
\x01\x03\x00\x00\x00\x04\x95\x8bY\xcb\x08\x00\x00\x00\x00\x06\
\x00\x00\x00\x05Start\x07\x00\x00\x00\x09St\
artCard\x01\x03\x00\x00\x00\x08U_R\
\xd5\x90Jb2\x08\x00\x00\x00\x00\x06\x00\x00\x00\x0aS\
tart Game\x07\x00\x00\x00\x09St\
artCard\x01\x03\x00\x00\x00\x0cSsf\
B\x89\xf8v|N\xfbR\xd9\x08\x00\x00\x00\x00\x06\x00\
\x00\x00\x0dTrigger Tasks\
\x07\x00\x00\x00\x09StartCard\x01\x03\
\x00\x00\x00\x12\x9e\xded\xca\x90xS\xd6N\xfbR\xd9\
N\xe5\x95\x8bY\xcb\x08\x00\x00\x00\x00\x06\x00\x00\x00\x1e\
Waiting for task\
 to be enabled\x07\x00\
\x00\x00\x09StartCard\x01\x03\x00\x00\
\x000\xff\x0c\x8a\xcbx\xba\x8a\x8d\x90Jb2\x89\x96\
z\x97f/T&\x88\xab~.e>0\x01\x96\xb1\
\x85\xcfb\x16\x8d\x85Q\xfa\x87\xa2^U{\xc4W\x0d\
0\x02\x08\x00\x00\x00\x00\x06\x00\x00\x00?, ch\
eck if game wind\
ows is minimized\
, resized or out\
 of screen.\x07\x00\x00\x00\x0f\
StartController\x01\
\x03\x00\x00\x00*\xff\x0ce/c\xf4v\x84g\x00O\
N\x89\xe3g\x90^\xa6p\xba\x00 \x00{\x00m\x00\
i\x00n\x00_\x00s\x00i\x00z\x00e\x00}\x08\
\x00\x00\x00\x00\x06\x00\x00\x00,, the s\
upported min res\
olution is {min_\
size}\x07\x00\x00\x00\x0fStartC\
ontroller\x01\x03\x00\x00\x006\xff\
\x0ce/c\xf4v\x84\x89\x96z\x97k\xd4O\x8bp\
\xba\x00 \x00{\x00s\x00u\x00p\x00p\x00o\x00\
r\x00t\x00e\x00d\x00_\x00r\x00a\x00t\x00\
i\x00o\x00}\x08\x00\x00\x00\x00\x06\x00\x00\x00*,\
 the supported r\
atio is {support\
ed_ratio}\x07\x00\x00\x00\x0fSt\
artController\x01\x03\x00\
\x00\x00,\x98oy:\x8a-[\x9aN-v\x84\x81\
\xeaR\xd5\x00 \x00H\x00D\x00R\x00 ]\xf2\x95\
\x8bU_\xff\x0c\x8a\xcbQH\x95\xdc\x95\x890\x02\x08\
\x00\x00\x00\x00\x06\x00\x00\x00.Auto HD\
R is enabled, pl\
ease turn it off\
 first.\x07\x00\x00\x00\x0fStar\
tController\x01\x03\x00\x00\x00\
8\x98oy:\x8a-[\x9aN-v\x84\x81\xeaR\
\xd5\x00 \x00H\x00D\x00R\x00 ]\xf2\x95\x8bU\
_\xff\x0cS\xef\x80\xfd\x5c\x0e\x81\xf4N\xfbR\xd9W\
\xf7\x88Lup^8\xff\x01\x08\x00\x00\x00\x00\x06\x00\
\x00\x004Auto HDR is e\
nabled, tasks mi\
ght not work cor\
rectly!\x07\x00\x00\x00\x0fStar\
tController\x01\x03\x00\x00\x00\
 q!l\xd5U_R\xd5\x90Jb2\xff\x0c\x8a\
\xcbx\xba\x8a\x8d\x90Jb2]\xf2[\x89\x88\xdd\xff\
\x01\x08\x00\x00\x00\x00\x06\x00\x00\x001Can't\
 start game, mak\
e sure the game \
is installed\x07\x00\x00\x00\
\x0fStartController\
\x01\x03\x00\x00\x00\x18b*W\x16Y1eW\xff\x0c\
\x8a\xcbj\xa2g\xe5\x90Jb2\x89\x96z\x97\x08\x00\
\x00\x00\x00\x06\x00\x00\x00(Capture \
failed, please c\
heck game window\
\x07\x00\x00\x00\x0fStartContro\
ller\x01\x03\x00\x00\x00\x18j!d\xecVh\
g*\x90#}\xda\xff\x0c\x8a\xcbQHU_R\xd5\
\xff\x01\x08\x00\x00\x00\x00\x06\x00\x00\x004Emul\
ator is not conn\
ected, start the\
 emulator first!\
\x07\x00\x00\x00\x0fStartContro\
ller\x01\x03\x00\x00\x00\x10\x00G\x00P\x00U\
\x00 \x9aER\xd5\x8bfTJ\x08\x00\x00\x00\x00\x06\
\x00\x00\x00\x12GPU Driver W\
arning\x07\x00\x00\x00\x0fStart\
Controller\x01\x03\x00\x00\x00\x1c\
q!l\xd5U_R\xd5\x90Jb2\xff\x0c\x8a\xcb\
bKR\xd5\x95\x8bU_\x90Jb2\x08\x00\x00\x00\
\x00\x06\x00\x00\x004Game path \
does not exist, \
Please open game\
 manually!\x07\x00\x00\x00\x0fS\
tartController\x01\x03\
\x00\x00\x00*N\x0de/c\xf4v\xeeRM\x89\xe3\
g\x90^\xa6\x00 \x00{\x00r\x00e\x00s\x00o\
\x00l\x00u\x00t\x00i\x00o\x00n\x00}\x08\x00\
\x00\x00\x00\x06\x00\x00\x00-Game res\
olution {resolut\
ion} is not supp\
orted\x07\x00\x00\x00\x0fStartC\
ontroller\x01\x03\x00\x00\x00T{\
\xc4g,W\x16rG\x8f\x09QeY1eW\xff\
\x0c\x8a\xcb\x91\xcde\xb0[\x89\x88\xdd0\x02\x00(\x8a\
\xcbR\xffe>\x7fne\xbc0\x0cN\x0b\x8f\x090\
\x0d{IS\xef\x80\xfdg\x03\x81\xeaR\xd5R*\x96\
dW\x16rGv\x84\x8c\xc7e\x99Y>Qg0\
\x02\x00)\x08\x00\x00\x00\x00\x06\x00\x00\x00\x5cIma\
ge resource load\
 failed, please \
try install agai\
n.(Don't put the\
 app in Download\
s folder)\x07\x00\x00\x00\x0fSt\
artController\x01\x03\x00\
\x00\x00\x10g*\x90xS\xd6\x90Jb2\x89\x96z\
\x97\xff\x01\x08\x00\x00\x00\x00\x06\x00\x00\x00\x11No \
game selected!\x07\x00\
\x00\x00\x0fStartControll\
er\x01\x03\x00\x00\x00:\x00P\x00C\x00 rH\
\x97\x00\x89\x81{\xa1t\x06T\xe1k\x0a\x96P\xff\x0c\
\x8a\xcbN\xe5{\xa1t\x06T\xe1k\x0a\x96P\x91\xcd\
e\xb0U_R\xd5kda\xc9u(z\x0b_\x0f\
\xff\x01\x08\x00\x00\x00\x00\x06\x00\x00\x00TPC v\
ersion requires \
admin privileges\
, Please restart\
 this app with a\
dmin privileges!\
\x07\x00\x00\x00\x0fStartContro\
ller\x01\x03\x00\x00\x00F\x89\xe3g\x90^\xa6\
\x00 \x00{\x00r\x00e\x00s\x00o\x00l\x00u\
\x00t\x00i\x00o\x00n\x00}\x00 j\xa2g\xe5\
Y1eW\xff\x0c\x90\xe8R\x06N\xfbR\xd9S\xef\
\x80\xfdq!l\xd5kc^8\x90KO\x5c\xff\x01\
\x08\x00\x00\x00\x00\x06\x00\x00\x00JResolu\
tion {resolution\
} check failed, \
some tasks might\
 not work correc\
tly!\x07\x00\x00\x00\x0fStartCo\
ntroller\x01\x03\x00\x00\x00(v\xee\
RMv\x84\x90Jb2b\x16j!d\xecVh\
N\x0de/c\xf4b@\x90xv\x84b*W\x16\
e\xb9_\x0f\xff\x01\x08\x00\x00\x00\x00\x06\x00\x00\x00D\
Selected capture\
 method is not s\
upported by the \
game or your sys\
tem!\x07\x00\x00\x00\x0fStartCo\
ntroller\x01\x03\x00\x00\x00 U_\
R\xd5\x90Jb2Y1eW\xff\x0c\x8a\xcbQH\
bKR\xd5U_R\xd5\x90Jb2\xff\x01\x08\x00\
\x00\x00\x00\x06\x00\x00\x00*Start ga\
me failed, pleas\
e start game fir\
st\x07\x00\x00\x00\x0fStartCont\
roller\x01\x03\x00\x00\x00\x0aU_R\xd5\
\x90>fB\xff\x01\x08\x00\x00\x00\x00\x06\x00\x00\x00\x13\
Start game timeo\
ut!\x07\x00\x00\x00\x0fStartCon\
troller\x01\x03\x00\x00\x008\x90Jb\
2\x89\x96z\x97]\xf2g\x00\x5c\x0fS\x16b\x16\x90\
\xe8R\x06\x8d\x85Q\xfa\x87\xa2^U{\xc4W\x0d\xff\
\x0c\x8a\xcbR\xffO\x7fu(shOTQh\x87\
\xa2^U\xff\x01\x08\x00\x00\x00\x00\x06\x00\x00\x00KW\
indow is minimiz\
ed or out of scr\
een, and do NOT \
use full-screen \
exclusive!\x07\x00\x00\x00\x0fS\
tartController\x01\x03\
\x00\x00\x004\x89\x96z\x97]\xf2g\x00\x5c\x0fS\x16\
b\x16\x8d\x85Q\xfa\x87\xa2^U{\xc4W\x0d\xff\x0c\
\x8a\xcbR\xffO\x7fu(shOTQh\x87\xa2\
^Uj!_\x0f\xff\x01\x08\x00\x00\x00\x00\x06\x00\x00\
\x00OWindow is mini\
mized or out of \
screen, and don'\
t use full-scree\
n exclusive mode\
!\x07\x00\x00\x00\x0fStartContr\
oller\x01\x03\x00\x00\x00@\x00W\x00i\x00\
n\x00d\x00o\x00w\x00s\x00 \x98oy:\x8a\
-[\x9aN-v\x84Y\x1c\x95\x93QI}\xda\x00\
/\x8bww<j!_\x0f]\xf2\x95\x8bU_\xff\
\x0c\x8a\xcbQH\x95\xdc\x95\x890\x02\x08\x00\x00\x00\x00\
\x06\x00\x00\x009Windows nig\
ht light is enab\
led, please turn\
 it off first.\x07\x00\
\x00\x00\x0fStartControll\
er\x01\x03\x00\x00\x00L\x00W\x00i\x00n\x00d\
\x00o\x00w\x00s\x00 \x98oy:\x8a-[\x9a\
N-v\x84Y\x1c\x95\x93QI}\xda\x00/\x8bw\
w<j!_\x0f]\xf2\x95\x8bU_\xff\x0cN\xfb\
R\xd9S\xef\x80\xfdq!l\xd5kc^8\x90K\
O\x5c\xff\x01\x08\x00\x00\x00\x00\x06\x00\x00\x00?Wi\
ndows night ligh\
t is enabled, ta\
sks might not wo\
rk correctly!\x07\x00\x00\
\x00\x0fStartControlle\
r\x01\x03\x00\x00\x00@\x00{\x00v\x00e\x00n\x00\
d\x00o\x00r\x00}\x00 \x00{\x00f\x00e\x00\
a\x00t\x00u\x00r\x00e\x00}\x00 ]\xf2U\
_u(\xff\x0cS\xef\x80\xfd\x5c\x0e\x81\xf4R\x9f\x80\
\xfdup^8\xff\x01\x08\x00\x00\x00\x00\x06\x00\x00\x00\
9{vendor} {featu\
re} is enabled a\
nd may cause mal\
functions!\x07\x00\x00\x00\x0fS\
tartController\x01\x03\
\x00\x00\x00\x1e\x00{\x00}\x00 g*\x90#}\xda\
\xff\x0c\x8a\xcb\x90xS\xd6\x90Jb2\x89\x96z\x97\
0\x02\x08\x00\x00\x00\x00\x06\x00\x00\x003{} i\
s not connected,\
 please select t\
he game window.\x07\
\x00\x00\x00\x0fStartControl\
ler\x01\x03\x00\x00\x00\x06\x8f\x09QeN-\x08\
\x00\x00\x00\x00\x06\x00\x00\x00\x07Loading\
\x07\x00\x00\x00\x12StartLoadin\
gDialog\x01\x03\x00\x00\x002kcW\
(U_R\xd5\xff\x0c\x00{\x00s\x00e\x00c\x00\
o\x00n\x00d\x00s\x00_\x00l\x00e\x00f\x00\
t\x00}\x00 y\xd2_\x8c\x90>fB0\x02\x08\
\x00\x00\x00\x00\x06\x00\x00\x00/Startin\
g, timeout after\
 {seconds_left} \
seconds.\x07\x00\x00\x00\x12Sta\
rtLoadingDialog\x01\
\x03\x00\x00\x00\x12\x00A\x00n\x00d\x00r\x00o\x00\
i\x00d\x00 rH\x08\x00\x00\x00\x00\x06\x00\x00\x00\
\x07Android\x07\x00\x00\x00\x08Sta\
rtTab\x01\x03\x00\x00\x00\x04b*W\x16\x08\
\x00\x00\x00\x00\x06\x00\x00\x00\x07Capture\
\x07\x00\x00\x00\x08StartTab\x01\x03\x00\
\x00\x00\x08b*W\x16e\xb9_\x0f\x08\x00\x00\x00\x00\
\x06\x00\x00\x00\x0eCapture Met\
hod\x07\x00\x00\x00\x08StartTab\
\x01\x03\x00\x00\x00\x0c\x90xd\xc7N\x92R\xd5e\xb9\
_\x0f\x08\x00\x00\x00\x00\x06\x00\x00\x00\x12Choo\
se Interaction\x07\x00\
\x00\x00\x08StartTab\x01\x03\x00\x00\x00\
\x08\x90xS\xd6\x89\x96z\x97\x08\x00\x00\x00\x00\x06\x00\
\x00\x00\x0dChoose Window\
\x07\x00\x00\x00\x08StartTab\x01\x03\x00\
\x00\x00\x06]\xf2\x90#}\xda\x08\x00\x00\x00\x00\x06\x00\
\x00\x00\x09Connected\x07\x00\x00\x00\
\x08StartTab\x01\x03\x00\x00\x00\x08\x95\
\x8bv|]\xe5Qw\x08\x00\x00\x00\x00\x06\x00\x00\x00\
\x05Debug\x07\x00\x00\x00\x08Start\
Tab\x01\x03\x00\x00\x00\x0a\x96d\x93/a\xf8m\
nz\x97\x08\x00\x00\x00\x00\x06\x00\x00\x00\x0dDeb\
ug Overlay\x07\x00\x00\x00\x08S\
tartTab\x01\x03\x00\x00\x00\x0aP\x5cu\
(j\x19\x8a\x18hF\x08\x00\x00\x00\x00\x06\x00\x00\x00\
\x0dDisable Boxes\x07\x00\
\x00\x00\x08StartTab\x01\x03\x00\x00\x00\
\x06]\xf2\x96\xe2}\xda\x08\x00\x00\x00\x00\x06\x00\x00\x00\
\x0cDisconnected\x07\x00\x00\
\x00\x08StartTab\x01\x03\x00\x00\x00\x06\
j!d\xecVh\x08\x00\x00\x00\x00\x06\x00\x00\x00\x08\
Emulator\x07\x00\x00\x00\x08Sta\
rtTab\x01\x03\x00\x00\x00\x0aU_u(j\
\x19\x8a\x18hF\x08\x00\x00\x00\x00\x06\x00\x00\x00\x0cE\
nable Boxes\x07\x00\x00\x00\x08\
StartTab\x01\x03\x00\x00\x00\x08S/\
Q\xfae\xe5\x8a\x8c\x08\x00\x00\x00\x00\x06\x00\x00\x00\x0b\
Export Logs\x07\x00\x00\x00\x08\
StartTab\x01\x03\x00\x00\x00\x0e\x96\xb1\
\x85\xcfa\xf8mnz\x97e\xe5\x8a\x8c\x08\x00\x00\x00\
\x00\x06\x00\x00\x00\x13Hide Log o\
n Overlay\x07\x00\x00\x00\x08St\
artTab\x01\x03\x00\x00\x00\x08[\x89\x88\xdd\
v\xee\x93\x04\x08\x00\x00\x00\x00\x06\x00\x00\x00\x0eIn\
stall Folder\x07\x00\x00\x00\
\x08StartTab\x01\x03\x00\x00\x00\x08e\
\xe5\x8a\x8cv\xee\x93\x04\x08\x00\x00\x00\x00\x06\x00\x00\x00\
\x0aLog Folder\x07\x00\x00\x00\x08\
StartTab\x01\x03\x00\x00\x00\x08\x95\x8b\
U_e\xe5\x8a\x8c\x08\x00\x00\x00\x00\x06\x00\x00\x00\x09\
Open Logs\x07\x00\x00\x00\x08St\
artTab\x01\x03\x00\x00\x00\x08\x00P\x00C\
\x00 rH\x08\x00\x00\x00\x00\x06\x00\x00\x00\x02PC\
\x07\x00\x00\x00\x08StartTab\x01\x03\x00\
\x00\x00\x08\x91\xcde\xb0ett\x06\x08\x00\x00\x00\x00\
\x06\x00\x00\x00\x07Refresh\x07\x00\x00\x00\
\x08StartTab\x01\x03\x00\x00\x00\x0ck\
cW(\x91\xcde\xb0ett\x06\x08\x00\x00\x00\x00\
\x06\x00\x00\x00\x0aRefreshing\x07\
\x00\x00\x00\x08StartTab\x01\x03\x00\x00\
\x00\x08b*W\x16v\xee\x93\x04\x08\x00\x00\x00\x00\x06\
\x00\x00\x00\x11Screenshot F\
older\x07\x00\x00\x00\x08StartT\
ab\x01\x03\x00\x00\x00\x10W(a\xf8mnz\x97\
\x98oy:e\xe5\x8a\x8c\x08\x00\x00\x00\x00\x06\x00\x00\
\x00\x13Show Log on Ov\
erlay\x07\x00\x00\x00\x08StartT\
ab\x01\x03\x00\x00\x00\x08g\xe5w\x0be\xe5\x8a\x8c\
\x08\x00\x00\x00\x00\x06\x00\x00\x00\x08View L\
og\x07\x00\x00\x00\x08StartTab\x01\
\x03\x00\x00\x00:\x00N\x00P\x00Uc\xa8t\x06\x93\
/\x8a\xa4\xff\x0c`\xa8S\xef\x80\xfd\x97\x00\x89\x81f\
\xf4e\xb0\x00I\x00n\x00t\x00e\x00l\x00 \x00\
N\x00P\x00U\x9aER\xd5z\x0b_\x0f\xff\x01\x08\
\x00\x00\x00\x00\x06\x00\x00\x00CNPU inf\
erring Error, yo\
u might need to \
update the Intel\
 NPU driver!\x07\x00\x00\x00\
\x04Task\x01\x03\x00\x00\x00\x04\x93/\x8a\xa4\x08\
\x00\x00\x00\x00\x06\x00\x00\x00\x05Error\x07\x00\
\x00\x00\x0bTaskButtons\x01\x03\
\x00\x00\x00*\x90Jb2\x89\x96z\x97g*\x90#\
}\xda\xff\x0c\x8a\xcb\x90xS\xd6\x90Jb2\x89\x96\
z\x97T\x8cb*W\x16e\xb9_\x0f0\x02\x08\x00\
\x00\x00\x00\x06\x00\x00\x00OGame win\
dow is not conne\
cted, please sel\
ect the game win\
dow and capture \
method.\x07\x00\x00\x00\x0bTask\
Buttons\x01\x03\x00\x00\x00\x04f\xabP\
\x5c\x08\x00\x00\x00\x00\x06\x00\x00\x00\x05Pause\
\x07\x00\x00\x00\x0bTaskButtons\
\x01\x03\x00\x00\x00\x04~|~\x8c\x08\x00\x00\x00\x00\x06\
\x00\x00\x00\x06Resume\x07\x00\x00\x00\x0bT\
askButtons\x01\x03\x00\x00\x00\x04\
\x95\x8bY\xcb\x08\x00\x00\x00\x00\x06\x00\x00\x00\x05St\
art\x07\x00\x00\x00\x0bTaskButt\
ons\x01\x03\x00\x00\x00\x04P\x5ckb\x08\x00\x00\
\x00\x00\x06\x00\x00\x00\x04Stop\x07\x00\x00\x00\x0b\
TaskButtons\x01\x03\x00\x00\x00\
\x18`\xa8x\xba[\x9a\x89\x81R*\x96d\x00 \x00\
{\x00}\x00 U\xce\xff\x1f\x08\x00\x00\x00\x00\x06\x00\
\x00\x00\x22Are you sure \
you want to dele\
te {}\x07\x00\x00\x00\x08TaskCa\
rd\x01\x03\x00\x00\x00\x04R*\x96d\x08\x00\x00\x00\
\x00\x06\x00\x00\x00\x06Delete\x07\x00\x00\x00\
\x08TaskCard\x01\x03\x00\x00\x00\x08R\
*\x96dN\xfbR\xd9\x08\x00\x00\x00\x00\x06\x00\x00\x00\
\x0bDelete Task\x07\x00\x00\x00\
\x08TaskCard\x01\x03\x00\x00\x00\x06g\
*U_u(\x08\x00\x00\x00\x00\x06\x00\x00\x00\x08D\
isabled\x07\x00\x00\x00\x08Task\
Card\x01\x03\x00\x00\x00\x04}\xe8\x8f/\x08\x00\
\x00\x00\x00\x06\x00\x00\x00\x04Edit\x07\x00\x00\x00\
\x08TaskCard\x01\x03\x00\x00\x00\x06]\
\xf2U_u(\x08\x00\x00\x00\x00\x06\x00\x00\x00\x07E\
nabled\x07\x00\x00\x00\x08TaskC\
ard\x01\x03\x00\x00\x00\x08O\x7fu(\x8a\xaaf\
\x0e\x08\x00\x00\x00\x00\x06\x00\x00\x00\x0cInstr\
uctions\x07\x00\x00\x00\x08Task\
Card\x01\x03\x00\x00\x00\x04f\xabP\x5c\x08\x00\
\x00\x00\x00\x06\x00\x00\x00\x05Pause\x07\x00\x00\
\x00\x08TaskCard\x01\x03\x00\x00\x00\x08\
\x91\xcd\x8a-\x8a-[\x9a\x08\x00\x00\x00\x00\x06\x00\x00\
\x00\x0cReset Config\x07\x00\
\x00\x00\x08TaskCard\x01\x03\x00\x00\x00\
\x04~|~\x8c\x08\x00\x00\x00\x00\x06\x00\x00\x00\x06R\
esume\x07\x00\x00\x00\x08TaskCa\
rd\x01\x03\x00\x00\x00\x04\x95\x8bY\xcb\x08\x00\x00\x00\
\x00\x06\x00\x00\x00\x05Start\x07\x00\x00\x00\x08\
TaskCard\x01\x03\x00\x00\x00\x04P\x5c\
kb\x08\x00\x00\x00\x00\x06\x00\x00\x00\x04Stop\
\x07\x00\x00\x00\x08TaskCard\x01\x03\x00\
\x00\x00&{I_\x85\x00 \x00{\x00t\x00a\x00\
s\x00k\x00_\x00n\x00a\x00m\x00e\x00}\x00\
 N\xfbR\xd9[\x8cb\x10\x08\x00\x00\x00\x00\x06\x00\
\x00\x00,Waiting for {\
task_name} task \
to be completed\x07\
\x00\x00\x00\x08TaskCard\x01\x03\x00\x00\
\x00\x04P\x5cu(\x08\x00\x00\x00\x00\x06\x00\x00\x00\x07\
Disable\x07\x00\x00\x00\x0cTask\
OpButton\x01\x03\x00\x00\x00\x04U_\
u(\x08\x00\x00\x00\x00\x06\x00\x00\x00\x06Enab\
le\x07\x00\x00\x00\x0cTaskOpBut\
ton\x01\x03\x00\x00\x00\x08\x90xS\xd6\x89\x96z\
\x97\x08\x00\x00\x00\x00\x06\x00\x00\x00\x0dChoos\
e Window\x07\x00\x00\x00\x07Tas\
kTab\x01\x03\x00\x00\x00\x04\x95\xdc\x95\x89\x08\x00\
\x00\x00\x00\x06\x00\x00\x00\x05Close\x07\x00\x00\
\x00\x07TaskTab\x01\x03\x00\x00\x00\x06]\
\xf2[\x8cb\x10\x08\x00\x00\x00\x00\x06\x00\x00\x00\x09C\
ompleted\x07\x00\x00\x00\x07Tas\
kTab\x01\x03\x00\x00\x00\x08^\xfaz\xcbN\xfb\
R\xd9\x08\x00\x00\x00\x00\x06\x00\x00\x00\x0bCrea\
te Task\x07\x00\x00\x00\x07Task\
Tab\x01\x03\x00\x00\x00\x04\x8c\xc7\x8a\x0a\x08\x00\x00\
\x00\x00\x06\x00\x00\x00\x04Info\x07\x00\x00\x00\x07\
TaskTab\x01\x03\x00\x00\x00\x06W\xf7\x88\
LN-\x08\x00\x00\x00\x00\x06\x00\x00\x00\x07Run\
ning\x07\x00\x00\x00\x07TaskTab\
\x01\x03\x00\x00\x00\x0a]\xf2W\xf7\x88LfB\x95\x93\
\x08\x00\x00\x00\x00\x06\x00\x00\x00\x0cTime E\
lapsed\x07\x00\x00\x00\x07TaskT\
ab\x01\x03\x00\x00\x00\x02P<\x08\x00\x00\x00\x00\x06\
\x00\x00\x00\x05Value\x07\x00\x00\x00\x07Ta\
skTab\x01\x03\x00\x00\x00\x04S\xd6m\x88\x08\
\x00\x00\x00\x00\x06\x00\x00\x00\x06Cancel\x07\
\x00\x00\x00\x13TemplateInpu\
tDialog\x01\x03\x00\x00\x00\x04x\xba\x8a\
\x8d\x08\x00\x00\x00\x00\x06\x00\x00\x00\x07Confi\
rm\x07\x00\x00\x00\x13TemplateI\
nputDialog\x01\x03\x00\x00\x00\x1a\
x\xba[\x9a\x89\x81R*\x96d\x00 \x00'\x00{\
\x00}\x00'\x00 U\xce\xff\x1f\x08\x00\x00\x00\x00\x06\
\x00\x00\x00%Are you sure\
 you want to del\
ete '{}'?\x07\x00\x00\x00\x0bTe\
mplateTab\x01\x03\x00\x00\x00\x04S\
\xd6m\x88\x08\x00\x00\x00\x00\x06\x00\x00\x00\x06Can\
cel\x07\x00\x00\x00\x0bTemplate\
Tab\x01\x03\x00\x00\x00\x08x\xba\x8a\x8dR*\x96\
d\x08\x00\x00\x00\x00\x06\x00\x00\x00\x0eConfi\
rm Delete\x07\x00\x00\x00\x0bTe\
mplateTab\x01\x03\x00\x00\x00\x04R\
*\x96d\x08\x00\x00\x00\x00\x06\x00\x00\x00\x06Del\
ete\x07\x00\x00\x00\x0bTemplate\
Tab\x01\x03\x00\x00\x00\x0ab*W\x16Y1e\
W0\x02\x08\x00\x00\x00\x00\x06\x00\x00\x00\x18Fai\
led to capture f\
rame.\x07\x00\x00\x00\x0bTempla\
teTab\x01\x03\x00\x00\x00\x10u\x1fb\x10j\
\x19|dR\x17\x82\x09j\x94hH\x08\x00\x00\x00\x00\
\x06\x00\x00\x00\x18Generate la\
bel enum file\x07\x00\x00\
\x00\x0bTemplateTab\x01\x03\x00\
\x00\x00\x0cW\x16rG]\xf2R*\x96d0\x02\x08\
\x00\x00\x00\x00\x06\x00\x00\x00\x0eImage d\
eleted.\x07\x00\x00\x00\x0bTemp\
lateTab\x01\x03\x00\x00\x00>v\xf8\x5c\
\x0d\x8d\xef_\x91q!eH0\x02{\xc4O\x8b\xff\
\x1a\x00o\x00k\x00_\x00t\x00a\x00s\x00k\x00\
s\x00/\x00L\x00a\x00b\x00e\x00l\x00E\x00\
n\x00u\x00m\x00.\x00p\x00y\x08\x00\x00\x00\x00\
\x06\x00\x00\x005Invalid rel\
ative path. Exam\
ple: ok_tasks/La\
belEnum.py\x07\x00\x00\x00\x0bT\
emplateTab\x01\x03\x00\x00\x00\x04\
j\x19l\xe8\x08\x00\x00\x00\x00\x06\x00\x00\x00\x06Ma\
rkup\x07\x00\x00\x00\x0bTemplat\
eTab\x01\x03\x00\x00\x00\x12l\x92g\x09j\x19\
l\xe8\x97\x00\x89\x81Q2[X0\x02\x08\x00\x00\x00\
\x00\x06\x00\x00\x00\x17No annotat\
ions to save.\x07\x00\x00\
\x00\x0bTemplateTab\x01\x03\x00\
\x00\x00\x1eb*W\x16e\xb9_\x0fN\x0dS\xefu\
(0\x02\x8a\xcbQHU_R\xd5b*W\x160\
\x02\x08\x00\x00\x00\x00\x06\x00\x00\x008No ca\
pture method ava\
ilable. Please s\
tart capture fir\
st.\x07\x00\x00\x00\x0bTemplate\
Tab\x01\x03\x00\x00\x00\x08f\xabq!{\xc4g\
,\x08\x00\x00\x00\x00\x06\x00\x00\x00\x10No te\
mplates yet\x07\x00\x00\x00\x0b\
TemplateTab\x01\x03\x00\x00\x00\
\x04x\xba[\x9a\x08\x00\x00\x00\x00\x06\x00\x00\x00\x02O\
K\x07\x00\x00\x00\x0bTemplateTa\
b\x01\x03\x00\x00\x00\x18\x8d\xef_\x91v\xf8\x5c\x0de\
\xbc]\xe5O\x5cS@h9v\xee\x93\x040\x02\x08\
\x00\x00\x00\x00\x06\x00\x00\x00'Path is\
 relative to the\
 workspace root.\
\x07\x00\x00\x00\x0bTemplateTab\
\x01\x03\x00\x00\x00:v\xf8\x5c\x0d\x8d\xef_\x91\xff\x0c\
O\x8bY\x82\xff\x1a\x00o\x00k\x00_\x00t\x00a\
\x00s\x00k\x00s\x00/\x00L\x00a\x00b\x00e\
\x00l\x00E\x00n\x00u\x00m\x00.\x00p\x00y\
\x08\x00\x00\x00\x00\x06\x00\x00\x00)Relati\
ve path, e.g. ok\
_tasks/LabelEnum\
.py\x07\x00\x00\x00\x0bTemplate\
Tab\x01\x03\x00\x00\x00\x04Q2[X\x08\x00\x00\
\x00\x00\x06\x00\x00\x00\x04Save\x07\x00\x00\x00\x0b\
TemplateTab\x01\x03\x00\x00\x00\
\x06Q2[XR0\x08\x00\x00\x00\x00\x06\x00\x00\x00\
\x07Save To\x07\x00\x00\x00\x0bTem\
plateTab\x01\x03\x00\x00\x00\x12Q2\
[Xb\x10R\x9fR0\x00:\x00 \x00{\x00}\
\x08\x00\x00\x00\x00\x06\x00\x00\x00\x22Save c\
ompleted success\
fully to: {}\x07\x00\x00\x00\
\x0bTemplateTab\x01\x03\x00\x00\
\x00\x04b*W\x16\x08\x00\x00\x00\x00\x06\x00\x00\x00\x0a\
Screenshot\x07\x00\x00\x00\x0bT\
emplateTab\x01\x03\x00\x00\x00\x12\
b*W\x16]\xf2Q2[X\x00:\x00 \x00{\
\x00}\x08\x00\x00\x00\x00\x06\x00\x00\x00\x14Scre\
enshot saved: {}\
\x07\x00\x00\x00\x0bTemplateTab\
\x01\x03\x00\x00\x00\x16c\x09T\x0dz1b\x16R\x06\
\x98^d\x1c\x5c\x0b\x00.\x00.\x00.\x08\x00\x00\x00\
\x00\x06\x00\x00\x00\x1dSearch by \
name or category\
...\x07\x00\x00\x00\x0bTemplate\
Tab\x01\x03\x00\x00\x00\x04b\x10R\x9f\x08\x00\x00\
\x00\x00\x06\x00\x00\x00\x07Success\x07\x00\
\x00\x00\x0bTemplateTab\x01\x03\
\x00\x00\x00\x08d\xf7S\xd6b*W\x16\x08\x00\x00\x00\
\x00\x06\x00\x00\x00\x0fTake Scree\
nshot\x07\x00\x00\x00\x0bTempla\
teTab\x01\x03\x00\x00\x00\x1a\x00a\x00s\x00\
s\x00e\x00t\x00s\x00 \x00(shz\xcba\
\xc9u(\x00)\x08\x00\x00\x00\x00\x06\x00\x00\x00\x17a\
ssets (standalon\
e app)\x07\x00\x00\x00\x0bTempl\
ateTab\x01\x03\x00\x00\x00,\x00o\x00k\
\x00_\x00t\x00a\x00s\x00k\x00s\x00/\x00a\
\x00s\x00s\x00e\x00t\x00s\x00 \x00(\x81\xea\
\x8a\x02\x81sg,\x00)\x08\x00\x00\x00\x00\x06\x00\x00\
\x00 ok_tasks/asset\
s (custom script\
s)\x07\x00\x00\x00\x0bTemplateT\
ab\x01\x03\x00\x00\x004x\xba[\x9a\x89\x81f\xf4\
e\xb0\x81\xf3\x00 \x00{\x00v\x00e\x00r\x00s\
\x00i\x00o\x00n\x00}\x00 \x00{\x00t\x00y\
\x00p\x00e\x00}\x00 U\xce\xff\x1f\x08\x00\x00\x00\
\x00\x06\x00\x00\x004Are you su\
re you want to u\
pdate to {versio\
n} {type}?\x07\x00\x00\x00\x0bV\
ersionCard\x01\x03\x00\x00\x00\x14\
j\xa2g\xe5f\xf4e\xb0fBv|u\x1f\x93/\
\x8a\xa4\xff\x01\x08\x00\x00\x00\x00\x06\x00\x00\x00\x17Ch\
eck for update e\
rror!\x07\x00\x00\x00\x0bVersio\
nCard\x01\x03\x00\x00\x00\x0aj\xa2g\xe5e\
\xb0rHg,\x08\x00\x00\x00\x00\x06\x00\x00\x00\x11C\
heck for updates\
\x07\x00\x00\x00\x0bVersionCard\
\x01\x03\x00\x00\x00\x0ckcW(j\xa2g\xe5f\xf4\
e\xb0\x08\x00\x00\x00\x00\x06\x00\x00\x00\x14Chec\
king for updates\
\x07\x00\x00\x00\x0bVersionCard\
\x01\x03\x00\x00\x00\x06\x95\x8bv|rH\x08\x00\x00\x00\
\x00\x06\x00\x00\x00\x05Debug\x07\x00\x00\x00\x0b\
VersionCard\x01\x03\x00\x00\x00\
2N\x0b\x8f\x09N-\xff\x1a\x00{\x00p\x00r\x00\
o\x00g\x00r\x00e\x00s\x00s\x00}\x00 \x00\
{\x00p\x00e\x00r\x00c\x00e\x00n\x00t\x00\
}\x00%\x08\x00\x00\x00\x00\x06\x00\x00\x00!Dow\
nloading {progre\
ss} {percent}%\x07\x00\
\x00\x00\x0bVersionCard\x01\x03\
\x00\x00\x00\x0cv|s\xfee\xb0rHg,\xff\x01\
\x08\x00\x00\x00\x00\x06\x00\x00\x00\x12Found \
new version!\x07\x00\x00\x00\
\x0bVersionCard\x01\x03\x00\x00\
\x00\x04\x8c\xc7\x8a\x0a\x08\x00\x00\x00\x00\x06\x00\x00\x00\x04\
Info\x07\x00\x00\x00\x0bVersion\
Card\x01\x03\x00\x00\x00\x06kc_\x0frH\
\x08\x00\x00\x00\x00\x06\x00\x00\x00\x07Releas\
e\x07\x00\x00\x00\x0bVersionCar\
d\x01\x03\x00\x00\x00\x12v\xeeRM]\xf2f/g\
\x00e\xb0rHg,\xff\x01\x08\x00\x00\x00\x00\x06\x00\
\x00\x00\x1bThis is the n\
ewest version!\x07\x00\
\x00\x00\x0bVersionCard\x01\x03\
\x00\x00\x00\x08z\xcbSsf\xf4e\xb0\x08\x00\x00\x00\
\x00\x06\x00\x00\x00\x0aUpdate Now\
\x07\x00\x00\x00\x0bVersionCard\
\x01\x03\x00\x00\x00(f\xf4e\xb0\x81\xf3\x00 \x00{\
\x00v\x00e\x00r\x00s\x00i\x00o\x00n\x00}\
\x00 \x00{\x00t\x00y\x00p\x00e\x00}\x08\x00\
\x00\x00\x00\x06\x00\x00\x00\x1aUpdate t\
o {version} {typ\
e}\x07\x00\x00\x00\x0bVersionCa\
rd\x01\x03\x00\x00\x00\x04c\xd0y:\x08\x00\x00\x00\
\x00\x06\x00\x00\x00\x05Alert\x07\x00\x00\x00\x03\
app\x01\x03\x00\x00\x00\x0e]\xf2f\xf4e\xb0\x81\
\xf3rHg,\xff\x1a\x08\x00\x00\x00\x00\x06\x00\x00\x00\
\x1bAlready updated\
 to version:\x07\x00\x00\x00\
\x03app\x01\x03\x00\x00\x00(]\xf2g\x09S\xe6\
N\x00P\x0bW\xf7\x88LP\x0b\x9a\xd4kcW(\
\x90KO\x5c\xff\x0c\x8a\xcbbKR\xd5}Pg_\
0\x02\x08\x00\x00\x00\x00\x06\x00\x00\x00#Anot\
her instance is \
already running\x07\
\x00\x00\x00\x03app\x01\x03\x00\x00\x00\x0ea\xc9u\
(z\x0b_\x0fU_R\xd5Vh\x08\x00\x00\x00\x00\
\x06\x00\x00\x00\x0cApp Launche\
r\x07\x00\x00\x00\x03app\x01\x03\x00\x00\x00\x5ca\
\xc9u(z\x0b_\x0fU_R\xd5\x93/\x8a\xa40\
\x02\x8a\xcb\x5c\x07[\x89\x88\xdd\x8c\xc7e\x99Y>e\
\xb0X\x9e\x81\xf3\x00 \x00W\x00i\x00n\x00d\x00\
o\x00w\x00s\x00 \x00D\x00e\x00f\x00e\x00\
n\x00d\x00e\x00r\x00 v}T\x0dU\xaeN\
&\x91\xcde\xb0[\x89\x88\xdd\xff\x1a\x08\x00\x00\x00\x00\
\x06\x00\x00\x00fApp startup\
 error. Please a\
dd the installat\
ion folder to th\
e Windows Defend\
er whitelist and\
 reinstall:\x07\x00\x00\x00\x03\
app\x01\x03\x00\x00\x00\x04\x81\xeaR\xd5\x08\x00\x00\
\x00\x00\x06\x00\x00\x00\x04Auto\x07\x00\x00\x00\x03\
app\x01\x03\x00\x00\x00\x12\x81\xeaR\xd5\x8a\xbfe\
t\x90Jb2\x89\xe3g\x90^\xa6\x08\x00\x00\x00\x00\
\x06\x00\x00\x00\x17Auto Resize\
 Game Window\x07\x00\x00\x00\
\x03app\x01\x03\x00\x00\x00\x0c\x81\xeaR\xd5U_\
R\xd5\x90Jb2\x08\x00\x00\x00\x00\x06\x00\x00\x00\x0f\
Auto Start Game\x07\
\x00\x00\x00\x03app\x01\x03\x00\x00\x00\x1aa\xc9u\
(z\x0b_\x0fU_R\xd5fB\x81\xeaR\xd5U\
_R\xd5\x90Jb2\x08\x00\x00\x00\x00\x06\x00\x00\x00\
\x1fAuto Start Game\
 When App Starts\
\x07\x00\x00\x00\x03app\x01\x03\x00\x00\x00\x1e\x81\xea\
R\xd5U_R\xd5\x00 \x00{\x00a\x00p\x00p\
\x00_\x00n\x00a\x00m\x00e\x00}\x08\x00\x00\x00\
\x00\x06\x00\x00\x00\x15Auto Start\
 {app_name}\x07\x00\x00\x00\x03\
app\x01\x03\x00\x00\x00\x08\x81\xeaR\xd5f\xf4e\
\xb0\x08\x00\x00\x00\x00\x06\x00\x00\x00\x0bAuto \
Update\x07\x00\x00\x00\x03app\x01\x03\
\x00\x00\x00\x14V\xe0\x90Jb2\x95\xdc\x95\x89\x80\x0c\
\x81\xeaR\xd5\x95\xdc\x95\x89\x08\x00\x00\x00\x00\x06\x00\x00\
\x00\x1dAuto exit beca\
use game exited\x07\
\x00\x00\x00\x03app\x01\x03\x00\x00\x00\x14\x81\xeaR\
\xd5f\xf4e\xb0\xff\x08\x98\x10v|\x88LrH\xff\
\x09\x08\x00\x00\x00\x00\x06\x00\x00\x00\x1eAutom\
atic Update (Pre\
-release)\x07\x00\x00\x00\x03ap\
p\x01\x03\x00\x00\x00\x14\x81\xeaR\xd5f\xf4e\xb0\xff\
\x08P\xc5kc_\x0frH\xff\x09\x08\x00\x00\x00\x00\
\x06\x00\x00\x00\x1eAutomatic U\
pdate(Release On\
ly)\x07\x00\x00\x00\x03app\x01\x03\x00\x00\x00\
\x08W\xfag,\x8a-[\x9a\x08\x00\x00\x00\x00\x06\x00\
\x00\x00\x0dBasic Options\
\x07\x00\x00\x00\x03app\x01\x03\x00\x00\x00\x06n,\
\x8afrH\x08\x00\x00\x00\x00\x06\x00\x00\x00\x0cBe\
ta Version\x07\x00\x00\x00\x03a\
pp\x01\x03\x00\x00\x00\x04j!|\xca\x08\x00\x00\x00\
\x00\x06\x00\x00\x00\x04Blur\x07\x00\x00\x00\x03a\
pp\x01\x03\x00\x00\x00\x0a\x90nd\xcbo\x14{\x97\
l\xd5\x08\x00\x00\x00\x00\x06\x00\x00\x00\x0eBlur\
 Algorithm\x07\x00\x00\x00\x03a\
pp\x01\x03\x00\x00\x006j!|\xca\x90Jb2\
\x00 \x00U\x00I\x00D\x00 {IV\xfa[\x9a\
Qg[\xb9N\xe5^\xf6\x95w\x00 \x00O\x00L\
\x00E\x00D\x00 \x87\xa2^UX\xfdT}\x08\x00\
\x00\x00\x00\x06\x00\x00\x00&Blur Gam\
e UID etc to enh\
ance OLED life\x07\x00\
\x00\x00\x03app\x01\x03\x00\x00\x00\x0c\x90nd\xcb\
j\xa2g\xe5\x95\x93\x96\x94\x08\x00\x00\x00\x00\x06\x00\x00\
\x00\x0dBlur Interval\x07\
\x00\x00\x00\x03app\x01\x03\x00\x00\x00\x1eb~N\
\x0dR0\x00 \x00P\x00y\x00t\x00h\x00o\x00\
n\x00 \x00v\x00e\x00n\x00v\x08\x00\x00\x00\x00\
\x06\x00\x00\x00\x16Can't find \
python venv\x07\x00\x00\x00\x03\
app\x01\x03\x00\x00\x00\x04S\xd6m\x88\x08\x00\x00\
\x00\x00\x06\x00\x00\x00\x06Cancel\x07\x00\x00\
\x00\x03app\x01\x03\x00\x00\x00\x0ab*W\x16_\
qh<s\x87\x08\x00\x00\x00\x00\x06\x00\x00\x00\x12C\
apture Frame Rat\
e\x07\x00\x00\x00\x03app\x01\x03\x00\x00\x00\x08b\
*W\x16^\xf6\x90r\x08\x00\x00\x00\x00\x06\x00\x00\x00\
\x0fCapture Latency\
\x07\x00\x00\x00\x03app\x01\x03\x00\x00\x00\x04W\x0b\
Qg\x08\x00\x00\x00\x00\x06\x00\x00\x00\x05Chin\
a\x07\x00\x00\x00\x03app\x01\x03\x00\x00\x00\x18\x90\
xd\xc7U_R\xd5Vh[\x89\x88\xddf\xf4e\
\xb0v\x84e\xb9_\x0f\x08\x00\x00\x00\x00\x06\x00\x00\x00\
(Choose how the \
launcher install\
s updates\x07\x00\x00\x00\x03ap\
p\x01\x03\x00\x00\x00\x12\x8a-[\x9aa\xc9u(z\
\x0b_\x0fU_R\xd5Vh\x08\x00\x00\x00\x00\x06\x00\
\x00\x00\x1aConfigure the\
 app launcher\x07\x00\x00\
\x00\x03app\x01\x03\x00\x00\x00\x04x\xba\x8a\x8d\x08\
\x00\x00\x00\x00\x06\x00\x00\x00\x07Confirm\
\x07\x00\x00\x00\x03app\x01\x03\x00\x00\x00\x16^\xfa\
z\xcb\x00 \x00v\x00e\x00n\x00v\x00 Y1\
eW0\x02\x08\x00\x00\x00\x00\x06\x00\x00\x00\x13Cr\
eate venv failed\
.\x07\x00\x00\x00\x03app\x01\x03\x00\x00\x00\x12R\
*\x96dv\xf8O\x9dYWN\xf6b\x10R\x9f\xff\
\x01\x08\x00\x00\x00\x00\x06\x00\x00\x00\x1cDelet\
e dependencies s\
uccess!\x07\x00\x00\x00\x03app\x01\
\x03\x00\x00\x00\x04\x8a:e\xb7\x08\x00\x00\x00\x00\x06\x00\
\x00\x00\x09Diagnosis\x07\x00\x00\x00\
\x03app\x01\x03\x00\x00\x00\x0cU_u(j!\
|\xca\x90nd\xcb\x08\x00\x00\x00\x00\x06\x00\x00\x00\x0b\
Enable Blur\x07\x00\x00\x00\x03\
app\x01\x03\x00\x00\x00\x04\x93/\x8a\xa4\x08\x00\x00\
\x00\x00\x06\x00\x00\x00\x05Error\x07\x00\x00\x00\
\x03app\x01\x03\x00\x00\x00\x0a[\x8cb\x10_\x8c\
\x90\x00Q\xfa\x08\x00\x00\x00\x00\x06\x00\x00\x00\x0fEx\
it After Task\x07\x00\x00\
\x00\x03app\x01\x03\x00\x00\x00\x1a\x90Jb2\x95\
\xdc\x95\x89fB\x81\xeaR\xd5\x90\x00Q\xfaa\xc9u\
(z\x0b_\x0f\x08\x00\x00\x00\x00\x06\x00\x00\x00\x18E\
xit App when Gam\
e Exits\x07\x00\x00\x00\x03app\x01\
\x03\x00\x00\x00\x22V\xe0\x90Jb2]\xf2\x95\xdc\x95\
\x89\xff\x0ca\xc9u(z\x0b_\x0f\x5c\x07\x81\xeaR\
\xd5\x90\x00Q\xfa\xff\x01\x08\x00\x00\x00\x00\x06\x00\x00\x00\
\x18Exit because ga\
me exited\x07\x00\x00\x00\x03ap\
p\x01\x03\x00\x00\x00\x1c[\x8cb\x10N\xfbR\xd9_\
\x8c\x90\x00Q\xfa\x90Jb2T\x8ca\xc9u(z\
\x0b_\x0f\x08\x00\x00\x00\x00\x06\x00\x00\x00?Exi\
t the Game and t\
he App after Suc\
cessfully Execut\
ing the Task\x07\x00\x00\x00\
\x03app\x01\x03\x00\x00\x00\x0eW\xf7\x88L[\x8c\
ub_\x8c\x90\x00Q\xfa\x08\x00\x00\x00\x00\x06\x00\x00\
\x00\x14Exit_After_Exe\
cution\x07\x00\x00\x00\x03app\x01\x03\
\x00\x00\x00\x12\x8b\x80S\xd6rHg,n\x05U\xae\
Y1eW\xff\x01\x08\x00\x00\x00\x00\x06\x00\x00\x00 \
Fetch remote ver\
sion list error!\
\x07\x00\x00\x00\x03app\x01\x03\x00\x00\x00\x08~=\
_qh<ex\x08\x00\x00\x00\x00\x06\x00\x00\x00\x0b\
Frame Count\x07\x00\x00\x00\x03\
app\x01\x03\x00\x00\x00\x0a\x89\x96z\x97\x89\xe3g\
\x90^\xa6\x08\x00\x00\x00\x00\x06\x00\x00\x00\x0fGam\
e Resolution\x07\x00\x00\x00\
\x03app\x01\x03\x00\x00\x00\x08\x90Jb2\x97\xf3\
eH\x08\x00\x00\x00\x00\x06\x00\x00\x00\x0aGame\
 Sound\x07\x00\x00\x00\x03app\x01\x03\
\x00\x00\x00\x04Qht\x03\x08\x00\x00\x00\x00\x06\x00\x00\
\x00\x06Global\x07\x00\x00\x00\x03app\
\x01\x03\x00\x00\x00\x06_\xebcw\x93u\x08\x00\x00\x00\
\x00\x06\x00\x00\x00\x06HotKey\x07\x00\x00\x00\
\x03app\x01\x03\x00\x00\x000X\x9eR\xa0\x95\x93\
\x96\x94N\xe5\x96MON\x00 \x00C\x00P\x00U\
\x00/\x00G\x00P\x00U\x00 O\x7fu(s\x87\
\x00 \x00(k\xeby\xd2\x00)\x08\x00\x00\x00\x00\x06\
\x00\x00\x00JIncrease Del\
ay between Trigg\
er Tasks to Redu\
ce CPU/GPU Usage\
(Milliseconds)\x07\x00\
\x00\x00\x03app\x01\x03\x00\x00\x00\x04\x8c\xc7\x8a\x0a\
\x08\x00\x00\x00\x00\x06\x00\x00\x00\x04Info\x07\x00\
\x00\x00\x03app\x01\x03\x00\x00\x00\x08Qg[\xb9\
Xk\x88\xdc\x08\x00\x00\x00\x00\x06\x00\x00\x00\x07In\
paint\x07\x00\x00\x00\x03app\x01\x03\x00\
\x00\x008[\x89\x88\xddv\xf8O\x9dYWN\xf6Y\
1eW\xff\x0c\x8a\xcbV\x17\x8aff\xf4c\xdbf\
\xf4e\xb0O\x86n\x90\xff\x0cb\x16\x91\xcde\xb0N\
\x0b\x8f\x09[\x8cetrH\xff\x01\x08\x00\x00\x00\x00\
\x06\x00\x00\x00]Install dep\
endencies failed\
, try changing t\
he update source\
, or re-download\
 the full versio\
n!\x07\x00\x00\x00\x03app\x01\x03\x00\x00\x00:\
[\x89\x88\xddv\xee\x93\x04\x00 \x00{\x00p\x00a\
\x00t\x00h\x00}\x00 _\xc5\x98\x08p\xba\x82\xf1\
e\x87\x8d\xef_\x91\xff\x0c\x8a\xcby\xfbR\xd5\x81\xf3\
QvN\xd6\x8d\xef_\x910\x02\x08\x00\x00\x00\x00\x06\
\x00\x00\x00AInstall dir \
{path} must be a\
n English path, \
move to another \
path.\x07\x00\x00\x00\x03app\x01\x03\x00\
\x00\x00\x10U_R\xd5_\x8c\x95\xdc\x95\x89U_R\
\xd5Vh\x08\x00\x00\x00\x00\x06\x00\x00\x00\x19Kil\
l Launcher After\
 Start\x07\x00\x00\x00\x03app\x01\x03\
\x00\x00\x00\x14O\x7fu(\x00 \x00D\x00X\x001\
\x001\x00 U_R\xd5\x08\x00\x00\x00\x00\x06\x00\x00\
\x00\x10Launch with DX\
11\x07\x00\x00\x00\x03app\x01\x03\x00\x00\x00\x06\
U_R\xd5Vh\x08\x00\x00\x00\x00\x06\x00\x00\x00\x08\
Launcher\x07\x00\x00\x00\x03app\
\x01\x03\x00\x00\x00\x08bKR\xd5f\xf4e\xb0\x08\x00\
\x00\x00\x00\x06\x00\x00\x00\x0dManual U\
pdate\x07\x00\x00\x00\x03app\x01\x03\x00\
\x00\x00\x06\x8a\x18a\xb6\x9a\xd4\x08\x00\x00\x00\x00\x06\x00\
\x00\x00\x06Memory\x07\x00\x00\x00\x03ap\
p\x01\x03\x00\x00\x00\x1au(e\xbc\x90nd\xcb\x8a\
-[\x9aS@W\xdfv\x84\x86Ut\x06e\xb9_\
\x0f\x08\x00\x00\x00\x00\x06\x00\x00\x00'Metho\
d used to obscur\
e configured are\
as\x07\x00\x00\x00\x03app\x01\x03\x00\x00\x00\x1c\
\x9e\xded\xca\x95\xdc\x95\x89c\x09\x92\x15fBg\x00\
\x5c\x0fS\x16\x81\xf3|\xfb}qS#\x08\x00\x00\x00\
\x00\x06\x00\x00\x00+Minimize W\
indow to System \
Tray when Closin\
g\x07\x00\x00\x00\x03app\x01\x03\x00\x00\x00\x10\x90\
Jb2W(\x80\xccfofB\x97\x5c\x97\xf3\x08\
\x00\x00\x00\x00\x06\x00\x00\x00\x1dMute Ga\
me while in Back\
ground\x07\x00\x00\x00\x03app\x01\x03\
\x00\x00\x00\x1ag\x09e\xb0rHg,\x00 \x00{\
\x00}\x00 S\xefO\x9bf\xf4e\xb0\xff\x01\x08\x00\
\x00\x00\x00\x06\x00\x00\x00\x18New Vers\
ion {} Available\
\x07\x00\x00\x00\x03app\x01\x03\x00\x00\x00\x02T&\
\x08\x00\x00\x00\x00\x06\x00\x00\x00\x02No\x07\x00\x00\x00\
\x03app\x01\x03\x00\x00\x00\x02q!\x08\x00\x00\x00\
\x00\x06\x00\x00\x00\x04None\x07\x00\x00\x00\x03a\
pp\x01\x03\x00\x00\x00\x0ce\x87[W\x8f\xa8\x8bX\
^\xf6\x90r\x08\x00\x00\x00\x00\x06\x00\x00\x00\x0bOC\
R Latency\x07\x00\x00\x00\x03ap\
p\x01\x03\x00\x00\x00\x0a\x95\x8bU_U_R\xd5V\
h\x08\x00\x00\x00\x00\x06\x00\x00\x00\x0dOpen \
Launcher\x07\x00\x00\x00\x03app\
\x01\x03\x00\x00\x00\x1c\x95\x8bU_a\xc9u(z\x0b\
_\x0fU_R\xd5VhN\xe5{\xa1t\x06f\xf4\
e\xb0\x08\x00\x00\x00\x00\x06\x00\x00\x00'Open\
 the app launche\
r to manage upda\
tes\x07\x00\x00\x00\x03app\x01\x03\x00\x00\x00\
\x04d\xcdO\x5c\x08\x00\x00\x00\x00\x06\x00\x00\x00\x09O\
peration\x07\x00\x00\x00\x03app\
\x01\x03\x00\x00\x00\x14]\xf2f\xabP\x5c\xff\x1a\x90J\
b2]\xf2\x95\xdc\x95\x89\xff\x01\x08\x00\x00\x00\x00\x06\
\x00\x00\x00\x1aPaused becau\
se game exited\x07\x00\
\x00\x00\x03app\x01\x03\x00\x00\x00,]\xf2f\xab\
P\x5c\xff\x1a\x90Jb2\x89\x96z\x97]\xf2g\x00\
\x5c\x0fS\x16b\x16\x90\xe8R\x06\x8d\x85Q\xfa\x87\xa2\
^U{\xc4W\x0d\xff\x01\x08\x00\x00\x00\x00\x06\x00\x00\
\x009Paused because\
 game window is \
minimized or out\
 of screen!\x07\x00\x00\x00\x03\
app\x01\x03\x00\x00\x00\x08eH\x80\xfdn,\x8a\
f\x08\x00\x00\x00\x00\x06\x00\x00\x00\x10Perfo\
rmance Test\x07\x00\x00\x00\x03\
app\x01\x03\x00\x00\x00P\x8a\xcbW(\x00 \x00\
M\x00u\x00M\x00u\x00 j!d\xecVh\x00\
 \x00[\x8a-[\x9a\x00]\x00-\x00>\x00[Q\
vN\xd6\x8a-[\x9a\x00]\x00 N-\x95\xdc\x95\
\x89\x00 \x00[\x80\xccfoc\x9bj_fBO\
\xddc\x01W\xf7\x88L\x00]\x08\x00\x00\x00\x00\x06\x00\
\x00\x00CPlease turn o\
ff enable backgr\
ound keep alive \
in MuMuPlayer se\
ttings\x07\x00\x00\x00\x03app\x01\x03\
\x00\x00\x00\x0a\x86Ut\x06_qh<s\x87\x08\x00\
\x00\x00\x00\x06\x00\x00\x00\x12Process \
Frame Rate\x07\x00\x00\x00\x03a\
pp\x01\x03\x00\x00\x00\x1c\x86Ut\x06_\x8c\x90n\
d\xcb\x5cdv\x84f\xf4e\xb0\x95\x93\x96\x94\xff\x08\
y\xd2\xff\x09\x08\x00\x00\x00\x00\x06\x00\x00\x00)Se\
conds between pr\
ocessed overlay \
updates\x07\x00\x00\x00\x03app\x01\
\x03\x00\x00\x00\x06zi[\x9arH\x08\x00\x00\x00\x00\
\x06\x00\x00\x00\x0eStable Vers\
ion\x07\x00\x00\x00\x03app\x01\x03\x00\x00\x00\
\x0eU_R\xd5z\x0b_\x0fup^8\xff\x1a\x08\
\x00\x00\x00\x00\x06\x00\x00\x00\x14Start A\
pp Exception:\x07\x00\x00\
\x00\x03app\x01\x03\x00\x00\x00\x10\x95\x8bY\xcbN\
\x0b\x8f\x09v\xf8O\x9dYWN\xf6\x08\x00\x00\x00\x00\
\x06\x00\x00\x00\x11Start downl\
oading\x07\x00\x00\x00\x03app\x01\x03\
\x00\x00\x00\x1cv{QefB\x81\xeaR\xd5U_\
R\xd5a\xc9u(z\x0b_\x0fU_R\xd5Vh\
\x08\x00\x00\x00\x00\x06\x00\x00\x001Start \
the launcher aut\
omatically when \
you sign in\x07\x00\x00\x00\x03\
app\x01\x03\x00\x00\x00\x0a\x95\x8bY\xcb\x00/P\
\x5ckb\x08\x00\x00\x00\x00\x06\x00\x00\x00\x0aSta\
rt/Stop\x07\x00\x00\x00\x03app\x01\
\x03\x00\x00\x00\x06]\xf2P\x5ckb\x08\x00\x00\x00\x00\
\x06\x00\x00\x00\x07Stopped\x07\x00\x00\x00\
\x03app\x01\x03\x00\x00\x00&b\x10R\x9fW\xf7\
\x88LN\xfbR\xd9\xff\x0ckcW(\x90\x00Q\xfa\
\x90Jb2T\x8ca\xc9u(z\x0b_\x0f\xff\x01\
\x08\x00\x00\x00\x00\x06\x00\x00\x001Succes\
sfully Executed \
Task, Exiting Ga\
me and App!\x07\x00\x00\x00\x03\
app\x01\x03\x00\x00\x00$R\x07c\xdbN\x0dT\
\x0cv\x84\x00 \x00W\x00i\x00n\x00d\x00o\x00\
w\x00s\x00 b*W\x16e\xb9_\x0f\x08\x00\x00\
\x00\x00\x06\x00\x00\x000Switch be\
tween different \
Windows capture \
methods\x07\x00\x00\x00\x03app\x01\
\x03\x00\x00\x00\x16v\xeej\x19z\x97S\xe3o\xc0m\
;\xff\x1a`b_\xa9\x93\x04\x88\xfd\x08\x00\x00\x00\x00\
\x06\x00\x00\x00'Target wind\
ow active: Recor\
ding resumed\x07\x00\x00\x00\
\x03app\x01\x03\x00\x00\x00\x18v\xeej\x19z\x97\
S\xe3\x97^o\xc0m;\xff\x1af\xabP\x5c\x93\x04\
\x88\xfd\x08\x00\x00\x00\x00\x06\x00\x00\x00(Targ\
et window inacti\
ve: Recording pa\
used\x07\x00\x00\x00\x03app\x01\x03\x00\x00\
\x00\x0ce\x87[W\x8f\xa8\x8bX}Pg\x9c\x08\x00\
\x00\x00\x00\x06\x00\x00\x00\x05Texts\x07\x00\x00\
\x00\x03app\x01\x03\x00\x00\x00\x18v\xeeRMr\
Hg,\x00 \x00{\x00}\x00 _\xc5\x98\x08f\
\xf4e\xb0\x08\x00\x00\x00\x00\x06\x00\x00\x00&The\
 current version\
 {} must be upda\
ted\x07\x00\x00\x00\x03app\x01\x03\x00\x00\x00\
\x0a\x89\xf8v|Vh\x95\x93\x96\x94\x08\x00\x00\x00\x00\
\x06\x00\x00\x00\x10Trigger Int\
erval\x07\x00\x00\x00\x03app\x01\x03\x00\
\x00\x00\x0af\xf4e\xb0Qg[\xb9\xff\x1a\x08\x00\x00\
\x00\x00\x06\x00\x00\x00\x08Updates:\x07\
\x00\x00\x00\x03app\x01\x03\x00\x00\x00\x16O\x7fu\
(\x00 \x00D\x00i\x00r\x00e\x00c\x00t\x00\
M\x00L\x08\x00\x00\x00\x00\x06\x00\x00\x00\x0cUse\
 DirectML\x07\x00\x00\x00\x03ap\
p\x01\x03\x00\x00\x004Y\x82g\x9c`\xa8g\x09\x8f\
\x03Y'\x98oy:\x8a\x18a\xb6\x9a\xd4v\x84\x98\
oy:Sa\xff\x0cS\xef\x90x0\x0cf/0\
\x0dN\xe5c\xd0SGeH\x80\xfd\x08\x00\x00\x00\x00\
\x06\x00\x00\x00\x1eUse GPU to \
Improve Performa\
nce\x07\x00\x00\x00\x03app\x01\x03\x00\x00\x00\
\x08\x89\x96z\x97\x8a-[\x9a\x08\x00\x00\x00\x00\x06\x00\
\x00\x00\x0dWindow Config\
\x07\x00\x00\x00\x03app\x01\x03\x00\x00\x00\x18\x00W\
\x00i\x00n\x00d\x00o\x00w\x00s\x00 b*\
W\x16e\xb9_\x0f\x08\x00\x00\x00\x00\x06\x00\x00\x00\x0f\
Windows Capture\x07\
\x00\x00\x00\x03app\x01\x03\x00\x00\x00\x02f/\x08\
\x00\x00\x00\x00\x06\x00\x00\x00\x03Yes\x07\x00\x00\x00\
\x03app\x01\x03\x00\x00\x00\x0c\x00{\x00}\x00 \
U_R\xd5Vh\x08\x00\x00\x00\x00\x06\x00\x00\x00\x0b\
{} Launcher\x07\x00\x00\x00\x03\
app\x01\
\x00\x00\xc5\xbb\
<\
\xb8d\x18\xca\xef\x9c\x95\xcd!\x1c\xbf`\xa1\xbd\xdd\xa7\
\x00\x00\x00\x05ko_KRB\x00\x00\x14\x00\x00\x00\
\x05;\x00\x00\x09E\x00\x00\x05;\x00\x00 \xa5\x00\x00\
\x05;\x00\x00\x90\xd9\x00\x00\x05C\x00\x00\x84\xbc\x00\x00\
\x05O\x00\x00Dt\x00\x00\x05O\x00\x00\xa8\xa4\x00\x00\
\x07\xb2\x00\x00<f\x00\x005\xa8\x00\x00\x0bQ\x00\x00\
5\xa8\x00\x00Q\xf8\x00\x00E\x82\x00\x00\x17\xc3\x00\x00\
G\xa4\x00\x00\x05\xf9\x00\x00G\xa4\x00\x00N\xca\x00\x00\
Ih\x00\x00\x18K\x00\x00Ja\x00\x00E\x05\x00\x00\
Q\xc9\x00\x00\x1f\x14\x00\x00S\x82\x00\x00 |\x00\x00\
S\x82\x00\x00\x84f\x00\x00V\xfe\x00\x00Gg\x00\x00\
Y\xbe\x00\x00#^\x00\x00[\xb3\x00\x00fy\x00\x00\
_\xc3\x00\x00D\xa5\x00\x00_\xc3\x00\x00\xb1M\x00\x00\
hp\x00\x00X\x81\x00\x00ih\x00\x00+D\x00\x00\
u\xa2\x00\x008\xdf\x00\x04<4\x00\x00\x90\x97\x00\x04\
\x8c\xaf\x00\x00\x9a]\x00\x04\x93\xc2\x00\x00\x9d(\x00\x04\
\x98,\x00\x00\x12`\x00\x04\x9c\xb9\x00\x00d\xc2\x00\x04\
\xa8\x8b\x00\x00\x074\x00\x04\xa8\x8b\x00\x00k3\x00\x04\
\xa9\x03\x00\x00\x0dz\x00\x04\xa9\x03\x00\x00S\x99\x00\x04\
\xb8w\x00\x00F\xa7\x00\x04\xbb\x04\x00\x00O\xf8\x00\x04\
\xbb\x04\x00\x00\x89\x1c\x00\x04\xcf\x04\x00\x00Iw\x00\x04\
\xd0%\x00\x00\x1c}\x00\x04\xec0\x00\x00l\x1c\x00\x04\
\xf6\xc2\x00\x00\x0d\xad\x00\x04\xf6\xc2\x00\x00S\xcc\x00\x05\
\x04\xcf\x00\x00I\x9e\x00\x05\x04\xcf\x00\x00W\xfa\x00\x05\
\x04\xcf\x00\x00\x8b\xf5\x00\x05\x04\xcf\x00\x00\x97.\x00\x05\
\x04\xcf\x00\x00\xa4\x82\x00\x05VE\x00\x00\xa8\xc4\x00\x05\
d\x95\x00\x00\x0e\xdc\x00\x05d\x95\x00\x00U,\x00\x05\
d\x95\x00\x00aL\x00\x05\x98\xc5\x00\x00#\x85\x00\x05\
\x98\xc5\x00\x00\x92\x0b\x00\x05\xab`\x00\x00%\xdc\x00\x05\
\xab`\x00\x00\x88\x05\x00\x05\xab`\x00\x00\x8aL\x00\x06\
\x87\x9b\x00\x00+\x18\x00\x06\xd0D\x00\x00/\xfc\x00\x07\
F\xc5\x00\x007\xea\x00\x0a\xf2\xce\x00\x00f\xc8\x00\x0b\
N\x8e\x00\x00}\x95\x00\x16\xad\x8d\x00\x00\x16\x0b\x00\x18\
Y\x81\x00\x00|\xc8\x00\x18\xed\xf2\x00\x00\x9f\xab\x00&\
\x9ed\x00\x003\xfb\x00+d\x91\x00\x00o\xe2\x00=\
G\xa5\x00\x00l\xd9\x00=\xfa\x15\x00\x00\x08o\x00C\
\x00\xa7\x00\x00v:\x00D'\xc5\x00\x008\x16\x00G\
\x96\xc4\x00\x00H\x93\x00G\x96\xc4\x00\x00ib\x00H\
,\x94\x00\x00\x98z\x00I\xf0A\x00\x00\x9f\x1e\x00J\
+\x82\x00\x00FW\x00J6\x95\x00\x00F\x80\x00J\
6\x95\x00\x00\x8bt\x00Jd\x95\x00\x001\xc9\x00J\
\x809\x00\x00\x0dD\x00J\x809\x00\x00Sc\x00J\
\x809\x00\x00_\xe7\x00J\xb9\xb7\x00\x00I!\x00J\
\xb9\xb7\x00\x00\x82K\x00J\xb9\xb7\x00\x00\x96@\x00L\
\x99b\x00\x00IO\x00L\x99b\x00\x00Y\xdd\x00L\
\x99b\x00\x00\x86\xa1\x00L\x99b\x00\x00\xa0\xeb\x00N\
\xbf\xa5\x00\x00\x1d*\x00Ol\x93\x00\x00\x0d\xe2\x00O\
l\x93\x00\x00T\x01\x00R\xfd\xf4\x00\x00\x07b\x00R\
\xfd\xf4\x00\x00lp\x00Tl\x95\x00\x00\x1f\xd3\x00V\
\x80\x04\x00\x00\xa4\xa2\x00V\x8c\x95\x00\x00G<\x00V\
\x8c\x95\x00\x00o\xb5\x00V\x8c\x95\x00\x00\x87\x83\x00V\
\x8c\x95\x00\x00\x89\xa0\x00V\xae\xc2\x00\x00![\x00X\
\xb7\xb9\x00\x00a|\x00Y\xe8\x85\x00\x00Ed\x00Z\
\x8a#\x00\x00K\xa7\x00Z\xa8\x94\x00\x00p\xbc\x00Z\
\xa8\x94\x00\x00\x87\xdc\x00Z\xa8\x94\x00\x00\x8a&\x00Z\
\xcf\xb3\x00\x00\xaf\x5c\x00Z\xec5\x00\x00\x07\x8f\x00\x5c\
V\xfe\x00\x00G\xb4\x00\x5c\x83\xb5\x00\x00XW\x00\x5c\
\x83\xb5\x00\x00\x8cv\x00i2\xb4\x00\x00.8\x00j\
/\x9b\x00\x00-\x1f\x00vvN\x00\x00&\xd0\x00v\
\x8c\x95\x00\x009L\x00z+\xc0\x00\x00;9\x00z\
\xe0e\x00\x00;\xed\x00}\x9e\x01\x00\x00u\x9c\x00\x81\
(i\x00\x00b\xf2\x00\x857\xe7\x00\x00D7\x00\x8d\
\x9c\x0e\x00\x00g0\x00\x97\x96\x04\x00\x00`F\x00\x97\
\x96\x04\x00\x00\x88\xed\x00\xaf\x88w\x00\x00\x01\x9f\x00\xc0\
\xb8\x84\x00\x001\x08\x00\xcd&\x11\x00\x00\x009\x01\x10\
\xaa^\x00\x00Kn\x01!\xadg\x00\x00[\xb4\x01*\
\xd0\x97\x00\x00\x09\xe7\x01*\xd0\x97\x00\x00>\xe7\x01*\
\xd0\x97\x00\x00?$\x01*\xd0\x97\x00\x00\x89\xca\x016\
$q\x00\x00~\xf5\x01<\xdf5\x00\x00\xb0\x8b\x01?\
\xf9>\x00\x00\xa0\x10\x01@\x1dG\x00\x00H\x11\x01C\
`n\x00\x00$%\x01L\x05#\x00\x00\x95\xbb\x01c\
\xaa\x09\x00\x00\x10\x96\x01c\xaa\x09\x00\x00W6\x01d\
\xa2o\x00\x00)\x13\x01t#\xfd\x00\x00\x92d\x01\x80\
\xad\x22\x00\x00o\x7f\x01\x80\xad\x22\x00\x00\x84\x00\x01\xaa\
\xde>\x00\x00\xa5\x9a\x01\xb8\x13D\x00\x00\x17u\x01\xc1\
\xf0\x05\x00\x00^\xd2\x01\xcaE\x8f\x00\x00\x06\x87\x01\xca\
E\x8f\x00\x00\x8c\xfe\x01\xd4VT\x00\x00\xa9\xd8\x01\xd7\
k\xaa\x00\x00\xac[\x01\xe7\xf5T\x00\x00j\xca\x01\xfb\
0\xd4\x00\x00\x82\xed\x02\x06F5\x00\x00;\xa9\x02\x0b\
\x08\x8e\x00\x00K\xfd\x02\x19\xde;\x00\x00X\xad\x021\
\xe1\x8e\x00\x00@\x86\x024\xfb\xbe\x00\x00\x1d\xcf\x028\
s\xd2\x00\x00+k\x028\xd4R\x00\x00\xa0\xbe\x02;\
\xe2\x87\x00\x00\x98\xea\x02C\x04~\x00\x00'\xcd\x02l\
\x99\x03\x00\x00\xab\xc4\x02q6u\x00\x00\x9a\xc6\x02v\
\xb8\x09\x00\x00e\xf6\x02\xadpR\x00\x00NM\x02\xd9\
@\xf9\x00\x00\xa8\xe4\x02\xdc Q\x00\x00\xa2\x92\x02\xe7\
 \xf5\x00\x00\x06\xf7\x02\xe7 \xf5\x00\x00\x18\xd4\x02\xe7\
 \xf5\x00\x00\x8d\x8d\x03\x00(\x14\x00\x00\xae\x97\x03\x09\
\xa2\x9e\x00\x00't\x03\x15*u\x00\x00\x1cE\x03%\
\xdek\x00\x00\x5c\x18\x03CL9\x00\x00\x1c\xa5\x03K\
\xef\xe5\x00\x00:,\x03O\x17\x85\x00\x00=@\x03P\
\xba\x9e\x00\x00I\xc5\x03S\xb0\xcb\x00\x00\x0cf\x03W\
\xb0\x17\x00\x00\x80W\x03X\x11u\x00\x00j\x91\x03]\
\xe0\x17\x00\x00\x1f9\x03d\xa1\xce\x00\x00F\xcf\x03v\
\xe01\x00\x00v\x86\x03\x8d\x17\xe3\x00\x00\x83O\x03\x9d\
\xfdE\x00\x00h\x17\x03\xc5\xefz\x00\x00\x18\x9c\x03\xcc\
\xfa\xa3\x00\x00\x02a\x03\xcdG\xa5\x00\x002\x01\x03\xee\
\xf3\xfa\x00\x00#\xe9\x04\x14S\xf5\x00\x00\x12\xf8\x04\x1b\
\xf0d\x00\x00\xaa\xb5\x04(U\xc4\x00\x00\xae\xf6\x04K\
+\x03\x00\x00N\xf6\x04L\xedM\x00\x00\x98\x0e\x04d\
`5\x00\x007\x15\x04e\xafi\x00\x00\x0eM\x04e\
\xafi\x00\x00T\xf4\x04e\xafi\x00\x00`\xe3\x04l\
u\x90\x00\x00P\x8e\x04r\x80\xd4\x00\x00W\xc8\x04r\
\x80\xd4\x00\x00\x8b\x99\x04r\xd0\x03\x00\x00K\xcf\x04\x87\
p\xc8\x00\x001d\x04\x8f\x07Y\x00\x00e\x1a\x04\x90\
\x894\x00\x00c\xa2\x04\x94\xa8\x84\x00\x00w\x16\x04\x98\
I\xbc\x00\x00\x06&\x04\x98I\xbc\x00\x00\x08F\x04\x98\
I\xbc\x00\x00\x0a\x1e\x04\x98I\xbc\x00\x00\x0b\xf8\x04\x98\
I\xbc\x00\x00\x10\xf0\x04\x98I\xbc\x00\x00\x18r\x04\x98\
I\xbc\x00\x00?`\x04\x98I\xbc\x00\x00@!\x04\x98\
I\xbc\x00\x00O>\x04\x98I\xbc\x00\x00R\x9f\x04\x98\
I\xbc\x00\x00Y\x0f\x04\x98I\xbc\x00\x00\x8c\x99\x04\x98\
I\xbc\x00\x00\x8dc\x04\x98I\xbc\x00\x00\x9e\x89\x04\x99\
n\x95\x00\x00C.\x04\xa0\xb2*\x00\x00%\x91\x04\xa1\
L\x85\x00\x00%K\x04\xa2\xcb\xd7\x00\x00i\x8a\x04\xa8\
\xb8\xa5\x00\x00\x0c/\x04\xac,\xa5\x00\x00Yv\x04\xac\
,\xa5\x00\x00`\x16\x04\xac,\xa5\x00\x00\x88\x94\x04\xac\
,\xa5\x00\x00\x8d\xc5\x04\xac\xab]\x00\x00\x0c\xb7\x04\xac\
\xab]\x00\x00R\xd6\x04\xac\xab]\x00\x00_\xaf\x04\xc2\
\x8f\xa2\x00\x00\x83 \x04\xc4y%\x00\x00\x8b\x16\x04\xcf\
v\x94\x00\x00\x1bA\x04\xd1\x1fR\x00\x00\x845\x04\xd5\
P\xa4\x00\x003\xc3\x04\xd5Z\xc4\x00\x004\x89\x04\xd5\
n\xc4\x00\x004\xfc\x04\xe0\x8f\xb2\x00\x00E5\x04\xe3\
X|\x00\x00\xa3~\x04\xe6\xf1\xdf\x00\x00\x94\xd2\x04\xed\
Y\xc4\x00\x00\x15_\x04\xf4\x18N\x00\x00&/\x04\xf6\
\x91\xc9\x00\x00\xa3\xa2\x04\xfa\x12\xa3\x00\x00\xa7=\x05\x14\
\x8d9\x00\x00N\x03\x05\x1760\x00\x00\x1f\xfe\x05\x1d\
\xcf\x09\x00\x00\x9cu\x05\x22?\xe9\x00\x00m'\x05#\
k\x81\x00\x00\x85\xef\x05(J\xd3\x00\x00F%\x051\
\x10\xbe\x00\x00:\xb1\x056\x8ay\x00\x00\x9e\xe7\x058\
\x92\xc0\x00\x00\x8f\x82\x05<F\x99\x00\x00\xa7\x19\x05@\
\x5c\xa5\x00\x00\x0e\x18\x05@\x5c\xa5\x00\x00T7\x05B\
\xdd\xac\x00\x00\xb0Q\x05E\xaf\xd9\x00\x00P%\x05E\
\xaf\xd9\x00\x00Qz\x05E\xaf\xd9\x00\x00Tl\x05E\
\xaf\xd9\x00\x00`\xb3\x05K\xe0\xd4\x00\x00\x82\x1f\x05_\
/R\x00\x004K\x05fj\xa7\x00\x00\xac\x97\x05o\
/\xe3\x00\x00Z\x9c\x05v*I\x00\x00U\xea\x05\x80\
W\xc4\x00\x00i\x02\x05\x8b\xa6\x84\x00\x00!\xf0\x05\x8c\
F\xc5\x00\x00P\xc4\x05\x8c\xac5\x00\x00G\x8c\x05\x8c\
\xac5\x00\x00\x87\xb2\x05\x8c\xac5\x00\x00\x89\xff\x05\x8e\
c\xb5\x00\x00\x9b\x9f\x05\x93\xca\x17\x00\x00e\xb9\x05\x9a\
\x90t\x00\x00K\x16\x05\x9c}.\x00\x00\x93>\x05\xa6\
\xecX\x00\x000$\x05\xaa\x8b\xc3\x00\x00a\xe2\x05\xac\
\xdcQ\x00\x00\x04\xb0\x05\xb4\x98\xde\x00\x00!\x84\x05\xbd\
\xf7S\x00\x002\xe5\x05\xc6\xa8\xa5\x00\x00M\x01\x05\xd4\
\x8fX\x00\x00-\x89\x05\xd6\x03\xff\x00\x006X\x05\xdb\
\xc29\x00\x00\x10_\x05\xdb\xc29\x00\x00V\xff\x05\xdb\
\xc29\x00\x00b\xc2\x05\xdd\xf9D\x00\x00\x1dU\x05\xdf\
\xba\xba\x00\x00\x09j\x05\xe0Kg\x00\x00*0\x05\xe7\
\x0c5\x00\x00l\x98\x06\x09\xcd\xf4\x00\x00{*\x06#\
\xc0[\x00\x00;h\x06,\xce\xa9\x00\x00 \xcb\x06.\
!\xe5\x00\x00<\x1c\x06.\x8e)\x00\x00w\xa9\x06C\
\x1f\x15\x00\x00\xa6\xe6\x06QV\xe9\x00\x00\xa3\xc6\x06e\
2`\x00\x00:\xf8\x06e\xa0.\x00\x00P\xf3\x06\x80\
\xab\x84\x00\x00\x1d\x94\x06\x816D\x00\x00\xa8\x09\x06\x95\
x>\x00\x00j0\x06\xa2\x1a]\x00\x00\x88-\x06\xa8\
\xa9\xaa\x00\x00\xb0'\x06\xacWc\x00\x002\xa7\x06\xae\
\xa4>\x00\x00\x8f\xff\x06\xb0\xbe\xae\x00\x00\x02\x9a\x06\xb0\
\xbe\xae\x00\x00\xac+\x06\xb5\x04\x22\x00\x0038\x06\xb8\
\x91\xde\x00\x00%\x06\x06\xbb]a\x00\x00{\xf9\x06\xc4\
y%\x00\x00/3\x06\xc9\xb1\x80\x00\x007\xb2\x06\xd0\
\xbaQ\x00\x00\xa4\xc9\x06\xe3v\xd4\x00\x00.s\x06\xe8\
\xc3G\x00\x00u,\x07\x02\x06\x83\x00\x00\x9f?\x07\x05\
\xe4d\x00\x00\xa2\xec\x07\x09W\xa2\x00\x005r\x07\x0c\
HY\x00\x00\x16\xd6\x07\x11\x5c$\x00\x00\x14\xf2\x07\x1f\
\x97[\x00\x00\x19\xd5\x074'\x12\x00\x00M\xc7\x077\
3\xdb\x00\x00\xa1\xd1\x07Io~\x00\x00\xa3\x1d\x07P\
\xb3\xaa\x00\x00\x1c\xf4\x07Wf\x07\x00\x00\x9a}\x07^\
\xb4t\x00\x00\xa3P\x07h\x80$\x00\x00\x12\x85\x07\x85\
\x93\xd1\x00\x00\x95n\x07\x9a\x96,\x00\x009\xfa\x07\xa9\
\xbc\x84\x00\x00_1\x07\xab\x06\x13\x00\x00_~\x07\xab\
\x08\x98\x00\x00<\xf6\x07\xab\x1aR\x00\x00=\x96\x07\xb4\
5q\x00\x00~2\x07\xb5\xe2\xfb\x00\x00\x0ay\x07\xb5\
\xe2\xfb\x00\x00\x197\x07\xb7U\xe4\x00\x00qL\x07\xdf\
\x0e\xf3\x00\x00\x14\xae\x07\xe3\xfd\x9b\x00\x00[-\x07\xe5\
$\xf3\x00\x00\xa0\x99\x08\x03\xeft\x00\x00\x09\x95\x08\x09\
\x7fd\x00\x00\x09\x07\x08\x0abr\x00\x00>$\x08\x0f\
tN\x00\x00\xac\xce\x08\x18B%\x00\x00\xa8Z\x087\
\x99\xfd\x00\x00\x9bR\x08=\xe1s\x00\x00i\xbb\x08B\
\xf3Q\x00\x00\xa0Q\x08E=\x0e\x00\x00\x00\xcf\x08E\
=\x0e\x00\x00\x9c\xfa\x08Fk\xe2\x00\x00\xb1j\x08J\
\x95A\x00\x00s\xed\x08K\x95\xb4\x00\x00\x81\x1f\x08N\
\xb2\xf5\x00\x00lE\x08i5\xf4\x00\x00\xaf\x7f\x08i\
\x8d\x8c\x00\x00*X\x08n\xd9n\x00\x00\x80\x8d\x08u\
`l\x00\x00\xaf\xf3\x08\x81(\x11\x00\x00z\x80\x08\x89\
)\xf9\x00\x00M\x90\x08\x96\x1e\x8c\x00\x00n\xa2\x08\x9a\
E\xee\x00\x003s\x08\xa2\x93\xc7\x00\x00\x97\xd6\x08\xb4\
\xac\x0e\x00\x00q\xa2\x08\xbah\xc3\x00\x00Hl\x08\xbd\
\x8c\xc8\x00\x00\x5cg\x08\xbd\x8c\xc8\x00\x00pb\x08\xbd\
\x8c\xc8\x00\x00\x84\xdf\x08\xc2\xb8\xc5\x00\x00J\x8a\x08\xc2\
\xb8\xc5\x00\x00\x97V\x08\xc4\x9b\xe2\x00\x00\xa6\xc0\x08\xcc\
e\x97\x00\x00\x85\x0b\x08\xce\x01\x9e\x00\x008\x9b\x08\xd6\
t\x12\x00\x00\x85>\x08\xfd\xd9#\x00\x00L\xcc\x09\x06\
\xb5i\x00\x00\x94\x05\x09\x0bI\xc9\x00\x00\x1a\xcb\x09\x16\
(\xb1\x00\x00x\xda\x09)\xe2\x83\x00\x00n\xfe\x09)\
\xe2\x83\x00\x00\x83\x82\x09+`\xfc\x00\x00d\x04\x090\
\x8f%\x00\x00\x96k\x096vN\x00\x00'\x22\x09?\
h\x89\x00\x00\x0b\x89\x09?h\x89\x00\x00R0\x09J\
*\xb9\x00\x00\x03e\x09Q\xd8\xce\x00\x00\x8e\x99\x09Z\
\x7f\xad\x00\x00\x92\xf2\x09\x5c\xa9e\x00\x00\x00\x00\x09`\
\x06\xb5\x00\x00\x0fU\x09`\x06\xb5\x00\x00Uc\x09a\
~\xb5\x00\x00p\xe3\x09k\xd7]\x00\x00\x01\x02\x09m\
\xf9T\x00\x00\x1bo\x09q\x01\xe0\x00\x00\xadG\x09\x87\
\xbc\xc5\x00\x00H\xbb\x09\x87\xbc\xc5\x00\x00n\xd5\x09\x87\
\xbc\xc5\x00\x00\x81Q\x09\x88\xbd\xa3\x00\x00k\x5c\x09\x8c\
u\xff\x00\x00\x923\x09\x91\xe0\x92\x00\x005\xa4\x09\x9c\
u\xa3\x00\x00\x16\x99\x09\xaa\xaa\x89\x00\x00\x91\x84\x09\xb2\
\xf0\x1e\x00\x007t\x09\xc5P\x17\x00\x00X%\x09\xc5\
P\x17\x00\x00a\xad\x09\xc5P\x17\x00\x00p\x8f\x09\xc5\
P\x17\x00\x00\x8c\x19\x09\xc5\xb8\x8a\x00\x00\x99y\x09\xd1\
\x8d\xf1\x00\x00{\xb0\x09\xd5\x1e\xb5\x00\x00\x12(\x09\xd5\
\x1e\xb5\x00\x00V<\x09\xd5\x1e\xb5\x00\x00b\x12\x09\xd7\
\xa4d\x00\x00,\x1a\x09\xde\xd1\x8d\x00\x00rQ\x09\xeb\
\xbf\xb5\x00\x00J\xeb\x09\xfd]\xb5\x00\x00\x10\x1a\x09\xfd\
]\xb5\x00\x00V\xba\x09\xfd]\xb5\x00\x00bK\x0a\x10\
d-\x00\x00\x17$\x0a\x1ee\xb4\x00\x00]\xeb\x0a!\
\xa6o\x00\x00\x17\xec\x0a\x22\xd2k\x00\x009{\x0a0\
\xab\x94\x00\x00\x1b\xae\x0a<j+\x00\x00\x0f\x13\x0a=\
\x0e\x95\x00\x00Ce\x0a?#\x1b\x00\x00\x11\xa5\x0a?\
#\x1b\x00\x00\x1a\x12\x0a?#\x1b\x00\x00Y=\x0a?\
#\x1b\x00\x00\x8b\xc4\x0a?j[\x00\x00\x1aG\x0a?\
j[\x00\x00Y\xa4\x0a?j[\x00\x00\x88\xbb\x0aZ\
\xcc\xc5\x00\x008]\x0a_\xbe\x83\x00\x000\x86\x0aa\
\x13>\x00\x00\x86\xca\x0ad\xd0\xcd\x00\x00\x06V\x0ad\
\xd0\xcd\x00\x00\x0aK\x0ad\xd0\xcd\x00\x00\x11u\x0ad\
\xd0\xcd\x00\x00?\xbf\x0ad\xd0\xcd\x00\x00@S\x0ad\
\xd0\xcd\x00\x00N\x9d\x0ad\xd0\xcd\x00\x00O\xc8\x0ad\
\xd0\xcd\x00\x00\x8c\xcb\x0ad\xd0\xcd\x00\x00\x9f\xed\x0ae\
\xb9\x1c\x00\x00\x19\x0c\x0ah\xf6\xd5\x00\x000\xc4\x0ai\
A\x82\x00\x00C\xa3\x0am\x82\xfc\x00\x00>\x5c\x0at\
g\x19\x00\x00\x11\xdf\x0av\x1d\x99\x00\x00\x1fd\x0av\
Z2\x00\x00E\xfd\x0awr\xd7\x00\x00\x07\xbc\x0ay\
_\x07\x00\x00(-\x0a\x84\xfb\xa8\x00\x00*\xd4\x0a\x95\
m\xe4\x00\x00/e\x0a\x96ke\x00\x00\x0e\x85\x0a\x9a\
\xaaZ\x00\x00\x01\xe0\x0a\xa2\xfa7\x00\x00\xb0\xdf\x0a\xa7\
\xd1>\x00\x00A\x1c\x0a\xadgY\x00\x00\x85z\x0a\xb6\
v\xe4\x00\x00\xads\x0a\xb9\x9c\xf3\x00\x00&\x04\x0a\xb9\
\x9c\xf3\x00\x00]\x16\x0a\xb9\x9c\xf3\x00\x00\x93\x9d\x0a\xbe\
 J\x00\x00\x08\xa9\x0a\xd0_d\x00\x00\x93\xc8\x0a\xd2\
\xc0\xe5\x00\x00-\xee\x0a\xd8\xc4\x11\x00\x00x\x87\x0a\xdb\
\x09\xe4\x00\x00\xa6C\x0a\xe1\xb0\x85\x00\x00\x9d|\x0a\xe7\
\x93\x14\x00\x00o5\x0a\xe8\xd6\x1e\x00\x00\x90\xff\x0a\xeb\
f\x09\x00\x00B\xe6\x0a\xffe\xee\x00\x00\x8f\xae\x0b\x03\
\xc6\x94\x00\x00\x0f\xdc\x0b\x03\xc6\x94\x00\x00V|\x0b\x09\
yE\x00\x00.\xc0\x0b\x09ye\x00\x00\x8a\xe6\x0b\x09\
\xa6\xc4\x00\x00D\xd3\x0b%\xf5\x11\x00\x00\x05\xc2\x0b0\
8\xf9\x00\x00\x14F\x0b6\x01k\x00\x00ZS\x0b6\
\x08+\x00\x00Z\x0a\x0bHB\xd9\x00\x00\x0b\x00\x0bH\
B\xd9\x00\x00Q\xa7\x0b`\xb6\xd5\x00\x00=\xe0\x0bc\
\xe2\x94\x00\x00t\x97\x0bd\xdd\xbd\x00\x00\x1b\xe9\x0b\x88\
3H\x00\x00,\xe4\x0b\x8f\xdd\xb2\x00\x00<\x8c\x0b\x91\
\x1f\xcc\x00\x00\x13\xc3\x0b\x92\x14 \x00\x00*\x93\x0b\x99\
7\x8e\x00\x00\x7f\xb2\x0b\x9e\x96Y\x00\x00m\xb3\x0b\xab\
\x94\x0e\x00\x00\x81\xae\x0b\xb7p\xde\x00\x00 /\x0b\xbd\
\xf2c\x00\x00\x95\xfa\x0b\xc0\x05\xe4\x00\x00\x92\xc0\x0b\xc2\
\x05\xe4\x00\x009\xbc\x0b\xc5\x09q\x00\x00\x05\x8b\x0b\xcb\
\x00\xae\x00\x00$\xb0\x0b\xdb\x22C\x00\x00\x9a\xfd\x0b\xe3\
\xea\x81\x00\x00\x97\x83\x0b\xee\x00\xe4\x00\x00E\x9a\x0c\x01\
\x9e\xd1\x00\x00\xaa(\x0c\x04\xa05\x00\x00J\xba\x0c\x05\
\x83\x83\x00\x00\x16c\x0c\x05\x83\x83\x00\x00G\x0b\x0c\x05\
\x83\x83\x00\x00\x84\x8c\x0c\x10\xbf.\x00\x00\x8d\xef\x0c\x13\
\xf8\xce\x00\x00\x0a\xaf\x0c\x15*\xee\x00\x00si\x0c!\
\x99\xcb\x00\x00\xa1\x0c\x0c*$W\x00\x00?\x8a\x0c*\
$W\x00\x00W\x90\x0c*$W\x00\x00\x81\xed\x0c*\
$W\x00\x00\x8bC\x0cB\x17\xa3\x00\x00\x82\xb1\x0cC\
\xbb\xe2\x00\x00\x99K\x0cG\x92\xf4\x00\x00`~\x0cG\
\x92\xf4\x00\x00\x89A\x0cJfY\x00\x00:y\x0cR\
V\x8e\x00\x00b\x89\x0cV\x8c\xe5\x00\x00<\xc1\x0cV\
\xb7\xad\x00\x00\x19j\x0cX\x09e\x00\x00\xab\x88\x0cZ\
\xcf\x1d\x00\x00\x15\xa5\x0c^T\xf9\x00\x00\x11\x1f\x0co\
\x11\x8b\x00\x00\x05O\x0cu\x02\xbe\x00\x00PT\x0cu\
K\x99\x00\x00\x82w\x0cz\xc3\x9e\x00\x00\x13\x7f\x0cz\
\xdb7\x00\x00\xa7\x9e\x0c{\x85\x9f\x00\x00(j\x0c\x80\
\x8a\x83\x00\x00#\xad\x0c\x84\xfes\x00\x00\xae!\x0c\x88\
\xfa>\x00\x00\xa9\xb3\x0c\x90\xd8\xbc\x00\x00\x9d\xfa\x0c\x92\
\xbc\xa1\x00\x00y\xac\x0c\x97\x12\xac\x00\x00ni\x0c\x9a\
\x01\xda\x00\x00)\xd7\x0c\xa1\xa9\x84\x00\x0054\x0c\xa3\
\x80I\x00\x00MY\x0c\xa4\x91\xb5\x00\x002N\x0c\xa8\
h\x87\x00\x00m\xfc\x0c\xa9_$\x00\x00?\xea\x0c\xbb\
\x01s\x00\x00KC\x0c\xbb\x01s\x00\x00m\x88\x0c\xc9\
\xa0\x0e\x00\x00n?\x0c\xce\x0f\x1f\x00\x00\x22\x1a\x0c\xdf\
\x8d\xc8\x00\x00\x08\x0f\x0c\xee\xd9[\x00\x00Z\xe4\x0c\xf6\
\x5c\xfe\x00\x00a\x14\x0d\x04,\xaf\x00\x009\x08\x0d\x05\
Rs\x00\x00\x12\xc2\x0d\x18\x90\xf2\x00\x00C\xf7\x0d\x1f\
N\x94\x00\x00\x5c\x9a\x0d1\x07\xc5\x00\x00\xb1\x0c\x0d4\
\xb3\xee\x00\x00>\x9a\x0dGc\xb4\x00\x00\x81y\x0dL\
\xdb\xf1\x00\x00\xad\x98\x0dU\x94\xe2\x00\x004\xc1\x0dZ\
\xca\xe7\x00\x005\xe2\x0d\x5c\xa9\x15\x00\x00,v\x0d\x5c\
\xec2\x00\x006\x1d\x0d_\xd6C\x00\x00.\xf5\x0d\x89\
P\x17\x00\x00*\x05\x0d\x89P\x17\x00\x00B\xb3\x0d\x93\
x%\x00\x00\x02\x1e\x0d\xa1\xc7\xc9\x00\x00\x83\xb8\x0d\xac\
z\xf3\x00\x00\x13:\x0d\xb0\x8e\xd4\x00\x00h\x96\x0d\xc5\
\x9e\xbe\x00\x00g\xa4\x0d\xd3\x034\x00\x00\xa1\x89\x0d\xd5\
\xf0#\x00\x00Q9\x0d\xd8\xc9)\x00\x00\x9c#\x0d\xfc\
\x13'\x00\x006\x90\x0e\x0dDn\x00\x00\x1e_\x0e\x11\
\x9a\xe6\x00\x00\x9e/\x0e\x12\x05s\x00\x00\xa9J\x0e!\
}d\x00\x00\x8aq\x0e/\xa2t\x00\x00\x13\xf6\x0e1\
\xac*\x00\x00\x98\x9b\x0e;\xcd\x81\x00\x00\xa6\x88\x0eD\
\xcd+\x00\x00T\xa3\x0eF\xc4\xc3\x00\x00/\xb2\x0eb\
\xa1\xae\x00\x00\xa2X\x0ee@\x89\x00\x00\x94^\x0eg\
\x84\xbb\x00\x006\xd1\x0er\xa2\x0e\x00\x00\x22\xb8\x0e\xaf\
o\xc3\x00\x00\x89m\x0e\xb17\x93\x00\x00\x5c\xda\x0e\xbf\
\xdf:\x00\x00\x08\xdb\x0e\xcb%\xa2\x00\x00H\xeb\x0e\xd3\
\x02\xed\x00\x00r\xdb\x0e\xe1~\xa3\x00\x00\x0f\x96\x0e\xe1\
~\xa3\x00\x00U\xa4\x0e\xe8\x9b\xb2\x00\x00\xa9\x19\x0e\xf3\
\x11C\x00\x00\x9c\xcb\x0f\x03\xb7\xa1\x00\x00\x96\xe4\x0f\x07\
gi\x00\x00]E\x0f\x0e\x89.\x00\x00Om\x0f\x19\
\x22<\x00\x00\x0c\xf6\x0f\x19\x22<\x00\x00S\x15\x0f \
s\xf1\x00\x00\x04S\x0f!o\xdd\x00\x00\x02\xcf\x0f'\
\xf1\xfb\x00\x00\x04)\x0f'\xf1\xfb\x00\x00M.\x0f3\
\x9a\x85\x00\x00\x8eE\x0f9@\xe8\x00\x00\x04\x86\x0fL\
\xa1\xb3\x00\x00\x1f\x9d\x0fW\xb8i\x00\x00^~\x0fX\
\x1aC\x00\x00\xaa\xe9\x0fn1U\x00\x00d{\x0f\x85\
\xef\xbe\x00\x00&\x7f\x0f\x8a3\xb5\x00\x00i\xee\x0f\x93\
gi\x00\x00]\x98\x0f\x96\xf2!\x00\x00J\x00\x0f\x98\
N\xf4\x00\x00\x8cD\x0f\x99+e\x00\x00\x9e\xab\x0f\x9e\
H$\x00\x00\x9b\xd0\x0f\xa13H\x00\x00-N\x0f\xad\
N]\x00\x00\x9dH\x0f\xc0w!\x00\x00\x05\x00\x0f\xc9\
X\x97\x00\x00G\xe1\x0f\xc9X\x97\x00\x00\x85\xc0\x0f\xcc\
\xa8\xc4\x00\x00\x1a|\x0f\xd4\x9eI\x00\x00\x8e\xe1\x0f\xd5\
U\xb3\x00\x00q\x15\x0f\xef/\xd4\x00\x00^6\x0f\xf4\
\xee^\x00\x00+\xd3\x0f\xf5]#\x00\x00\xa1Ai\x00\
\x00\xb1\x97\x03\x00\x00\x00\x0e\xbc\x84\xc8\x04\x00 \xc5\xc5\
\xb3p\xc7t\xd2\xb8\x08\x00\x00\x00\x00\x06\x00\x00\x00\x0e\
Version Update\x07\x00\
\x00\x00\x08@default\x01\x03\x00\x00\x00\
H\x00{\x00k\x00e\x00y\x00}\x00 \xc7@\x00\
(\xb2\x94\x00)\x00 \xc7 \xd6\xa8\xd5X\xc9\xc0\x00\
 \xc5J\xc2\xb5\xb2\xc8\xb2\xe4\x00.\x00 \xb2\xe8\xcd\
\x95\xd0\xa4\x00 \xc1$\xc8\x15\xc7D\x00 \xd6U\xc7\
x\xd5X\xc18\xc6\x94\x00!\x08\x00\x00\x00\x00\x06\x00\
\x00\x001{key} is inva\
lid, please chec\
k the hotkey con\
fig!\x07\x00\x00\x00\x08@defaul\
t\x01\x03\x00\x00\x00\x0a\xbc\xa0\xd0\xc0\x00 \xbc\x84\xc8\
\x04\x08\x00\x00\x00\x00\x06\x00\x00\x00\x0cBeta \
Version\x07\x00\x00\x00\x08Abou\
tTab\x01\x03\x00\x00\x00P\xb2\xe4\xc6\xb4\xad\xf8\
\xb8\x08\xc7t\xb4\xdc\x00 \xc11\xac\xf5\x00 \x00{\
\x00f\x00r\x00o\x00m\x00_\x00v\x00e\x00r\
\x00s\x00i\x00o\x00n\x00}\x00 \x00-\x00>\
\x00 \x00{\x00t\x00o\x00_\x00v\x00e\x00r\
\x00s\x00i\x00o\x00n\x00}\x08\x00\x00\x00\x00\x06\
\x00\x00\x000Downgrade su\
ccess {from_vers\
ion} -> {to_vers\
ion}\x07\x00\x00\x00\x08AboutTa\
b\x01\x03\x00\x00\x00\x16\xb5\x14\xbc\x84\xad\xf8\x00 \xbc\
\x84\xc8\x04\x00 \xb2\xe4\xc6\xb4\xb8\x5c\xb4\xdc\x08\x00\x00\
\x00\x00\x06\x00\x00\x00\x0eDownload \
Debug\x07\x00\x00\x00\x08AboutT\
ab\x01\x03\x00\x00\x00\x12\xb2\xe4\xc6\xb4\xb8\x5c\xb4\xdc\
\x00 \xc6$\xb9X\x00:\x00 \x08\x00\x00\x00\x00\x06\
\x00\x00\x00\x0fDownload Err\
or:\x07\x00\x00\x00\x08AboutTab\
\x01\x03\x00\x00\x00\x16\xb9\xb4\xb9\xac\xc2\xa4\x00 \xbc\x84\
\xc8\x04\x00 \xb2\xe4\xc6\xb4\xb8\x5c\xb4\xdc\x08\x00\x00\x00\
\x00\x06\x00\x00\x00\x10Download R\
elease\x07\x00\x00\x00\x08About\
Tab\x01\x03\x00\x00\x00\x0e\xad\x00\xb8(\x00 \xd5\
\x04\xb8\x5c\xc8\x1d\xd2\xb8\x08\x00\x00\x00\x00\x06\x00\x00\x00\
\x0eOther Projects\x07\
\x00\x00\x00\x08AboutTab\x01\x03\x00\x00\
\x00\x0a\xc5H\xc8\x15\x00 \xbc\x84\xc8\x04\x08\x00\x00\x00\
\x00\x06\x00\x00\x00\x0eStable Ver\
sion\x07\x00\x00\x00\x08AboutTa\
b\x01\x03\x00\x00\x00L\xc5\xc5\xb3p\xc7t\xd2\xb8\x00\
 \xc11\xac\xf5\x00 \x00{\x00f\x00r\x00o\x00\
m\x00_\x00v\x00e\x00r\x00s\x00i\x00o\x00\
n\x00}\x00 \x00-\x00>\x00 \x00{\x00t\x00\
o\x00_\x00v\x00e\x00r\x00s\x00i\x00o\x00\
n\x00}\x08\x00\x00\x00\x00\x06\x00\x00\x00-Upd\
ate success {fro\
m_version} -> {t\
o_version}\x07\x00\x00\x00\x08A\
boutTab\x01\x03\x00\x00\x00Z\xac\x8c\xc7\
\x84\x00 \x00I\x00D\x00(\xc6\x08\x00:\x00 \x00\
1\x000\x002\x006\x003\x000\x006\x001\x00\
2\x003\x004\x005\x00)\xb2\x94\x00 \xc7t\x00\
 \xac\xc4\xc8\x15\xc5\xd0\x00 \xad\xc0\xc1\x8d\xb4\x18\xc5\
\xb4\x00 \xbc\xc0\xac\xbd\xd5`\x00 \xc2\x18\x00 \xc5\
\xc6\xc2\xb5\xb2\xc8\xb2\xe4\x08\x00\x00\x00\x00\x06\x00\x00\x00\
L\xe4\xbd\xa0\xe7\x9a\x84\xe6\xb8\xb8\xe6\x88\x8f\xe7\xbc\x96\
\xe5\x8f\xb7, \xe5\xa6\x8210263061\
2345, \xe5\xb0\x86\xe4\xbc\x9a\xe7\xbb\x91\xe5\
\xae\x9a\xe6\xad\xa4\xe8\xb4\xa6\xe5\x8f\xb7\xe4\xbd\xbf\xe7\x94\
\xa8\xe6\x97\xa0\xe6\xb3\x95\xe6\x9b\xb4\xe6\x94\xb9\x07\x00\x00\
\x00\x09ActWindow\x01\x03\x00\x00\x00\
\x06\xd6\x5c\xc11\xd6T\x08\x00\x00\x00\x00\x06\x00\x00\x00\
\x06\xe6\xbf\x80\xe6\xb4\xbb\x07\x00\x00\x00\x09ActW\
indow\x01\x03\x00\x00\x00\x0c\xd6\x5c\xc11\xd6\
T\x00 \xcfT\xb4\xdc\x08\x00\x00\x00\x00\x06\x00\x00\x00\
\x09\xe6\xbf\x80\xe6\xb4\xbb\xe7\xa0\x81\x07\x00\x00\x00\x09A\
ctWindow\x01\x03\x00\x00\x00\x06\xcc\xb4\
\xd5\xd8\xd3\x10\x08\x00\x00\x00\x00\x06\x00\x00\x00\x06\xe8\xaf\
\x95\xe7\x94\xa8\x07\x00\x00\x00\x09ActWind\
ow\x01\x03\x00\x00\x00\x1c\xac\x8c\xc7\x84\x00 \x00I\
\x00D\xb9|\x00 \xc7\x85\xb8%\xd5t\xc8\xfc\xc18\
\xc6\x94\x00!\x08\x00\x00\x00\x00\x06\x00\x00\x00\x16\xe8\xaf\
\xb7\xe8\xbe\x93\xe5\x85\xa5\xe6\xb8\xb8\xe6\x88\x8f\xe7\xbc\x96\
\xe5\x8f\xb7!\x07\x00\x00\x00\x09ActWind\
ow\x01\x03\x00\x00\x00\x1e\xd6\x5c\xc11\xd6T\x00 \
\xcfT\xb4\xdc\xb9|\x00 \xc7\x85\xb8%\xd5t\xc8\xfc\
\xc18\xc6\x94\x00!\x08\x00\x00\x00\x00\x06\x00\x00\x00\x13\
\xe8\xaf\xb7\xe8\xbe\x93\xe5\x85\xa5\xe6\xbf\x80\xe6\xb4\xbb\xe7\
\xa0\x81!\x07\x00\x00\x00\x09ActWindo\
w\x01\x03\x00\x00\x00\x12\xc1\x8c\xd5\x04\xd2\xb8\xc6\xe8\xc5\
\xb4\x00 \xd6\x5c\xc11\xd6T\x08\x00\x00\x00\x00\x06\x00\
\x00\x00\x0c\xe8\xbd\xaf\xe4\xbb\xb6\xe6\xbf\x80\xe6\xb4\xbb\x07\
\x00\x00\x00\x09ActWindow\x01\x03\x00\
\x00\x00\x0c\xc7x\xc9\x9d\x00 \xc2\xe4\xd3(\x00!\x08\
\x00\x00\x00\x00\x06\x00\x00\x00\x0d\xe9\xaa\x8c\xe8\xaf\x81\xe5\
\xa4\xb1\xe8\xb4\xa5!\x07\x00\x00\x00\x09ActWi\
ndow\x01\x03\x00\x00\x00\x0c\xc7x\xc9\x9d\x00 \
\xc11\xac\xf5\x00!\x08\x00\x00\x00\x00\x06\x00\x00\x00\x0d\
\xe9\xaa\x8c\xe8\xaf\x81\xe6\x88\x90\xe5\x8a\x9f!\x07\x00\x00\
\x00\x09ActWindow\x01\x03\x00\x00\x00\
\x04\xcd\x94\xac\x00\x08\x00\x00\x00\x00\x06\x00\x00\x00\x03A\
dd\x07\x00\x00\x00\x11AddTextMe\
ssageBox\x01\x03\x00\x00\x00\x04\xcd\xe8\
\xc1\x8c\x08\x00\x00\x00\x00\x06\x00\x00\x00\x06Canc\
el\x07\x00\x00\x00\x11AddTextMe\
ssageBox\x01\x03\x00\x00\x00\x04\xd6U\
\xc7x\x08\x00\x00\x00\x00\x06\x00\x00\x00\x07Conf\
irm\x07\x00\x00\x00\x11AddTextM\
essageBox\x01\x03\x00\x00\x00&\x00\
'\x00{\x00}\x00'\x00 \xc7D\x00(\xb9|\x00\
)\x00 \xc0\xad\xc8\x1c\xd5X\xc2\xdc\xac\xa0\xc2\xb5\xb2\
\xc8\xaeL\x00?\x08\x00\x00\x00\x00\x06\x00\x00\x00%A\
re you sure you \
want to delete '\
{}'?\x07\x00\x00\x00\x10Annotat\
ionCanvas\x01\x03\x00\x00\x00\x0a\xc0\
\xad\xc8\x1c\x00 \xd6U\xc7x\x08\x00\x00\x00\x00\x06\x00\
\x00\x00\x0eConfirm Delet\
e\x07\x00\x00\x00\x10Annotation\
Canvas\x01\x03\x00\x00\x00\x06\xc5\xb4\xb4a\
\xac\x8c\x08\x00\x00\x00\x00\x06\x00\x00\x00\x04Dark\
\x07\x00\x00\x00\x0fAppConfigWi\
dget\x01\x03\x00\x00\x00\x04\xbc\x1d\xac\x8c\x08\x00\
\x00\x00\x00\x06\x00\x00\x00\x05Light\x07\x00\x00\
\x00\x0fAppConfigWidge\
t\x01\x03\x00\x00\x00\x04\xd1L\xb9\xc8\x08\x00\x00\x00\x00\
\x06\x00\x00\x00\x05Theme\x07\x00\x00\x00\x0fA\
ppConfigWidget\x01\x03\
\x00\x00\x00\x1e\x00'\x00{\x00}\x00'\x00 \xc5\xd0\
\x00 \xc7t\xbb\xf8\x00 \xc8t\xc7\xac\xd5i\xb2\xc8\
\xb2\xe4\x08\x00\x00\x00\x00\x06\x00\x00\x00\x16Alre\
ady exists in '{\
}'\x07\x00\x00\x00\x0aBBoxDialo\
g\x01\x03\x00\x00\x00\x0c\xbc\x14\xc6\xb4\xb5)\x00 \xbc\
\x15\xc2\xa4\x08\x00\x00\x00\x00\x06\x00\x00\x00\x0cBou\
nding Box\x07\x00\x00\x00\x0aBB\
oxDialog\x01\x03\x00\x00\x00\x04\xcd\xe8\
\xc1\x8c\x08\x00\x00\x00\x00\x06\x00\x00\x00\x06Canc\
el\x07\x00\x00\x00\x0aBBoxDialo\
g\x01\x03\x00\x00\x00\x0e\xcet\xd1L\xac\xe0\xb9\xac\x00\
 \xc7t\xb9\x84\x08\x00\x00\x00\x00\x06\x00\x00\x00\x0dC\
ategory name\x07\x00\x00\x00\
\x0aBBoxDialog\x01\x03\x00\x00\x00\
\x0a\xcet\xd1L\xac\xe0\xb9\xac\x00:\x08\x00\x00\x00\x00\
\x06\x00\x00\x00\x09Category:\x07\x00\
\x00\x00\x0aBBoxDialog\x01\x03\x00\
\x00\x00\x06\xb1\x92\xc7t\x00:\x08\x00\x00\x00\x00\x06\x00\
\x00\x00\x07Height:\x07\x00\x00\x00\x0aB\
BoxDialog\x01\x03\x00\x00\x00\x12\xc7\
t\xb9\x84\xc7@\x00 \xd5D\xc2\x18\xc7\x85\xb2\xc8\xb2\
\xe4\x08\x00\x00\x00\x00\x06\x00\x00\x00\x0dName \
required\x07\x00\x00\x00\x0aBBo\
xDialog\x01\x03\x00\x00\x00\x04\xd6U\xc7\
x\x08\x00\x00\x00\x00\x06\x00\x00\x00\x02OK\x07\x00\x00\
\x00\x0aBBoxDialog\x01\x03\x00\x00\
\x00\x06\xb1\x08\xbeD\x00:\x08\x00\x00\x00\x00\x06\x00\x00\
\x00\x06Width:\x07\x00\x00\x00\x0aBBo\
xDialog\x01\x03\x00\x00\x00\x1c\xc2\xdc\xc7\
\x91\x00 \xbaT\xb2t\xc5\xd0\x00 \xbc\x14\xb8\x5c\xac\
\x00\xae0\x00 \xcd\x94\xac\x00\x08\x00\x00\x00\x00\x06\x00\
\x00\x00\x17Add Start Men\
u Shortcut\x07\x00\x00\x00\x0aC\
onfigCard\x01\x03\x00\x00\x00\x0c\xc1\
$\xc8\x15\x00 \xcd\x08\xae0\xd6T\x08\x00\x00\x00\x00\
\x06\x00\x00\x00\x0cReset Confi\
g\x07\x00\x00\x00\x0aConfigCard\
\x01\x03\x00\x00\x00\x04\xcd\xe8\xc1\x8c\x08\x00\x00\x00\x00\x06\
\x00\x00\x00\x06Cancel\x07\x00\x00\x00\x0eC\
opyTaskDialog\x01\x03\x00\
\x00\x00\x04\xd6U\xc7x\x08\x00\x00\x00\x00\x06\x00\x00\x00\
\x07Confirm\x07\x00\x00\x00\x0eCop\
yTaskDialog\x01\x03\x00\x00\x00\
\x0a\xc7\x91\xc5\xc5\x00 \xbc\xf5\xc0\xac\x08\x00\x00\x00\x00\
\x06\x00\x00\x00\x09Copy Task\x07\x00\
\x00\x00\x0eCopyTaskDialo\
g\x01\x03\x00\x00\x00\x18\xbc\xf5\xc0\xac\xd5`\x00 \xc7\
\x91\xc5\xc5\x00 \xc1 \xd0\xdd\x00.\x00.\x00.\x08\
\x00\x00\x00\x00\x06\x00\x00\x00\x16Select \
task to copy...\x07\
\x00\x00\x00\x0eCopyTaskDial\
og\x01\x03\x00\x00\x00\x16\x00(\x000\x00 \x00=\
\x00 \xbeD\xd6\x5c\xc11\xd6T\xb4(\x00)\x08\x00\
\x00\x00\x00\x06\x00\x00\x00\x0e(0 = dis\
abled)\x07\x00\x00\x00\x18Creat\
eScheduleTaskDia\
log\x01\x03\x00\x00\x00\x08\x002\x004\xc2\xdc\xac\
\x04\x08\x00\x00\x00\x00\x06\x00\x00\x00\x0324h\x07\x00\
\x00\x00\x18CreateSchedul\
eTaskDialog\x01\x03\x00\x00\x00\
$\xc7\x91\xc5\xc5\x00 \xc6D\xb8\xcc\x00 \xd6\xc4\x00\
 \xc7\x90\xb3\xd9\x00 \xc8\x85\xb8\xcc\x00 \x00(\x00\
-\x00e\x00)\x08\x00\x00\x00\x00\x06\x00\x00\x00\x1eA\
uto exit after t\
ask done (-e)\x07\x00\x00\
\x00\x18CreateSchedule\
TaskDialog\x01\x03\x00\x00\x00\x04\
\xcd\xe8\xc1\x8c\x08\x00\x00\x00\x00\x06\x00\x00\x00\x06Ca\
ncel\x07\x00\x00\x00\x18CreateS\
cheduleTaskDialo\
g\x01\x03\x00\x00\x00\x04\xc0\xdd\xc11\x08\x00\x00\x00\x00\
\x06\x00\x00\x00\x06Create\x07\x00\x00\x00\x18\
CreateScheduleTa\
skDialog\x01\x03\x00\x00\x00\x10\xc6\x08\
\xc5}\x00 \xc7\x91\xc5\xc5\x00 \xc0\xdd\xc11\x08\x00\
\x00\x00\x00\x06\x00\x00\x00\x14Create S\
chedule Task\x07\x00\x00\x00\
\x18CreateScheduleT\
askDialog\x01\x03\x00\x00\x00\x0c\xc0\
\xac\xc6\xa9\xc7\x90\x00 \xc8\x15\xc7X\x08\x00\x00\x00\x00\
\x06\x00\x00\x00\x06Custom\x07\x00\x00\x00\x18\
CreateScheduleTa\
skDialog\x01\x03\x00\x00\x00\x12\xc0\xac\
\xc6\xa9\xc7\x90\x00 \xc8\x15\xc7X\x00 \xac\x04\xac\xa9\
\x08\x00\x00\x00\x00\x06\x00\x00\x00\x0fCustom\
 Interval\x07\x00\x00\x00\x18Cr\
eateScheduleTask\
Dialog\x01\x03\x00\x00\x00\x04\xb9\xe4\xc7|\
\x08\x00\x00\x00\x00\x06\x00\x00\x00\x05Daily\x07\
\x00\x00\x00\x18CreateSchedu\
leTaskDialog\x01\x03\x00\x00\
\x00\x02\xc7|\x08\x00\x00\x00\x00\x06\x00\x00\x00\x04Da\
ys\x07\x00\x00\x00\x18CreateSch\
eduleTaskDialog\x01\
\x03\x00\x00\x00\x04\xc2\xdc\xac\x04\x08\x00\x00\x00\x00\x06\x00\
\x00\x00\x04Hour\x07\x00\x00\x00\x18Crea\
teScheduleTaskDi\
alog\x01\x03\x00\x00\x00\x04\xc2\xdc\xac\x04\x08\x00\
\x00\x00\x00\x06\x00\x00\x00\x05Hours\x07\x00\x00\
\x00\x18CreateSchedule\
TaskDialog\x01\x03\x00\x00\x00\x02\
\xbd\x84\x08\x00\x00\x00\x00\x06\x00\x00\x00\x06Minu\
te\x07\x00\x00\x00\x18CreateSch\
eduleTaskDialog\x01\
\x03\x00\x00\x00\x04\xb9\xe4\xc6\xd4\x08\x00\x00\x00\x00\x06\x00\
\x00\x00\x07Monthly\x07\x00\x00\x00\x18C\
reateScheduleTas\
kDialog\x01\x03\x00\x00\x00\x18\xc0\xac\xc6\
\xa9\x00 \xac\x00\xb2\xa5\xd5\x5c\x00 \xc7\x91\xc5\xc5\x00\
 \xc5\xc6\xc7L\x08\x00\x00\x00\x00\x06\x00\x00\x00\x12N\
o tasks availabl\
e\x07\x00\x00\x00\x18CreateSche\
duleTaskDialog\x01\x03\
\x00\x00\x00\x06\xd5\x5c\x00 \xbc\x88\x08\x00\x00\x00\x00\x06\
\x00\x00\x00\x04Once\x07\x00\x00\x00\x18Cre\
ateScheduleTaskD\
ialog\x01\x03\x00\x00\x00\x0a\xc7\x91\xc5\xc5\x00\
 \xc1 \xd0\xdd\x08\x00\x00\x00\x00\x06\x00\x00\x00\x0bS\
elect Task\x07\x00\x00\x00\x18C\
reateScheduleTas\
kDialog\x01\x03\x00\x00\x00\x0a\xc2\xdc\xc7\
\x91\x00 \xc2\xdc\xac\x04\x08\x00\x00\x00\x00\x06\x00\x00\x00\
\x0aStart Time\x07\x00\x00\x00\x18\
CreateScheduleTa\
skDialog\x01\x03\x00\x00\x00\x0a\xc2\xdc\
\xc7\x91\x00 \xc65\xc1X\x08\x00\x00\x00\x00\x06\x00\x00\
\x00\x0fStartup Option\
s\x07\x00\x00\x00\x18CreateSche\
duleTaskDialog\x01\x03\
\x00\x00\x00\x0a\xc2\xdc\xac\x04\x00 \xcd\x08\xac\xfc\x08\x00\
\x00\x00\x00\x06\x00\x00\x00\x07Timeout\x07\
\x00\x00\x00\x18CreateSchedu\
leTaskDialog\x01\x03\x00\x00\
\x00\x0c\xd2\xb8\xb9\xac\xacp\x00 \xc7 \xd6\x15\x08\x00\
\x00\x00\x00\x06\x00\x00\x00\x0cTrigger \
Type\x07\x00\x00\x00\x18CreateS\
cheduleTaskDialo\
g\x01\x03\x00\x00\x00\x04\xb9\xe4\xc8\xfc\x08\x00\x00\x00\x00\
\x06\x00\x00\x00\x06Weekly\x07\x00\x00\x00\x18\
CreateScheduleTa\
skDialog\x01\x03\x00\x00\x00\x18\xc2\xdc\
\xac\x04\x00 \x00(\x000\x00 \x00=\x00 \xbb4\
\xc8\x1c\xd5\x5c\x00)\x08\x00\x00\x00\x00\x06\x00\x00\x00\x15\
hours (0 = unlim\
ited)\x07\x00\x00\x00\x18Create\
ScheduleTaskDial\
og\x01\x03\x00\x00\x00\x04\xcd\xe8\xc1\x8c\x08\x00\x00\x00\
\x00\x06\x00\x00\x00\x06Cancel\x07\x00\x00\x00\
\x10CreateTaskDialo\
g\x01\x03\x00\x00\x00\x18\xd0t\xb7\x98\xc2\xa4\x00 \xc7\
t\xb9\x84\x00 \x00(\xc6\x01\xc5\xb4\xb9\xcc\x00)\x08\
\x00\x00\x00\x00\x06\x00\x00\x00\x19Class N\
ame (English onl\
y)\x07\x00\x00\x00\x10CreateTas\
kDialog\x01\x03\x00\x00\x00\x04\xd6U\xc7\
x\x08\x00\x00\x00\x00\x06\x00\x00\x00\x07Confi\
rm\x07\x00\x00\x00\x10CreateTas\
kDialog\x01\x03\x00\x00\x00\x0a\xc7\x91\xc5\
\xc5\x00 \xc0\xdd\xc11\x08\x00\x00\x00\x00\x06\x00\x00\x00\
\x0bCreate Task\x07\x00\x00\x00\
\x10CreateTaskDialo\
g\x01\x03\x00\x00\x00\x0e\xc1$\xba\x85\x00 \x00(\xc1\
 \xd0\xdd\x00)\x08\x00\x00\x00\x00\x06\x00\x00\x00\x16D\
escription (Opti\
onal)\x07\x00\x00\x00\x10Create\
TaskDialog\x01\x03\x00\x00\x00\x0a\
\xc7\x91\xc5\xc5\x00 \xc7t\xb9\x84\x08\x00\x00\x00\x00\x06\
\x00\x00\x00\x09Task Name\x07\x00\x00\
\x00\x10CreateTaskDial\
og\x01\x03\x00\x00\x00\x04\xd68\xcd\x9c\x08\x00\x00\x00\
\x00\x06\x00\x00\x00\x04Call\x07\x00\x00\x00\x08D\
ebugTab\x01\x03\x00\x00\x00\x0e\xc2\xa4\xd0\
l\xb9\xb0\xc0\xf7\x00 \xce\xa1\xcc\x98\x08\x00\x00\x00\x00\
\x06\x00\x00\x00\x12Capture Scr\
eenshot\x07\x00\x00\x00\x08Debu\
gTab\x01\x03\x00\x00\x00\x0a\xce\xa1\xcc\x98\x00 \
\xc11\xac\xf5\x08\x00\x00\x00\x00\x06\x00\x00\x00\x0fCa\
pture Success\x07\x00\x00\
\x00\x08DebugTab\x01\x03\x00\x00\x00\x10\
\xce\xa1\xcc\x98\xac\x00\x00 \xbeD\xc5\xb4\xc7\x88\xc7L\
\x08\x00\x00\x00\x00\x06\x00\x00\x00\x15Captur\
e returned None\x07\
\x00\x00\x00\x08DebugTab\x01\x03\x00\x00\
\x00\x16\x00i\x001\x008\x00n\x00 \xd3\x0c\xc7|\
\x00 \xce\xf4\xd3\x0c\xc7|\x08\x00\x00\x00\x00\x06\x00\x00\
\x00\x12Convert i18n f\
iles\x07\x00\x00\x00\x08DebugTa\
b\x01\x03\x00\x00\x00\x14\x00T\x00a\x00s\x00k\x00\
 \xd5h\xc2\x18\x00 \xd68\xcd\x9c\x08\x00\x00\x00\x00\
\x06\x00\x00\x00\x13Debug Task \
Function\x07\x00\x00\x00\x08Deb\
ugTab\x01\x03\x00\x00\x00\x0c\xb5\x14\xbc\x84\xad\
\xf8\x00 \xb3\xc4\xadl\x08\x00\x00\x00\x00\x06\x00\x00\x00\
\x0aDebug Tool\x07\x00\x00\x00\x08\
DebugTab\x01\x03\x00\x00\x00\x1a\xc2\xa4\
\xd0l\xb9\xb0\xc0\xf7\x00 \xc1 \xd0\xdd\x00 \xb6\x10\
\xb2\x94\x00 \xb4\xdc\xb8m\x08\x00\x00\x00\x00\x06\x00\x00\
\x00\x19Drop or Select\
 Screenshot\x07\x00\x00\x00\x08\
DebugTab\x01\x03\x00\x00\x00,\xc2\xa4\
\xb8\x08\xb4\xdc\x00 \xb3d\xd5\x04\x00(\xb2\xe8\xcd\x95\
\xd0\xa4\x00:\x00C\x00t\x00r\x00l\x00+\x00A\
\x00l\x00t\x00+\x00D\x00)\x08\x00\x00\x00\x00\x06\
\x00\x00\x00\x1fDump Threads\
(HotKey:Ctrl+Alt\
+D)\x07\x00\x00\x00\x08DebugTab\
\x01\x03\x00\x00\x00\x14\x00i\x001\x008\x00n\x00 \
\xd3\x0c\xc7|\x00 \xc0\xdd\xc11\x08\x00\x00\x00\x00\x06\
\x00\x00\x00\x13Generate i18\
n files\x07\x00\x00\x00\x08Debu\
gTab\x01\x03\x00\x00\x000\xce\xa1\xcc\x98\x00 \
\xbc)\xc2\xdd\xc7D\x00 \xc0\xac\xc6\xa9\xd5`\x00 \
\xc2\x18\x00 \xc5\xc6\xacp\xb0\x98\x00 \xc1 \xd0\xdd\
\xb4\x18\xc9\xc0\x00 \xc5J\xc7L\x08\x00\x00\x00\x00\x06\
\x00\x00\x00 No Capture A\
vailable or Sele\
cted\x07\x00\x00\x00\x08DebugTa\
b\x01\x03\x00\x00\x00\x18\x00O\x00C\x00R\xc7t\x00\
 \xadl\xc11\xb4\x18\xc9\xc0\x00 \xc5J\xc7L\x08\
\x00\x00\x00\x00\x06\x00\x00\x00\x11No OCR \
configured\x07\x00\x00\x00\x08D\
ebugTab\x01\x03\x00\x00\x000\xc1\x8d\xc1\
1\x00 \xb6\x10\xb2\x94\x00 \xd5h\xc2\x18\x00 \xc5\
\xc6\xc7L\x00:\x00 \x00{\x00f\x00u\x00n\x00\
c\x00_\x00n\x00a\x00m\x00e\x00}\x08\x00\x00\
\x00\x00\x06\x00\x00\x00\x19No such a\
ttr: {func_name}\
\x07\x00\x00\x00\x08DebugTab\x01\x03\x00\
\x00\x00&\x00O\x00C\x00R\x00 \xd68\xcd\x9c\x00\
 \xc11\xac\xf5\x00:\x00 \x00{\x00r\x00e\x00\
s\x00u\x00l\x00t\x00}\x08\x00\x00\x00\x00\x06\x00\
\x00\x00\x15OCR success: \
{result}\x07\x00\x00\x00\x08Deb\
ugTab\x01\x03\x00\x00\x00\x10\xb8\x5c\xad\xf8\x00\
 \xd3\xf4\xb3T\x00 \xc5\xf4\xae0\x08\x00\x00\x00\x00\
\x06\x00\x00\x00\x09Open Logs\x07\x00\
\x00\x00\x08DebugTab\x01\x03\x00\x00\x00\
\x0e\xc2\xa4\xd0l\xb9\xb0\xc0\xf7\x00 \xc1 \xd0\xdd\x08\
\x00\x00\x00\x00\x06\x00\x00\x00\x12Select \
Screenshots\x07\x00\x00\x00\x08\
DebugTab\x01\x03\x00\x00\x00\x16\xd5h\
\xc2\x18\x00 \xb6\x10\xb2\x94\x00 \xc1\x8d\xc11\x00 \
\xc7\x85\xb8%\x08\x00\x00\x00\x00\x06\x00\x00\x00\x1bTy\
pe a function or\
 property\x07\x00\x00\x00\x08De\
bugTab\x01\x03\x00\x00\x00\x1e\xd68\xcd\x9c\
\x00 \xc11\xac\xf5\x00:\x00 \x00{\x00r\x00e\
\x00s\x00u\x00l\x00t\x00}\x08\x00\x00\x00\x00\x06\
\x00\x00\x00\x16call success\
: {result}\x07\x00\x00\x00\x08D\
ebugTab\x01\x03\x00\x00\x00\x1c\x00{\x00\
n\x00u\x00m\x00}\xac\x1c\x00 \xc7t\xbb\xf8\xc9\
\xc0\x00 \xc1 \xd0\xdd\xb4(\x08\x00\x00\x00\x00\x06\x00\
\x00\x00\x15{num} images \
selected\x07\x00\x00\x00\x08Deb\
ugTab\x01\x03\x00\x00\x00\x06\x00A\x00D\x00\
B\x08\x00\x00\x00\x00\x06\x00\x00\x00\x03ADB\x07\x00\
\x00\x00\x0bEditTaskTab\x01\x03\
\x00\x00\x00\x1c\x00{\x00}\x00 \xb9|\x00 \xc0\xad\
\xc8\x1c\xd5X\xc2\xdc\xac\xa0\xc2\xb5\xb2\xc8\xaeL\x00?\
\x08\x00\x00\x00\x00\x06\x00\x00\x00#Are yo\
u sure you want \
to delete {}?\x07\x00\x00\
\x00\x0bEditTaskTab\x01\x03\x00\
\x00\x00\x04\xbc\x15\xc2\xa4\x08\x00\x00\x00\x00\x06\x00\x00\x00\
\x03Box\x07\x00\x00\x00\x0bEditTas\
kTab\x01\x03\x00\x00\x00\x04\xcd\xe8\xc1\x8c\x08\x00\
\x00\x00\x00\x06\x00\x00\x00\x06Cancel\x07\x00\
\x00\x00\x0bEditTaskTab\x01\x03\
\x00\x00\x00\x0c\xc7\x91\xc5\xc5\x00 \xc1 \xd0\xdd\x00:\
\x08\x00\x00\x00\x00\x06\x00\x00\x00\x0cChoose\
 Task:\x07\x00\x00\x00\x0bEditT\
askTab\x01\x03\x00\x00\x00\x0a\xc0\xad\xc8\x1c\
\x00 \xd6U\xc7x\x08\x00\x00\x00\x00\x06\x00\x00\x00\x0e\
Confirm Delete\x07\x00\
\x00\x00\x0bEditTaskTab\x01\x03\
\x00\x00\x00\x04\xc8\x1c\xc5\xb4\x08\x00\x00\x00\x00\x06\x00\x00\
\x00\x07Control\x07\x00\x00\x00\x0bEd\
itTaskTab\x01\x03\x00\x00\x00\x0a\xc7\
\x91\xc5\xc5\x00 \xbc\xf5\xc0\xac\x08\x00\x00\x00\x00\x06\x00\
\x00\x00\x09Copy Task\x07\x00\x00\x00\
\x0bEditTaskTab\x01\x03\x00\x00\
\x00*\x00{\x00}\x00 \xc7X\x00 \xc1\x8c\xc2\xa4\
\x00 \xd3\x0c\xc7|\xc7D\x00 \xcc>\xc7D\x00 \
\xc2\x18\x00 \xc5\xc6\xc2\xb5\xb2\xc8\xb2\xe4\x08\x00\x00\x00\
\x00\x06\x00\x00\x00!Could not \
find source file\
 for {}\x07\x00\x00\x00\x0bEdit\
TaskTab\x01\x03\x00\x00\x00\x0e\xc0\xc8\x00\
 \xc7\x91\xc5\xc5\x00 \xc0\xdd\xc11\x08\x00\x00\x00\x00\
\x06\x00\x00\x00\x0fCreate New \
Task\x07\x00\x00\x00\x0bEditTas\
kTab\x01\x03\x00\x00\x00\x0a\xc7\x91\xc5\xc5\x00 \
\xc0\xdd\xc11\x08\x00\x00\x00\x00\x06\x00\x00\x00\x0bCr\
eate Task\x07\x00\x00\x00\x0bEd\
itTaskTab\x01\x03\x00\x00\x00\x0a\xc7\
\x91\xc5\xc5\x00 \xc0\xad\xc8\x1c\x08\x00\x00\x00\x00\x06\x00\
\x00\x00\x0bDelete Task\x07\x00\
\x00\x00\x0bEditTaskTab\x01\x03\
\x00\x00\x00\x14\xc2\xa4\xd0l\xb9\xbd\xd2\xb8\x00 \xd4\x5c\
\xc2\xdc\x00 \xc7t\xb9\x84\x08\x00\x00\x00\x00\x06\x00\x00\
\x00\x1bDisplay name f\
or the script\x07\x00\x00\
\x00\x0bEditTaskTab\x01\x03\x00\
\x00\x00(\xc6\x01\xc5\xb4\x00,\x00 \xc2+\xc7\x90\x00\
 \xbc\x0f\x00 \xc7 \xd6\xa8\xd5\x5c\x00 \xd3\x0c\xc7\
|\xba\x85\x00 \xbb8\xc7\x90\xb9\xcc\x08\x00\x00\x00\x00\
\x06\x00\x00\x00.English, nu\
mbers and valid \
filename chars o\
nly\x07\x00\x00\x00\x0bEditTask\
Tab\x01\x03\x00\x00\x00\x08\xb0\xb4\xbc\xf4\xb0\xb4\xae\
0\x08\x00\x00\x00\x00\x06\x00\x00\x00\x06Expor\
t\x07\x00\x00\x00\x0bEditTaskTa\
b\x01\x03\x00\x00\x00\x12\xc2\xa4\xd0l\xb9\xbd\xd2\xb8\x00\
 \xb0\xb4\xbc\xf4\xb0\xb4\xae0\x08\x00\x00\x00\x00\x06\x00\
\x00\x00\x0dExport Script\
\x07\x00\x00\x00\x0bEditTaskTab\
\x01\x03\x00\x00\x00\x0e\xb0\xb4\xbc\xf4\xb0\xb4\xae0\x00 \
\xc2\xe4\xd3(\x08\x00\x00\x00\x00\x06\x00\x00\x00\x0dEx\
port failed\x07\x00\x00\x00\x0b\
EditTaskTab\x01\x03\x00\x00\x00\
\x1e\xc1\x8c\xc2\xa4\x00 \xd3\x0c\xc7|\x00 \xc7}\xae\
0\x00 \xc2\xe4\xd3(\x00:\x00 \x00{\x00}\x08\
\x00\x00\x00\x00\x06\x00\x00\x00\x1eFailed \
to read source f\
ile: {}\x07\x00\x00\x00\x0bEdit\
TaskTab\x01\x03\x00\x00\x00\x0a\xc8\x00\xc7\
\xa5\x00 \xc2\xe4\xd3(\x08\x00\x00\x00\x00\x06\x00\x00\x00\
\x0eFailed to save\x07\
\x00\x00\x00\x0bEditTaskTab\x01\
\x03\x00\x00\x00\x04\xd3\x0c\xc7|\x08\x00\x00\x00\x00\x06\x00\
\x00\x00\x04File\x07\x00\x00\x00\x0bEdit\
TaskTab\x01\x03\x00\x00\x00\x18\xd3\x0c\xc7\
|\xc7t\x00 \xc6x\xbd\x80\xc5\xd0\xc1\x1c\x00 \xbc\
\xc0\xac\xbd\xb4(\x08\x00\x00\x00\x00\x06\x00\x00\x00\x17F\
ile Changed Exte\
rnally\x07\x00\x00\x00\x0bEditT\
askTab\x01\x03\x00\x00\x00\x0c\xd3\x0c\xc7|\
\x00 \xc7t\xb9\x84\x00:\x08\x00\x00\x00\x00\x06\x00\x00\
\x00\x0aFile Name:\x07\x00\x00\x00\
\x0bEditTaskTab\x01\x03\x00\x00\
\x00\x06\xac\x00\xc7t\xb4\xdc\x08\x00\x00\x00\x00\x06\x00\x00\
\x00\x05Guide\x07\x00\x00\x00\x0bEdit\
TaskTab\x01\x03\x00\x00\x00\x12\xc2\xa4\xd0\
l\xb9\xbd\xd2\xb8\x00 \xac\x00\xc88\xc6$\xae0\x08\
\x00\x00\x00\x00\x06\x00\x00\x00\x0dImport \
Script\x07\x00\x00\x00\x0bEditT\
askTab\x01\x03\x00\x00\x00\x0e\xac\x00\xc88\
\xc6$\xae0\x00 \xc2\xe4\xd3(\x08\x00\x00\x00\x00\x06\
\x00\x00\x00\x0dImport faile\
d\x07\x00\x00\x00\x0bEditTaskTa\
b\x01\x03\x00\x00\x00<\xd0t\xb7\x98\xc2\xa4\x00 \xc7\
t\xb9\x84\xc7t\x00 \xc7 \xd6\xa8\xd5X\xc9\xc0\x00\
 \xc5J\xc2\xb5\xb2\xc8\xb2\xe4\x00.\x00 \xc6\x01\xbb\
8\xc7\x90\xb9\xcc\x00 \xc0\xac\xc6\xa9\xd5X\xc18\xc6\
\x94\x00.\x08\x00\x00\x00\x00\x06\x00\x00\x004Inv\
alid Class Name.\
 Must be English\
 characters only\
.\x07\x00\x00\x00\x0bEditTaskTa\
b\x01\x03\x00\x00\x00J\xc7\x98\xba\xbb\xb4\x1c\x00 \xd3\
\x0c\xc7|\x00 \xc7t\xb9\x84\xc7\x85\xb2\xc8\xb2\xe4\x00\
.\x00 \xc6\x01\xc5\xb4\x00,\x00 \xc2+\xc7\x90\x00\
,\x00 \xbc\x11\xc9\x04\x00,\x00 \xd5X\xc7t\xd5\
\x08\xb9\xcc\x00 \xc0\xac\xc6\xa9\xd5X\xc18\xc6\x94\x00\
.\x08\x00\x00\x00\x00\x06\x00\x00\x00KInval\
id file name. Us\
e English letter\
s, numbers, unde\
rscores, hyphens\
 only.\x07\x00\x00\x00\x0bEditT\
askTab\x01\x03\x00\x00\x00\x02\xd0\xa4\x08\x00\
\x00\x00\x00\x06\x00\x00\x00\x03Key\x07\x00\x00\x00\x0b\
EditTaskTab\x01\x03\x00\x00\x00\
\x04\xb8\x5c\xaeE\x08\x00\x00\x00\x00\x06\x00\x00\x00\x07L\
ogging\x07\x00\x00\x00\x0bEditT\
askTab\x01\x03\x00\x00\x00\x0a\xbb4\xd5\x5c\
\x00 \xbc\x18\xbc\xf5\x08\x00\x00\x00\x00\x06\x00\x00\x00\x0f\
Loop infinitely\x07\
\x00\x00\x00\x0bEditTaskTab\x01\
\x03\x00\x00\x00\x0a\x00x\xbc\x88\x00 \xbc\x18\xbc\xf5\x08\
\x00\x00\x00\x00\x06\x00\x00\x00\x0cLoop x \
times\x07\x00\x00\x00\x0bEditTa\
skTab\x01\x03\x00\x00\x00\x06\xb9\xc8\xc6\xb0\xc2\
\xa4\x08\x00\x00\x00\x00\x06\x00\x00\x00\x05Mouse\
\x07\x00\x00\x00\x0bEditTaskTab\
\x01\x03\x00\x00\x00\x0a\xbc\x18\xbc\xf5\x00 \xc5\xc6\xc7L\
\x08\x00\x00\x00\x00\x06\x00\x00\x00\x07No loo\
p\x07\x00\x00\x00\x0bEditTaskTa\
b\x01\x03\x00\x00\x00\x1a\xb0\xb4\xbc\xf4\xb0\xbc\x00 \xc7\
\x91\xc5\xc5\xc7t\x00 \xc5\xc6\xc2\xb5\xb2\xc8\xb2\xe4\x00\
.\x08\x00\x00\x00\x00\x06\x00\x00\x00\x13No ta\
sks to export.\x07\x00\
\x00\x00\x0bEditTaskTab\x01\x03\
\x00\x00\x00\x06\x00O\x00C\x00R\x08\x00\x00\x00\x00\x06\
\x00\x00\x00\x03OCR\x07\x00\x00\x00\x0bEdit\
TaskTab\x01\x03\x00\x00\x00\x04\xd6U\xc7\
x\x08\x00\x00\x00\x00\x06\x00\x00\x00\x02OK\x07\x00\x00\
\x00\x0bEditTaskTab\x01\x03\x00\
\x00\x00F\x00O\x00K\x00S\x00c\x00r\x00i\x00\
p\x00t\x00 \xd3\x0c\xc7|\x00 \x00(\x00*\x00\
.\x00o\x00k\x00s\x00c\x00r\x00i\x00p\x00\
t\x00)\x00;\x00;\xba\xa8\xb4\xe0\x00 \xd3\x0c\xc7\
|\x00 \x00(\x00*\x00)\x08\x00\x00\x00\x00\x06\x00\
\x00\x00*OKScript File\
s (*.okscript);;\
All Files (*)\x07\x00\x00\
\x00\x0bEditTaskTab\x01\x03\x00\
\x00\x00\x04\xae0\xd0\xc0\x08\x00\x00\x00\x00\x06\x00\x00\x00\
\x05Other\x07\x00\x00\x00\x0bEditT\
askTab\x01\x03\x00\x00\x00\x22\xcd\x5c\xc1\x8c\
\x00 \xd5X\xb0\x98\xc7X\x00 \xc7\x91\xc5\xc5\xc7D\
\x00 \xc1 \xd0\xdd\xd5X\xc18\xc6\x94\x00.\x08\x00\
\x00\x00\x00\x06\x00\x00\x00*Please s\
elect at least o\
ne task to expor\
t.\x07\x00\x00\x00\x0bEditTaskT\
ab\x01\x03\x00\x00\x00\x04\xb1y\xd6T\x08\x00\x00\x00\
\x00\x06\x00\x00\x00\x06Record\x07\x00\x00\x00\
\x0bEditTaskTab\x01\x03\x00\x00\
\x00F\xb1y\xd6T\xd5X\xbat\x00 \xd6\x04\xc7\xac\
\x00 \xc2\xa4\xd0l\xb9\xbd\xd2\xb8\x00 \xb8\x5c\xc9\xc1\
\xc7t\x00 \xb3n\xc5\xb4\xc5\x0c\xc6\xcc\xc9\xd1\xb2\xc8\
\xb2\xe4\x00.\x00 \xac\xc4\xc1\x8d\xd5X\xc2\xdc\xac\xa0\
\xc2\xb5\xb2\xc8\xaeL\x00?\x08\x00\x00\x00\x00\x06\x00\x00\
\x008Record will ov\
erride the curre\
nt script logic.\
 Continue?\x07\x00\x00\x00\x0bE\
ditTaskTab\x01\x03\x00\x00\x00H\
\xcc=\x00 \x00'\x00{\x00h\x00w\x00n\x00d\
\x00_\x00n\x00a\x00m\x00e\x00}\x00'\xc7t\
\x00(\xac\x00\x00)\x00 \xd6\x5c\xc11\xd6T\xb4\x18\
\xbat\x00 \xb1y\xd6T\xac\x00\x00 \xc2\xdc\xc7\x91\
\xb4)\xb2\xc8\xb2\xe4\x00.\x08\x00\x00\x00\x00\x06\x00\x00\
\x00>Recording will\
 start when wind\
ow '{hwnd_name}'\
 becomes active.\
\x07\x00\x00\x00\x0bEditTaskTab\
\x01\x03\x00\x00\x00\x04\xc2\xe4\xd5\x89\x08\x00\x00\x00\x00\x06\
\x00\x00\x00\x03Run\x07\x00\x00\x00\x0bEdit\
TaskTab\x01\x03\x00\x00\x00\x04\xc8\x00\xc7\
\xa5\x08\x00\x00\x00\x00\x06\x00\x00\x00\x04Save\x07\
\x00\x00\x00\x0bEditTaskTab\x01\
\x03\x00\x00\x00\x10\xbc\xc0\xac\xbd\x00 \xc0\xac\xd5m\x00\
 \xc8\x00\xc7\xa5\x08\x00\x00\x00\x00\x06\x00\x00\x00\x0cS\
ave Changes\x07\x00\x00\x00\x0b\
EditTaskTab\x01\x03\x00\x00\x00\
\x10\xc2\xa4\xd0l\xb9\xbd\xd2\xb8\x00 \xc7t\xb9\x84\x00\
:\x08\x00\x00\x00\x00\x06\x00\x00\x00\x0cScrip\
t Name:\x07\x00\x00\x00\x0bEdit\
TaskTab\x01\x03\x00\x00\x00:\xc2\xa4\xd0\
l\xb9\xbd\xd2\xb8\xac\x00\x00 \xb2\xe4\xc6\xb4\xb8\x5c\xb4\
\xdc\x00 \xd3\xf4\xb3T\xc5\xd0\x00 \xc11\xac\xf5\xc8\
\x01\xc7<\xb8\x5c\x00 \xb0\xb4\xbc\xf4\xb0\xb4\xc8L\xc2\
\xb5\xb2\xc8\xb2\xe4\x00.\x08\x00\x00\x00\x00\x06\x00\x00\x00\
1Script exported\
 successfully to\
 Downloads folde\
r.\x07\x00\x00\x00\x0bEditTaskT\
ab\x01\x03\x00\x00\x00\x1e\xc2\xa4\xd0l\xb9\xbd\xd2\xb8\
\x00 \xc7t\xb9\x84\xc7@\x00 \xd5D\xc2\x18\xc7\x85\
\xb2\xc8\xb2\xe4\x00.\x08\x00\x00\x00\x00\x06\x00\x00\x00\x18\
Script name is r\
equired.\x07\x00\x00\x00\x0bEdi\
tTaskTab\x01\x03\x00\x00\x00\x12\xd1\x5c\
\xd5\x0c\xb9\xbf\x00 \xac\x80\xc0\xc9\x00.\x00.\x00.\
\x08\x00\x00\x00\x00\x06\x00\x00\x00\x13Search\
 templates...\x07\x00\x00\
\x00\x0bEditTaskTab\x01\x03\x00\
\x00\x00\x14\xc2\xa4\xd0l\xb9\xbd\xd2\xb8\x00 \xd3\x0c\xc7\
|\x00 \xc1 \xd0\xdd\x08\x00\x00\x00\x00\x06\x00\x00\x00\
\x12Select Script F\
ile\x07\x00\x00\x00\x0bEditTask\
Tab\x01\x03\x00\x00\x00\x14\xb0\xb4\xbc\xf4\xb0\xbc\x00\
 \xc7\x91\xc5\xc5\x00 \xc1 \xd0\xdd\x00:\x08\x00\x00\
\x00\x00\x06\x00\x00\x00\x17Select ta\
sks to export:\x07\x00\
\x00\x00\x0bEditTaskTab\x01\x03\
\x00\x00\x00\x04\xc9\x11\xc9\xc0\x08\x00\x00\x00\x00\x06\x00\x00\
\x00\x04Stop\x07\x00\x00\x00\x0bEditT\
askTab\x01\x03\x00\x00\x00\x04\xc11\xac\xf5\
\x08\x00\x00\x00\x00\x06\x00\x00\x00\x07Succes\
s\x07\x00\x00\x00\x0bEditTaskTa\
b\x01\x03\x00\x00\x00\x1a\xc7\x91\xc5\xc5\x00 \xc7t\xb9\
\x84\xc7@\x00 \xd5D\xc2\x18\xc7\x85\xb2\xc8\xb2\xe4\x00\
.\x08\x00\x00\x00\x00\x06\x00\x00\x00\x16Task \
Name is required\
.\x07\x00\x00\x00\x0bEditTaskTa\
b\x01\x03\x00\x00\x00\x18\xc7\x91\xc5\xc5\xc7t\x00 \xbc\
\xf5\xc0\xac\xb4\x18\xc5\xc8\xc2\xb5\xb2\xc8\xb2\xe4\x00.\x08\
\x00\x00\x00\x00\x06\x00\x00\x00\x19Task co\
pied successfull\
y.\x07\x00\x00\x00\x0bEditTaskT\
ab\x01\x03\x00\x00\x00\x18\xc7\x91\xc5\xc5\xc7t\x00 \
\xc0\xdd\xc11\xb4\x18\xc5\xc8\xc2\xb5\xb2\xc8\xb2\xe4\x00.\
\x08\x00\x00\x00\x00\x06\x00\x00\x00\x1aTask c\
reated successfu\
lly.\x07\x00\x00\x00\x0bEditTas\
kTab\x01\x03\x00\x00\x00\x18\xc7\x91\xc5\xc5\xc7t\
\x00 \xc0\xad\xc8\x1c\xb4\x18\xc5\xc8\xc2\xb5\xb2\xc8\xb2\xe4\
\x00.\x08\x00\x00\x00\x00\x06\x00\x00\x00\x1aTask\
 deleted success\
fully.\x07\x00\x00\x00\x0bEditT\
askTab\x01\x03\x00\x00\x00 \xc7\x91\xc5\xc5\
\x00 \xd3\x0c\xc7|\xc7t\x00 \xc7t\xbb\xf8\x00 \
\xc8t\xc7\xac\xd5i\xb2\xc8\xb2\xe4\x00.\x08\x00\x00\x00\
\x00\x06\x00\x00\x00\x19Task file \
already exists.\x07\
\x00\x00\x00\x0bEditTaskTab\x01\
\x03\x00\x00\x00&\xc7\x91\xc5\xc5\xc7t\x00 \xc11\xac\
\xf5\xc8\x01\xc7<\xb8\x5c\x00 \xc7\xac\xadl\xc11\xb4\
\x18\xc5\xc8\xc2\xb5\xb2\xc8\xb2\xe4\x00.\x08\x00\x00\x00\x00\
\x06\x00\x00\x00\x1aTask rebuil\
t successfully.\x07\
\x00\x00\x00\x0bEditTaskTab\x01\
\x03\x00\x00\x00\x0c\xd1\x5c\xd5\x0c\xb9\xbf\x00 \xb9\xe4\xce\
m\x08\x00\x00\x00\x00\x06\x00\x00\x00\x11Templ\
ate Matching\x07\x00\x00\x00\
\x0bEditTaskTab\x01\x03\x00\x00\
\x00J\xd6\x04\xc7\xac\x00 \xc7\x91\xc5\xc5\xc5\xd0\x00 \
\xc8\x00\xc7\xa5\xb4\x18\xc9\xc0\x00 \xc5J\xc7@\x00 \
\xbc\xc0\xac\xbd\x00 \xc0\xac\xd5m\xc7t\x00 \xc7\x88\
\xc2\xb5\xb2\xc8\xb2\xe4\x00.\x00 \xc8\x00\xc7\xa5\xd5X\
\xc2\xdc\xac\xa0\xc2\xb5\xb2\xc8\xaeL\x00?\x08\x00\x00\x00\
\x00\x06\x00\x00\x00?The curren\
t task has unsav\
ed changes. Do y\
ou want to save \
them?\x07\x00\x00\x00\x0bEditTa\
skTab\x01\x03\x00\x00\x00T\xd3\x0c\xc7|\xc7\
t\x00 \xc6x\xbd\x80\xc5\xd0\xc1\x1c\x00 \xc2\x18\xc8\
\x15\xb4\x18\xc5\xc8\xc2\xb5\xb2\xc8\xb2\xe4\x00.\x00 \xc8\
\x00\xc7\xa5\xd5X\xc9\xc0\x00 \xc5J\xc7@\x00 \xbc\
\xc0\xac\xbd\x00 \xc0\xac\xd5m\xc7D\x00 \xb3n\xc5\
\xb4\xc4\xf0\xc2\xdc\xac\xa0\xc2\xb5\xb2\xc8\xaeL\x00?\x08\
\x00\x00\x00\x00\x06\x00\x00\x00PThe fil\
e was modified e\
xternally. Do yo\
u want to overwr\
ite your unsaved\
 changes?\x07\x00\x00\x00\x0bEd\
itTaskTab\x01\x03\x00\x00\x00\x06\xbc\
\x84\xc8\x04\x00:\x08\x00\x00\x00\x00\x06\x00\x00\x00\x08V\
ersion:\x07\x00\x00\x00\x0bEdit\
TaskTab\x01\x03\x00\x00\x00\x04\xac\xbd\xac\
\xe0\x08\x00\x00\x00\x00\x06\x00\x00\x00\x07Warni\
ng\x07\x00\x00\x00\x0bEditTaskT\
ab\x01\x03\x00\x00\x00\x02\xcc=\x08\x00\x00\x00\x00\x06\
\x00\x00\x00\x06Window\x07\x00\x00\x00\x0bE\
ditTaskTab\x01\x03\x00\x00\x00\x12\
\x00a\x00d\x00b\x00_\x00s\x00h\x00e\x00l\
\x00l\x08\x00\x00\x00\x00\x06\x00\x00\x00\x09adb_\
shell\x07\x00\x00\x00\x0bEditTa\
skTab\x01\x03\x00\x00\x00\x16\x00a\x00d\x00\
b\x00_\x00u\x00i\x00_\x00d\x00u\x00m\x00\
p\x08\x00\x00\x00\x00\x06\x00\x00\x00\x0badb_u\
i_dump\x07\x00\x00\x00\x0bEditT\
askTab\x01\x03\x00\x00\x00\x18\x00a\x00d\
\x00d\x00_\x00t\x00e\x00x\x00t\x00_\x00f\
\x00i\x00x\x08\x00\x00\x00\x00\x06\x00\x00\x00\x0cad\
d_text_fix\x07\x00\x00\x00\x0bE\
ditTaskTab\x01\x03\x00\x00\x00\x08\
\x00b\x00a\x00c\x00k\x08\x00\x00\x00\x00\x06\x00\x00\
\x00\x04back\x07\x00\x00\x00\x0bEditT\
askTab\x01\x03\x00\x00\x00\x04\xc0\xc1\xc7\x90\
\x08\x00\x00\x00\x00\x06\x00\x00\x00\x03box\x07\x00\x00\
\x00\x0bEditTaskTab\x01\x03\x00\
\x00\x000\x00b\x00o\x00x\x00_\x00i\x00n\x00\
_\x00h\x00o\x00r\x00i\x00z\x00o\x00n\x00\
t\x00a\x00l\x00_\x00c\x00e\x00n\x00t\x00\
e\x00r\x08\x00\x00\x00\x00\x06\x00\x00\x00\x18box\
_in_horizontal_c\
enter\x07\x00\x00\x00\x0bEditTa\
skTab\x01\x03\x00\x00\x00\x1a\x00b\x00o\x00\
x\x00_\x00o\x00f\x00_\x00s\x00c\x00r\x00\
e\x00e\x00n\x08\x00\x00\x00\x00\x06\x00\x00\x00\x0db\
ox_of_screen\x07\x00\x00\x00\
\x0bEditTaskTab\x01\x03\x00\x00\
\x00(\x00b\x00o\x00x\x00_\x00o\x00f\x00_\
\x00s\x00c\x00r\x00e\x00e\x00n\x00_\x00s\
\x00c\x00a\x00l\x00e\x00d\x08\x00\x00\x00\x00\x06\
\x00\x00\x00\x14box_of_scree\
n_scaled\x07\x00\x00\x00\x0bEdi\
tTaskTab\x01\x03\x00\x00\x004\x00c\
\x00a\x00l\x00c\x00u\x00l\x00a\x00t\x00e\
\x00_\x00c\x00o\x00l\x00o\x00r\x00_\x00p\
\x00e\x00r\x00c\x00e\x00n\x00t\x00a\x00g\
\x00e\x08\x00\x00\x00\x00\x06\x00\x00\x00\x1acalc\
ulate_color_perc\
entage\x07\x00\x00\x00\x0bEditT\
askTab\x01\x03\x00\x00\x00\x12\x00c\x00l\
\x00e\x00a\x00r\x00_\x00b\x00o\x00x\x08\x00\
\x00\x00\x00\x06\x00\x00\x00\x09clear_bo\
x\x07\x00\x00\x00\x0bEditTaskTa\
b\x01\x03\x00\x00\x00\x0a\x00c\x00l\x00i\x00c\x00\
k\x08\x00\x00\x00\x00\x06\x00\x00\x00\x05click\
\x07\x00\x00\x00\x0bEditTaskTab\
\x01\x03\x00\x00\x00\x12\x00c\x00l\x00i\x00c\x00k\
\x00_\x00b\x00o\x00x\x08\x00\x00\x00\x00\x06\x00\x00\
\x00\x09click_box\x07\x00\x00\x00\x0b\
EditTaskTab\x01\x03\x00\x00\x00\
.\x00c\x00l\x00i\x00c\x00k\x00_\x00b\x00\
o\x00x\x00_\x00i\x00f\x00_\x00n\x00a\x00\
m\x00e\x00_\x00m\x00a\x00t\x00c\x00h\x08\
\x00\x00\x00\x00\x06\x00\x00\x00\x17click_b\
ox_if_name_match\
\x07\x00\x00\x00\x0bEditTaskTab\
\x01\x03\x00\x00\x00\x1c\x00c\x00l\x00i\x00c\x00k\
\x00_\x00r\x00e\x00l\x00a\x00t\x00i\x00v\
\x00e\x08\x00\x00\x00\x00\x06\x00\x00\x00\x0eclic\
k_relative\x07\x00\x00\x00\x0bE\
ditTaskTab\x01\x03\x00\x00\x00\x12\
\x00c\x00l\x00i\x00p\x00b\x00o\x00a\x00r\
\x00d\x08\x00\x00\x00\x00\x06\x00\x00\x00\x09clip\
board\x07\x00\x00\x00\x0bEditTa\
skTab\x01\x03\x00\x00\x00\x1e\x00c\x00r\x00\
e\x00a\x00t\x00e\x00_\x00s\x00h\x00o\x00\
r\x00t\x00c\x00u\x00t\x08\x00\x00\x00\x00\x06\x00\
\x00\x00\x0fcreate_shortc\
ut\x07\x00\x00\x00\x0bEditTaskT\
ab\x01\x03\x00\x00\x00\x0e\x00d\x00i\x00s\x00a\
\x00b\x00l\x00e\x08\x00\x00\x00\x00\x06\x00\x00\x00\x07\
disable\x07\x00\x00\x00\x0bEdit\
TaskTab\x01\x03\x00\x00\x00\x14\x00d\x00\
r\x00a\x00w\x00_\x00b\x00o\x00x\x00e\x00\
s\x08\x00\x00\x00\x00\x06\x00\x00\x00\x0adraw_\
boxes\x07\x00\x00\x00\x0bEditTa\
skTab\x01\x03\x00\x00\x00\x0c\x00e\x00n\x00\
a\x00b\x00l\x00e\x08\x00\x00\x00\x00\x06\x00\x00\x00\
\x06enable\x07\x00\x00\x00\x0bEdit\
TaskTab\x01\x03\x00\x00\x00\x1e\x00e\x00\
n\x00s\x00u\x00r\x00e\x00_\x00i\x00n\x00\
_\x00f\x00r\x00o\x00n\x00t\x08\x00\x00\x00\x00\
\x06\x00\x00\x00\x0fensure_in_f\
ront\x07\x00\x00\x00\x0bEditTas\
kTab\x01\x03\x00\x00\x00\x1c\x00f\x00e\x00a\
\x00t\x00u\x00r\x00e\x00_\x00e\x00x\x00i\
\x00s\x00t\x00s\x08\x00\x00\x00\x00\x06\x00\x00\x00\x0e\
feature_exists\x07\x00\
\x00\x00\x0bEditTaskTab\x01\x03\
\x00\x00\x00\x04\xcc>\xae0\x08\x00\x00\x00\x00\x06\x00\x00\
\x00\x04find\x07\x00\x00\x00\x0bEditT\
askTab\x01\x03\x00\x00\x00,\x00f\x00i\
\x00n\x00d\x00_\x00b\x00e\x00s\x00t\x00_\
\x00m\x00a\x00t\x00c\x00h\x00_\x00i\x00n\
\x00_\x00b\x00o\x00x\x08\x00\x00\x00\x00\x06\x00\x00\
\x00\x16find_best_matc\
h_in_box\x07\x00\x00\x00\x0bEdi\
tTaskTab\x01\x03\x00\x00\x00\x14\x00f\
\x00i\x00n\x00d\x00_\x00b\x00o\x00x\x00e\
\x00s\x08\x00\x00\x00\x00\x06\x00\x00\x00\x0afind\
_boxes\x07\x00\x00\x00\x0bEditT\
askTab\x01\x03\x00\x00\x00\x18\x00f\x00i\
\x00n\x00d\x00_\x00f\x00e\x00a\x00t\x00u\
\x00r\x00e\x08\x00\x00\x00\x00\x06\x00\x00\x00\x0cfi\
nd_feature\x07\x00\x00\x00\x0bE\
ditTaskTab\x01\x03\x00\x00\x00(\
\x00f\x00i\x00n\x00d\x00_\x00f\x00e\x00a\
\x00t\x00u\x00r\x00e\x00_\x00a\x00n\x00d\
\x00_\x00s\x00e\x00t\x08\x00\x00\x00\x00\x06\x00\x00\
\x00\x14find_feature_a\
nd_set\x07\x00\x00\x00\x0bEditT\
askTab\x01\x03\x00\x00\x00.\x00f\x00i\
\x00n\x00d\x00_\x00f\x00i\x00r\x00s\x00t\
\x00_\x00m\x00a\x00t\x00c\x00h\x00_\x00i\
\x00n\x00_\x00b\x00o\x00x\x08\x00\x00\x00\x00\x06\
\x00\x00\x00\x17find_first_m\
atch_in_box\x07\x00\x00\x00\x0b\
EditTaskTab\x01\x03\x00\x00\x00\
\x10\x00f\x00i\x00n\x00d\x00_\x00o\x00n\x00\
e\x08\x00\x00\x00\x00\x06\x00\x00\x00\x08find_\
one\x07\x00\x00\x00\x0bEditTask\
Tab\x01\x03\x00\x00\x00\x1e\x00g\x00e\x00t\x00\
_\x00b\x00o\x00x\x00_\x00b\x00y\x00_\x00\
n\x00a\x00m\x00e\x08\x00\x00\x00\x00\x06\x00\x00\x00\
\x0fget_box_by_name\
\x07\x00\x00\x00\x0bEditTaskTab\
\x01\x03\x00\x00\x00&\x00g\x00e\x00t\x00_\x00f\
\x00e\x00a\x00t\x00u\x00r\x00e\x00_\x00b\
\x00y\x00_\x00n\x00a\x00m\x00e\x08\x00\x00\x00\
\x00\x06\x00\x00\x00\x13get_featur\
e_by_name\x07\x00\x00\x00\x0bEd\
itTaskTab\x01\x03\x00\x00\x00\x14\x00\
g\x00e\x00t\x00_\x00s\x00t\x00a\x00t\x00\
u\x00s\x08\x00\x00\x00\x00\x06\x00\x00\x00\x0aget\
_status\x07\x00\x00\x00\x0bEdit\
TaskTab\x01\x03\x00\x00\x00\x22\x00g\x00\
e\x00t\x00_\x00t\x00a\x00s\x00k\x00_\x00\
b\x00y\x00_\x00c\x00l\x00a\x00s\x00s\x08\
\x00\x00\x00\x00\x06\x00\x00\x00\x11get_tas\
k_by_class\x07\x00\x00\x00\x0bE\
ditTaskTab\x01\x03\x00\x00\x00\x12\
\x00g\x00o\x00_\x00t\x00o\x00_\x00t\x00a\
\x00b\x08\x00\x00\x00\x00\x06\x00\x00\x00\x09go_t\
o_tab\x07\x00\x00\x00\x0bEditTa\
skTab\x01\x03\x00\x00\x00 \x00h\x00e\x00\
i\x00g\x00h\x00t\x00_\x00o\x00f\x00_\x00\
s\x00c\x00r\x00e\x00e\x00n\x08\x00\x00\x00\x00\
\x06\x00\x00\x00\x10height_of_s\
creen\x07\x00\x00\x00\x0bEditTa\
skTab\x01\x03\x00\x00\x00\x10\x00i\x00n\x00\
f\x00o\x00_\x00a\x00d\x00d\x08\x00\x00\x00\x00\
\x06\x00\x00\x00\x08info_add\x07\x00\x00\
\x00\x0bEditTaskTab\x01\x03\x00\
\x00\x00 \x00i\x00n\x00f\x00o\x00_\x00a\x00\
d\x00d\x00_\x00t\x00o\x00_\x00l\x00i\x00\
s\x00t\x08\x00\x00\x00\x00\x06\x00\x00\x00\x10inf\
o_add_to_list\x07\x00\x00\
\x00\x0bEditTaskTab\x01\x03\x00\
\x00\x00\x14\x00i\x00n\x00f\x00o\x00_\x00c\x00\
l\x00e\x00a\x00r\x08\x00\x00\x00\x00\x06\x00\x00\x00\
\x0ainfo_clear\x07\x00\x00\x00\x0b\
EditTaskTab\x01\x03\x00\x00\x00\
\x10\x00i\x00n\x00f\x00o\x00_\x00g\x00e\x00\
t\x08\x00\x00\x00\x00\x06\x00\x00\x00\x08info_\
get\x07\x00\x00\x00\x0bEditTask\
Tab\x01\x03\x00\x00\x00\x12\x00i\x00n\x00f\x00\
o\x00_\x00i\x00n\x00c\x00r\x08\x00\x00\x00\x00\
\x06\x00\x00\x00\x09info_incr\x07\x00\
\x00\x00\x0bEditTaskTab\x01\x03\
\x00\x00\x00\x10\x00i\x00n\x00f\x00o\x00_\x00s\
\x00e\x00t\x08\x00\x00\x00\x00\x06\x00\x00\x00\x08in\
fo_set\x07\x00\x00\x00\x0bEditT\
askTab\x01\x03\x00\x00\x00\x14\x00i\x00n\
\x00p\x00u\x00t\x00_\x00t\x00e\x00x\x00t\
\x08\x00\x00\x00\x00\x06\x00\x00\x00\x0ainput_\
text\x07\x00\x00\x00\x0bEditTas\
kTab\x01\x03\x00\x00\x00\x0c\x00i\x00s\x00_\
\x00a\x00d\x00b\x08\x00\x00\x00\x00\x06\x00\x00\x00\x06\
is_adb\x07\x00\x00\x00\x0bEditT\
askTab\x01\x03\x00\x00\x00\x14\x00i\x00s\
\x00_\x00b\x00r\x00o\x00w\x00s\x00e\x00r\
\x08\x00\x00\x00\x00\x06\x00\x00\x00\x0ais_bro\
wser\x07\x00\x00\x00\x0bEditTas\
kTab\x01\x03\x00\x00\x00\x12\x00l\x00o\x00g\
\x00_\x00d\x00e\x00b\x00u\x00g\x08\x00\x00\x00\
\x00\x06\x00\x00\x00\x09log_debug\x07\
\x00\x00\x00\x0bEditTaskTab\x01\
\x03\x00\x00\x00\x12\x00l\x00o\x00g\x00_\x00e\x00\
r\x00r\x00o\x00r\x08\x00\x00\x00\x00\x06\x00\x00\x00\
\x09log_error\x07\x00\x00\x00\x0bE\
ditTaskTab\x01\x03\x00\x00\x00\x10\
\x00l\x00o\x00g\x00_\x00i\x00n\x00f\x00o\
\x08\x00\x00\x00\x00\x06\x00\x00\x00\x08log_in\
fo\x07\x00\x00\x00\x0bEditTaskT\
ab\x01\x03\x00\x00\x00\x16\x00l\x00o\x00g\x00_\
\x00w\x00a\x00r\x00n\x00i\x00n\x00g\x08\x00\
\x00\x00\x00\x06\x00\x00\x00\x0blog_warn\
ing\x07\x00\x00\x00\x0bEditTask\
Tab\x01\x03\x00\x00\x00\x18\x00m\x00i\x00d\x00\
d\x00l\x00e\x00_\x00c\x00l\x00i\x00c\x00\
k\x08\x00\x00\x00\x00\x06\x00\x00\x00\x0cmiddl\
e_click\x07\x00\x00\x00\x0bEdit\
TaskTab\x01\x03\x00\x00\x00*\x00m\x00\
i\x00d\x00d\x00l\x00e\x00_\x00c\x00l\x00\
i\x00c\x00k\x00_\x00r\x00e\x00l\x00a\x00\
t\x00i\x00v\x00e\x08\x00\x00\x00\x00\x06\x00\x00\x00\
\x15middle_click_re\
lative\x07\x00\x00\x00\x0bEditT\
askTab\x01\x03\x00\x00\x00\x14\x00m\x00o\
\x00u\x00s\x00e\x00_\x00d\x00o\x00w\x00n\
\x08\x00\x00\x00\x00\x06\x00\x00\x00\x0amouse_\
down\x07\x00\x00\x00\x0bEditTas\
kTab\x01\x03\x00\x00\x00\x10\x00m\x00o\x00u\
\x00s\x00e\x00_\x00u\x00p\x08\x00\x00\x00\x00\x06\
\x00\x00\x00\x08mouse_up\x07\x00\x00\x00\
\x0bEditTaskTab\x01\x03\x00\x00\
\x00\x08\x00m\x00o\x00v\x00e\x08\x00\x00\x00\x00\x06\
\x00\x00\x00\x04move\x07\x00\x00\x00\x0bEdi\
tTaskTab\x01\x03\x00\x00\x00\x1a\x00m\
\x00o\x00v\x00e\x00_\x00r\x00e\x00l\x00a\
\x00t\x00i\x00v\x00e\x08\x00\x00\x00\x00\x06\x00\x00\
\x00\x0dmove_relative\x07\
\x00\x00\x00\x0bEditTaskTab\x01\
\x03\x00\x00\x00\x14\x00n\x00e\x00x\x00t\x00_\x00\
f\x00r\x00a\x00m\x00e\x08\x00\x00\x00\x00\x06\x00\
\x00\x00\x0anext_frame\x07\x00\x00\
\x00\x0bEditTaskTab\x01\x03\x00\
\x00\x00\x18\x00n\x00o\x00t\x00i\x00f\x00i\x00\
c\x00a\x00t\x00i\x00o\x00n\x08\x00\x00\x00\x00\
\x06\x00\x00\x00\x0cnotificatio\
n\x07\x00\x00\x00\x0bEditTaskTa\
b\x01\x03\x00\x00\x00\x06\x00o\x00c\x00r\x08\x00\x00\
\x00\x00\x06\x00\x00\x00\x03ocr\x07\x00\x00\x00\x0bE\
ditTaskTab\x01\x03\x00\x00\x00\x18\
\x00o\x00u\x00t\x00_\x00o\x00f\x00_\x00r\
\x00a\x00t\x00i\x00o\x08\x00\x00\x00\x00\x06\x00\x00\
\x00\x0cout_of_ratio\x07\x00\
\x00\x00\x0bEditTaskTab\x01\x03\
\x00\x00\x00\x0a\x00p\x00a\x00u\x00s\x00e\x08\x00\
\x00\x00\x00\x06\x00\x00\x00\x05pause\x07\x00\x00\
\x00\x0bEditTaskTab\x01\x03\x00\
\x00\x00\x16\x00r\x00i\x00g\x00h\x00t\x00_\x00\
c\x00l\x00i\x00c\x00k\x08\x00\x00\x00\x00\x06\x00\
\x00\x00\x0bright_click\x07\x00\
\x00\x00\x0bEditTaskTab\x01\x03\
\x00\x00\x00\x14\x00s\x00c\x00r\x00e\x00e\x00n\
\x00s\x00h\x00o\x00t\x08\x00\x00\x00\x00\x06\x00\x00\
\x00\x0ascreenshot\x07\x00\x00\x00\
\x0bEditTaskTab\x01\x03\x00\x00\
\x00\x0c\x00s\x00c\x00r\x00o\x00l\x00l\x08\x00\
\x00\x00\x00\x06\x00\x00\x00\x06scroll\x07\x00\
\x00\x00\x0bEditTaskTab\x01\x03\
\x00\x00\x00\x1e\x00s\x00c\x00r\x00o\x00l\x00l\
\x00_\x00r\x00e\x00l\x00a\x00t\x00i\x00v\
\x00e\x08\x00\x00\x00\x00\x06\x00\x00\x00\x0fscro\
ll_relative\x07\x00\x00\x00\x0b\
EditTaskTab\x01\x03\x00\x00\x00\
\x10\x00s\x00e\x00n\x00d\x00_\x00k\x00e\x00\
y\x08\x00\x00\x00\x00\x06\x00\x00\x00\x08send_\
key\x07\x00\x00\x00\x0bEditTask\
Tab\x01\x03\x00\x00\x00\x1a\x00s\x00e\x00n\x00\
d\x00_\x00k\x00e\x00y\x00_\x00d\x00o\x00\
w\x00n\x08\x00\x00\x00\x00\x06\x00\x00\x00\x0dsen\
d_key_down\x07\x00\x00\x00\x0bE\
ditTaskTab\x01\x03\x00\x00\x00\x16\
\x00s\x00e\x00n\x00d\x00_\x00k\x00e\x00y\
\x00_\x00u\x00p\x08\x00\x00\x00\x00\x06\x00\x00\x00\x0b\
send_key_up\x07\x00\x00\x00\x0b\
EditTaskTab\x01\x03\x00\x00\x00\
\x0a\x00s\x00l\x00e\x00e\x00p\x08\x00\x00\x00\x00\
\x06\x00\x00\x00\x05sleep\x07\x00\x00\x00\x0bE\
ditTaskTab\x01\x03\x00\x00\x00\x16\
\x00s\x00l\x00e\x00e\x00p\x00_\x00c\x00h\
\x00e\x00c\x00k\x08\x00\x00\x00\x00\x06\x00\x00\x00\x0b\
sleep_check\x07\x00\x00\x00\x0b\
EditTaskTab\x01\x03\x00\x00\x00\
\x18\x00s\x00t\x00a\x00r\x00t\x00_\x00d\x00\
e\x00v\x00i\x00c\x00e\x08\x00\x00\x00\x00\x06\x00\
\x00\x00\x0cstart_device\x07\
\x00\x00\x00\x0bEditTaskTab\x01\
\x03\x00\x00\x00\x0a\x00s\x00w\x00i\x00p\x00e\x08\
\x00\x00\x00\x00\x06\x00\x00\x00\x05swipe\x07\x00\
\x00\x00\x0bEditTaskTab\x01\x03\
\x00\x00\x00\x1c\x00s\x00w\x00i\x00p\x00e\x00_\
\x00r\x00e\x00l\x00a\x00t\x00i\x00v\x00e\
\x08\x00\x00\x00\x00\x06\x00\x00\x00\x0eswipe_\
relative\x07\x00\x00\x00\x0bEdi\
tTaskTab\x01\x03\x00\x00\x00\x04\x00t\
\x00r\x08\x00\x00\x00\x00\x06\x00\x00\x00\x02tr\x07\x00\
\x00\x00\x0bEditTaskTab\x01\x03\
\x00\x00\x00\x0e\x00t\x00r\x00i\x00g\x00g\x00e\
\x00r\x08\x00\x00\x00\x00\x06\x00\x00\x00\x07trig\
ger\x07\x00\x00\x00\x0bEditTask\
Tab\x01\x03\x00\x00\x00\x0e\x00u\x00n\x00p\x00\
a\x00u\x00s\x00e\x08\x00\x00\x00\x00\x06\x00\x00\x00\
\x07unpause\x07\x00\x00\x00\x0bEdi\
tTaskTab\x01\x03\x00\x00\x00\x1c\x00w\
\x00a\x00i\x00t\x00_\x00c\x00l\x00i\x00c\
\x00k\x00_\x00b\x00o\x00x\x08\x00\x00\x00\x00\x06\
\x00\x00\x00\x0ewait_click_b\
ox\x07\x00\x00\x00\x0bEditTaskT\
ab\x01\x03\x00\x00\x00$\x00w\x00a\x00i\x00t\
\x00_\x00c\x00l\x00i\x00c\x00k\x00_\x00f\
\x00e\x00a\x00t\x00u\x00r\x00e\x08\x00\x00\x00\
\x00\x06\x00\x00\x00\x12wait_click\
_feature\x07\x00\x00\x00\x0bEdi\
tTaskTab\x01\x03\x00\x00\x00\x1c\x00w\
\x00a\x00i\x00t\x00_\x00c\x00l\x00i\x00c\
\x00k\x00_\x00o\x00c\x00r\x08\x00\x00\x00\x00\x06\
\x00\x00\x00\x0ewait_click_o\
cr\x07\x00\x00\x00\x0bEditTaskT\
ab\x01\x03\x00\x00\x00\x18\x00w\x00a\x00i\x00t\
\x00_\x00f\x00e\x00a\x00t\x00u\x00r\x00e\
\x08\x00\x00\x00\x00\x06\x00\x00\x00\x0cwait_f\
eature\x07\x00\x00\x00\x0bEditT\
askTab\x01\x03\x00\x00\x00\x10\x00w\x00a\
\x00i\x00t\x00_\x00o\x00c\x00r\x08\x00\x00\x00\
\x00\x06\x00\x00\x00\x08wait_ocr\x07\x00\
\x00\x00\x0bEditTaskTab\x01\x03\
\x00\x00\x00\x14\x00w\x00a\x00i\x00t\x00_\x00u\
\x00n\x00t\x00i\x00l\x08\x00\x00\x00\x00\x06\x00\x00\
\x00\x0await_until\x07\x00\x00\x00\
\x0bEditTaskTab\x01\x03\x00\x00\
\x00\x1e\x00w\x00i\x00d\x00t\x00h\x00_\x00o\
\x00f\x00_\x00s\x00c\x00r\x00e\x00e\x00n\
\x08\x00\x00\x00\x00\x06\x00\x00\x00\x0fwidth_\
of_screen\x07\x00\x00\x00\x0bEd\
itTaskTab\x01\x03\x00\x00\x00\x0c\xc1\
$\xc8\x15\x00 \xcd\x08\xae0\xd6T\x08\x00\x00\x00\x00\
\x06\x00\x00\x00\x0cReset Confi\
g\x07\x00\x00\x00\x10GlobalConf\
igCard\x01\x03\x00\x00\x00\x0c\xc1$\xc8\x15\
\x00 \xcd\x08\xae0\xd6T\x08\x00\x00\x00\x00\x06\x00\x00\
\x00\x0cReset Config\x07\x00\
\x00\x00\x0fGlobalConfigT\
ab\x01\x03\x00\x00\x00\x04\xcd\xe8\xc1\x8c\x08\x00\x00\x00\
\x00\x06\x00\x00\x00\x06Cancel\x07\x00\x00\x00\
\x0bHwndChooser\x01\x03\x00\x00\
\x00\x08\xcc=\x00 \xc1 \xd0\xdd\x08\x00\x00\x00\x00\x06\
\x00\x00\x00\x0dChoose Windo\
w\x07\x00\x00\x00\x0bHwndChoose\
r\x01\x03\x00\x00\x00\x04\xd6U\xc7x\x08\x00\x00\x00\x00\
\x06\x00\x00\x00\x07Confirm\x07\x00\x00\x00\
\x0bHwndChooser\x01\x03\x00\x00\
\x00\x0c\x00{\x00}\x00 \xc1 \xd0\xdd\xb4(\x08\x00\
\x00\x00\x00\x06\x00\x00\x00\x0b{} Selec\
ted\x07\x00\x00\x00\x0bHwndChoo\
ser\x01\x03\x00\x00\x00\x04\xcd\xe8\xc1\x8c\x08\x00\x00\
\x00\x00\x06\x00\x00\x00\x06Cancel\x07\x00\x00\
\x00\x13ImportWarningD\
ialog\x01\x03\x00\x00\x00\x04\xd6U\xc7x\x08\
\x00\x00\x00\x00\x06\x00\x00\x00\x07Confirm\
\x07\x00\x00\x00\x13ImportWarni\
ngDialog\x01\x03\x00\x00\x008\xc7\x04\
\xd5\xd8\xc7D\x00 \xc7x\xc9\xc0\xd5X\xac\xe0\x00 \
\xc7t\x00 \xc2\xa4\xd0l\xb9\xbd\xd2\xb8\xb9|\x00 \
\xac\x00\xc88\xc6$\xae0\xb9|\x00 \xc6\xd0\xd5i\
\xb2\xc8\xb2\xe4\x00.\x08\x00\x00\x00\x00\x06\x00\x00\x006\
I understand the\
 risks and want \
to import this s\
cript.\x07\x00\x00\x00\x13Impor\
tWarningDialog\x01\x03\
\x00\x00\x00\xc4\xc2\xa4\xd0l\xb9\xbd\xd2\xb8\x00 \xac\x8c\
\xc2\xdc\xc7\x90\xb9|\x00 \xc2\xe0\xb8\xb0\xd5X\xb2\x94\
\xc9\xc0\x00 \xd6U\xc7x\xd5X\xc2\xed\xc2\xdc\xc6$\
\x00.\x00 \xd6U\xc7x\xb4\x18\xc9\xc0\x00 \xc5J\
\xc7@\x00 \xc2\xa4\xd0l\xb9\xbd\xd2\xb8\xb2\x94\x00 \
\xac\xc4\xc8\x15\x00/\xb3p\xc7t\xd10\x00/\xae\x08\
\xc8\x04\x00 \xb3\xc4\xc6\xa9\x00,\x00 \xb3p\xc7t\
\xd10\x00 \xd3\x0c\xad4\x00,\x00 \xce\xf4\xd4\xe8\
\xd10\x00 \xc1\x90\xc0\xc1\x00/\xc8\x1c\xc5\xb4\x00 \
\xb4\xf1\xc7D\x00 \xd3\xec\xd5h\xd5X\xb4\x18\x00 \
\xc7t\xc5\xd0\x00 \xadm\xd5\x5c\xb4\x18\xc9\xc0\x00 \
\xc5J\xb2\x94\x00 \xc7\x04\xd5\xd8\xc7t\x00 \xc7\x88\
\xc2\xb5\xb2\xc8\xb2\xe4\x00.\x08\x00\x00\x00\x00\x06\x00\x00\
\x00\xabMake sure that\
 you trust the s\
cript publisher,\
 unverified scri\
pt can and not l\
imited to steal \
your account/ da\
ta money, destro\
y your data, har\
m/ controlling y\
our computer.\x07\x00\x00\
\x00\x13ImportWarningD\
ialog\x01\x03\x00\x00\x00\x04\xac\xbd\xac\xe0\x08\
\x00\x00\x00\x00\x06\x00\x00\x00\x07Warning\
\x07\x00\x00\x00\x13ImportWarni\
ngDialog\x01\x03\x00\x00\x00\x12\xba\xa8\
\xb4\xe0\x00 \xd3\x0c\xc7|\x00 \x00(\x00*\x00)\
\x08\x00\x00\x00\x00\x06\x00\x00\x00\x0dAll Fi\
les (*)\x07\x00\x00\x00\x14Labe\
lAndFileSelector\
\x01\x03\x00\x00\x00\x08\xcc>\xc5D\xbc\xf4\xae0\x08\x00\
\x00\x00\x00\x06\x00\x00\x00\x06Browse\x07\x00\
\x00\x00\x14LabelAndFileS\
elector\x01\x03\x00\x00\x00\x0a\xd3\x0c\xc7\
|\x00 \xc1 \xd0\xdd\x08\x00\x00\x00\x00\x06\x00\x00\x00\
\x0bSelect File\x07\x00\x00\x00\
\x14LabelAndFileSel\
ector\x01\x03\x00\x00\x00\x16\xd3\x0c\xc7|\x00\
 \xb6\x10\xb2\x94\x00 \xd3\xf4\xb3T\x00 \xc1 \xd0\
\xdd\x08\x00\x00\x00\x00\x06\x00\x00\x00\x15Selec\
t File or Folder\
\x07\x00\x00\x00\x14LabelAndFil\
eSelector\x01\x03\x00\x00\x00\x0a\xd3\
\xf4\xb3T\x00 \xc1 \xd0\xdd\x08\x00\x00\x00\x00\x06\x00\
\x00\x00\x0dSelect Folder\
\x07\x00\x00\x00\x14LabelAndFil\
eSelector\x01\x03\x00\x00\x00\x0e\xc1\
$\xc8\x15\xc7<\xb8\x5c\x00 \xc7t\xb3\xd9\x08\x00\x00\
\x00\x00\x06\x00\x00\x00\x0cGo to Con\
fig\x07\x00\x00\x00\x0eLabelAnd\
Global\x01\x03\x00\x00\x00\x06\xc5D\xb2\xc8\
\xc6\x94\x08\x00\x00\x00\x00\x06\x00\x00\x00\x02No\x07\x00\
\x00\x00\x14LabelAndSwitc\
hButton\x01\x03\x00\x00\x00\x02\xc6\x08\x08\
\x00\x00\x00\x00\x06\x00\x00\x00\x03Yes\x07\x00\x00\x00\
\x14LabelAndSwitchB\
utton\x01\x03\x00\x00\x00\x0e\x00D\x00i\x00\
s\x00c\x00o\x00r\x00d\x08\x00\x00\x00\x00\x06\x00\
\x00\x00\x07Discord\x07\x00\x00\x00\x08L\
inksBar\x01\x03\x00\x00\x00\x10\xc7\x90\xc8\
\xfc\x00 \xbb;\xb2\x94\x00 \xc9\xc8\xbb8\x08\x00\x00\
\x00\x00\x06\x00\x00\x00\x03FAQ\x07\x00\x00\x00\x08L\
inksBar\x01\x03\x00\x00\x00\x0c\x00G\x00\
i\x00t\x00H\x00u\x00b\x08\x00\x00\x00\x00\x06\x00\
\x00\x00\x06GitHub\x07\x00\x00\x00\x08Li\
nksBar\x01\x03\x00\x00\x00\x14\xb2\xe4\xc6\xb4\
\xb8\x5c\xb4\xdc\x00 \xb9\xc1\xd0l\x00 \xac\xf5\xc7 \
\x08\x00\x00\x00\x00\x06\x00\x00\x00\x05Share\x07\
\x00\x00\x00\x08LinksBar\x01\x03\x00\x00\
\x00(\xac\xf5\xc7 \x00 \xb9\xc1\xd0l\xac\x00\x00 \
\xd0t\xb9\xbd\xbc\xf4\xb4\xdc\xc5\xd0\x00 \xbc\xf5\xc0\xac\
\xb4\x18\xc5\xc8\xc2\xb5\xb2\xc8\xb2\xe4\x08\x00\x00\x00\x00\x06\
\x00\x00\x00\x1eShare Link c\
opied to clipboa\
rd\x07\x00\x00\x00\x08LinksBar\x01\
\x03\x00\x00\x00\x04\xd6\xc4\xc6\xd0\x08\x00\x00\x00\x00\x06\x00\
\x00\x00\x07Sponsor\x07\x00\x00\x00\x08L\
inksBar\x01\x03\x00\x00\x00\x0a\xba\xa8\xb4\
\xe0\x00 \xb8\x08\xbc\xa8\x08\x00\x00\x00\x00\x06\x00\x00\x00\
\x0aAll Levels\x07\x00\x00\x00\x09\
LogWindow\x01\x03\x00\x00\x00\x06\xc9\
\xc0\xc6\xb0\xae0\x08\x00\x00\x00\x00\x06\x00\x00\x00\x05C\
lear\x07\x00\x00\x00\x09LogWind\
ow\x01\x03\x00\x00\x00\x04\xb2\xeb\xae0\x08\x00\x00\x00\
\x00\x06\x00\x00\x00\x05Close\x07\x00\x00\x00\x09\
LogWindow\x01\x03\x00\x00\x00\x06\xb4\
\xdc\xb7\x98\xad\xf8\x08\x00\x00\x00\x00\x06\x00\x00\x00\x04D\
rag\x07\x00\x00\x00\x09LogWindo\
w\x01\x03\x00\x00\x00\x10\xb8\x5c\xad\xf8\x00 \xd5D\xd1\
0\x00.\x00.\x00.\x08\x00\x00\x00\x00\x06\x00\x00\x00\
\x0eFilter logs...\x07\
\x00\x00\x00\x09LogWindow\x01\x03\x00\
\x00\x00\x0a\xb8\x5c\xad\xf8\x00 \xc5\xf4\xae0\x08\x00\x00\
\x00\x00\x06\x00\x00\x00\x09Open Logs\
\x07\x00\x00\x00\x09LogWindow\x01\x03\
\x00\x00\x00\x08\xc7|\xc2\xdc\xc8\x15\xc9\xc0\x08\x00\x00\x00\
\x00\x06\x00\x00\x00\x05Pause\x07\x00\x00\x00\x09\
LogWindow\x01\x03\x00\x00\x00\x04\xac\
\xe0\xc8\x15\x08\x00\x00\x00\x00\x06\x00\x00\x00\x03Pin\
\x07\x00\x00\x00\x09LogWindow\x01\x03\
\x00\x00\x00\x04\xc7\xac\xac\x1c\x08\x00\x00\x00\x00\x06\x00\x00\
\x00\x06Resume\x07\x00\x00\x00\x09Log\
Window\x01\x03\x00\x00\x00\x0a\xac\xe0\xc8\x15\
\x00 \xd5t\xc8\x1c\x08\x00\x00\x00\x00\x06\x00\x00\x00\x05\
Unpin\x07\x00\x00\x00\x09LogWin\
dow\x01\x03\x00\x00\x00\x0a\xb8\x5c\xad\xf8\x00 \xbc\
\xf4\xae0\x08\x00\x00\x00\x00\x06\x00\x00\x00\x08Vie\
w Log\x07\x00\x00\x00\x09LogWin\
dow\x01\x03\x00\x00\x00$\x00o\x00k\x00-\x00\
s\x00c\x00r\x00i\x00p\x00t\x00.\x00l\x00\
o\x00g\x00 \xb3\x00\xae0\x00 \xc9\x11\x08\x00\x00\
\x00\x00\x06\x00\x00\x00\x19Waiting f\
or ok-script.log\
\x07\x00\x00\x00\x09LogWindow\x01\x03\
\x00\x00\x00\x02\xac\x1c\x08\x00\x00\x00\x00\x06\x00\x00\x00\x07\
records\x07\x00\x00\x00\x09LogW\
indow\x01\x03\x00\x00\x00\x04\xc8\x15\xbc\xf4\x08\
\x00\x00\x00\x00\x06\x00\x00\x00\x05About\x07\x00\
\x00\x00\x0aMainWindow\x01\x03\x00\
\x00\x00\x0a\xce\xa1\xcc\x98\x00 \xbc)\xc2\xdd\x08\x00\x00\
\x00\x00\x06\x00\x00\x00\x07Capture\x07\x00\
\x00\x00\x0aMainWindow\x01\x03\x00\
\x00\x00\x0a\xce\xa1\xcc\x98\x00 \xc6$\xb9X\x08\x00\x00\
\x00\x00\x06\x00\x00\x00\x0dCapture E\
rror\x07\x00\x00\x00\x0aMainWin\
dow\x01\x03\x00\x00\x00\x0a\xac\x1c\xbc\x1c\x00 \xb3\
\xc4\xadl\x08\x00\x00\x00\x00\x06\x00\x00\x00\x05Deb\
ug\x07\x00\x00\x00\x0aMainWindo\
w\x01\x03\x00\x00\x00\x04\xc6$\xb9X\x08\x00\x00\x00\x00\
\x06\x00\x00\x00\x05Error\x07\x00\x00\x00\x0aM\
ainWindow\x01\x03\x00\x00\x00\x04\xc8\
\x85\xb8\xcc\x08\x00\x00\x00\x00\x06\x00\x00\x00\x04Exi\
t\x07\x00\x00\x00\x0aMainWindow\
\x01\x03\x00\x00\x00\x04\xc8\x15\xbc\xf4\x08\x00\x00\x00\x00\x06\
\x00\x00\x00\x04Info\x07\x00\x00\x00\x0aMai\
nWindow\x01\x03\x00\x00\x00\x0e\xc7|\xc2\
\xdc\x00 \xc9\x11\xc9\xc0\xb4(\x00.\x08\x00\x00\x00\x00\
\x06\x00\x00\x00\x0ePause Succe\
ss.\x07\x00\x00\x00\x0aMainWind\
ow\x01\x03\x00\x00\x000\xac\x8c\xc7\x84\x00 \xcc=\
\xc7t\x00 \xc6,\xbc\x14\xb9t\xac\x8c\x00 \xc1 \
\xd0\xdd\xb4\x18\xc5\xc8\xb2\x94\xc9\xc0\x00 \xd6U\xc7x\
\xd5X\xc18\xc6\x94\x00!\x08\x00\x00\x00\x00\x06\x00\x00\
\x00;Please check w\
hether the game \
window is select\
ed correctly!\x07\x00\x00\
\x00\x0aMainWindow\x01\x03\x00\x00\
\x00\x0a\xc5H\xc8\x15\x00 \xbc\x84\xc8\x04\x08\x00\x00\x00\
\x00\x06\x00\x00\x00\x07Release\x07\x00\x00\
\x00\x0aMainWindow\x01\x03\x00\x00\
\x00\x0a\xcfT\xb4\xdc\x00 \xc2\xe4\xd5\x89\x08\x00\x00\x00\
\x00\x06\x00\x00\x00\x08Run Code\x07\x00\
\x00\x00\x0aMainWindow\x01\x03\x00\
\x00\x00\x04\xc7|\xc8\x15\x08\x00\x00\x00\x00\x06\x00\x00\x00\
\x08Schedule\x07\x00\x00\x00\x0aMa\
inWindow\x01\x03\x00\x00\x00\x08\xc2\xa4\
\xd0l\xb9\xbd\xd2\xb8\x08\x00\x00\x00\x00\x06\x00\x00\x00\x06\
Script\x07\x00\x00\x00\x0aMainW\
indow\x01\x03\x00\x00\x00\x04\xc1$\xc8\x15\x08\
\x00\x00\x00\x00\x06\x00\x00\x00\x08Setting\
s\x07\x00\x00\x00\x0aMainWindow\
\x01\x03\x00\x00\x00\x0c\xc2\xdc\xc7\x91\x00 \xc11\xac\xf5\
\x00.\x08\x00\x00\x00\x00\x06\x00\x00\x00\x0eStar\
t Success.\x07\x00\x00\x00\x0aM\
ainWindow\x01\x03\x00\x00\x00\x04\xc7\
\x91\xc5\xc5\x08\x00\x00\x00\x00\x06\x00\x00\x00\x05Tas\
ks\x07\x00\x00\x00\x0aMainWindo\
w\x01\x03\x00\x00\x00\x06\xd1\x5c\xd5\x0c\xb9\xbf\x08\x00\x00\
\x00\x00\x06\x00\x00\x00\x09Templates\
\x07\x00\x00\x00\x0aMainWindow\x01\
\x03\x00\x00\x00V\xc7t\xac\x83\xc7@\x00 \xbb4\xb8\
\xcc\x00 \xc1\x8c\xd5\x04\xd2\xb8\xc6\xe8\xc5\xb4\xc7\x85\xb2\
\xc8\xb2\xe4\x00.\x00 \xb9\xcc\xc5}\x00 \xadl\xb9\
\xe4\xd5X\xc1h\xb2\xe4\xbat\x00 \xd3\x10\xb9\xe4\xc7\
\x90\xc5\xd0\xac\x8c\x00 \xd6X\xbd\x88\xc7D\x00 \xc6\
\x94\xcc\xad\xd5X\xc18\xc6\x94\x00.\x08\x00\x00\x00\x00\
\x06\x00\x00\x00ZThis is a f\
ree software. If\
 you purchased t\
his anywhere, re\
quest a refund f\
rom the seller.\x07\
\x00\x00\x00\x0aMainWindow\x01\x03\
\x00\x00\x00\x0e\xc2\xe4\xc2\xdc\xac\x04\x00 \xd2\xb8\xb9\xac\
\xacp\x08\x00\x00\x00\x00\x06\x00\x00\x00\x08Trig\
gers\x07\x00\x00\x00\x0aMainWin\
dow\x01\x03\x00\x00\x00\x08\xc5\xc5\xb3p\xc7t\xd2\
\xb8\x08\x00\x00\x00\x00\x06\x00\x00\x00\x06Updat\
e\x07\x00\x00\x00\x0aMainWindow\
\x01\x03\x00\x00\x00\x06\xd6\x5c\xc11\xd6T\x08\x00\x00\x00\
\x00\x06\x00\x00\x00\x06\xe6\xbf\x80\xe6\xb4\xbb\x07\x00\x00\x00\
\x0aMainWindow\x01\x03\x00\x00\x00\
\x0c\xc0\xad\xc8\x1c\x00 \x00(\x00D\x00)\x08\x00\x00\
\x00\x00\x06\x00\x00\x00\x0aDelete (D\
)\x07\x00\x00\x00\x0cMarkUpWind\
ow\x01\x03\x00\x00\x00\x0e\xad\xf8\xb9\xac\xae0\x00 \
\x00(\x00R\x00)\x08\x00\x00\x00\x00\x06\x00\x00\x00\x08\
Draw (R)\x07\x00\x00\x00\x0cMar\
kUpWindow\x01\x03\x00\x00\x00\x0e\xb9\
\xc8\xd0l\xc5\xc5\x00 \xd3\xb8\xc9\xd1\xae0\x08\x00\x00\
\x00\x00\x06\x00\x00\x00\x0dMarkup Ed\
itor\x07\x00\x00\x00\x0cMarkUpW\
indow\x01\x03\x00\x00\x00\x14\xc2\x18\xc8\x15\x00\
 \x00(\xb3T\xbe\x14\x00 \xd0t\xb9\xad\x00)\x08\
\x00\x00\x00\x00\x06\x00\x00\x00\x15Modify \
(Double Click)\x07\x00\
\x00\x00\x0cMarkUpWindow\x01\
\x03\x00\x00\x00\x16\xc6\xb0\xd0t\xb9\xad\xc7<\xb8\x5c\x00\
 \xc0\xc9\xc0\xc1\x00 \xbc\xf5\xc0\xac\x08\x00\x00\x00\x00\
\x06\x00\x00\x00\x19Right click\
 to copy color\x07\x00\
\x00\x00\x0cMarkUpWindow\x01\
\x03\x00\x00\x00\x04\xd6U\xc7x\x08\x00\x00\x00\x00\x06\x00\
\x00\x00\x07Confirm\x07\x00\x00\x00\x0dM\
essageWindow\x01\x03\x00\x00\
\x00\x04\xcd\x94\xac\x00\x08\x00\x00\x00\x00\x06\x00\x00\x00\x03\
Add\x07\x00\x00\x00\x10ModifyLi\
stDialog\x01\x03\x00\x00\x00\x12\xc0\xac\
\xc6\xa9\x00 \xac\x00\xb2\xa5\xd5\x5c\x00 \xc65\xc1X\
\x08\x00\x00\x00\x00\x06\x00\x00\x00\x11Availa\
ble Options\x07\x00\x00\x00\x10\
ModifyListDialog\
\x01\x03\x00\x00\x00\x04\xcd\xe8\xc1\x8c\x08\x00\x00\x00\x00\x06\
\x00\x00\x00\x06Cancel\x07\x00\x00\x00\x10M\
odifyListDialog\x01\
\x03\x00\x00\x00\x1c\xcd\x94\xac\x00\xd5`\x00 \xc65\xc1\
X\xc7D\x00 \xd0t\xb9\xad\xd5X\xc18\xc6\x94\x00\
.\x08\x00\x00\x00\x00\x06\x00\x00\x00\x1aClick\
 an option to ad\
d it.\x07\x00\x00\x00\x10Modify\
ListDialog\x01\x03\x00\x00\x00\x04\
\xd6U\xc7x\x08\x00\x00\x00\x00\x06\x00\x00\x00\x07Co\
nfirm\x07\x00\x00\x00\x10Modify\
ListDialog\x01\x03\x00\x00\x00\x04\
\xd3\xb8\xc9\xd1\x08\x00\x00\x00\x00\x06\x00\x00\x00\x04Ed\
it\x07\x00\x00\x00\x10ModifyLis\
tDialog\x01\x03\x00\x00\x00\x04\xc2\x18\xc8\
\x15\x08\x00\x00\x00\x00\x06\x00\x00\x00\x06Modif\
y\x07\x00\x00\x00\x10ModifyList\
Dialog\x01\x03\x00\x00\x00\x0c\xc5D\xb7\x98\
\xb8\x5c\x00 \xc7t\xb3\xd9\x08\x00\x00\x00\x00\x06\x00\x00\
\x00\x09Move Down\x07\x00\x00\x00\x10\
ModifyListDialog\
\x01\x03\x00\x00\x00\x0a\xc7\x04\xb8\x5c\x00 \xc7t\xb3\xd9\
\x08\x00\x00\x00\x00\x06\x00\x00\x00\x07Move U\
p\x07\x00\x00\x00\x10ModifyList\
Dialog\x01\x03\x00\x00\x00\x04\xc8\x1c\xacp\
\x08\x00\x00\x00\x00\x06\x00\x00\x00\x06Remove\
\x07\x00\x00\x00\x10ModifyListD\
ialog\x01\x03\x00\x00\x00\x10\xc65\xc1X\x00\
 \xac\x80\xc0\xc9\x00.\x00.\x00.\x08\x00\x00\x00\x00\
\x06\x00\x00\x00\x11Search opti\
ons...\x07\x00\x00\x00\x10Modif\
yListDialog\x01\x03\x00\x00\x00\
\x0c\xc1 \xd0\xdd\xd5\x5c\x00 \xc65\xc1X\x08\x00\x00\
\x00\x00\x06\x00\x00\x00\x10Selected \
Options\x07\x00\x00\x00\x10Modi\
fyListDialog\x01\x03\x00\x00\
\x00\x04\xc2\x18\xc8\x15\x08\x00\x00\x00\x00\x06\x00\x00\x00\x06\
Modify\x07\x00\x00\x00\x0eModif\
yListItem\x01\x03\x00\x00\x00\x16\x00\
(\x000\x00 \x00=\x00 \xbeD\xd6\x5c\xc11\xd6\
T\xb4(\x00)\x08\x00\x00\x00\x00\x06\x00\x00\x00\x0e(\
0 = disabled)\x07\x00\x00\
\x00\x18ModifySchedule\
TaskDialog\x01\x03\x00\x00\x00\x08\
\x002\x004\xc2\xdc\xac\x04\x08\x00\x00\x00\x00\x06\x00\x00\
\x00\x0324h\x07\x00\x00\x00\x18Modify\
ScheduleTaskDial\
og\x01\x03\x00\x00\x00$\xc7\x91\xc5\xc5\x00 \xc6D\
\xb8\xcc\x00 \xd6\xc4\x00 \xc7\x90\xb3\xd9\x00 \xc8\x85\
\xb8\xcc\x00 \x00(\x00-\x00e\x00)\x08\x00\x00\x00\
\x00\x06\x00\x00\x00\x1eAuto exit \
after task done \
(-e)\x07\x00\x00\x00\x18ModifyS\
cheduleTaskDialo\
g\x01\x03\x00\x00\x00\x04\xcd\xe8\xc1\x8c\x08\x00\x00\x00\x00\
\x06\x00\x00\x00\x06Cancel\x07\x00\x00\x00\x18\
ModifyScheduleTa\
skDialog\x01\x03\x00\x00\x00\x0c\xc0\xac\
\xc6\xa9\xc7\x90\x00 \xc8\x15\xc7X\x08\x00\x00\x00\x00\x06\
\x00\x00\x00\x06Custom\x07\x00\x00\x00\x18M\
odifyScheduleTas\
kDialog\x01\x03\x00\x00\x00\x12\xc0\xac\xc6\
\xa9\xc7\x90\x00 \xc8\x15\xc7X\x00 \xac\x04\xac\xa9\x08\
\x00\x00\x00\x00\x06\x00\x00\x00\x0fCustom \
Interval\x07\x00\x00\x00\x18Mod\
ifyScheduleTaskD\
ialog\x01\x03\x00\x00\x00\x04\xb9\xe4\xc7|\x08\
\x00\x00\x00\x00\x06\x00\x00\x00\x05Daily\x07\x00\
\x00\x00\x18ModifySchedul\
eTaskDialog\x01\x03\x00\x00\x00\
\x02\xc7|\x08\x00\x00\x00\x00\x06\x00\x00\x00\x04Day\
s\x07\x00\x00\x00\x18ModifySche\
duleTaskDialog\x01\x03\
\x00\x00\x00\x04\xc2\xdc\xac\x04\x08\x00\x00\x00\x00\x06\x00\x00\
\x00\x04Hour\x07\x00\x00\x00\x18Modif\
yScheduleTaskDia\
log\x01\x03\x00\x00\x00\x04\xc2\xdc\xac\x04\x08\x00\x00\
\x00\x00\x06\x00\x00\x00\x05Hours\x07\x00\x00\x00\
\x18ModifyScheduleT\
askDialog\x01\x03\x00\x00\x00\x02\xbd\
\x84\x08\x00\x00\x00\x00\x06\x00\x00\x00\x06Minut\
e\x07\x00\x00\x00\x18ModifySche\
duleTaskDialog\x01\x03\
\x00\x00\x00\x04\xc2\x18\xc8\x15\x08\x00\x00\x00\x00\x06\x00\x00\
\x00\x06Modify\x07\x00\x00\x00\x18Mod\
ifyScheduleTaskD\
ialog\x01\x03\x00\x00\x00\x10\xc6\x08\xc5}\x00\
 \xc7\x91\xc5\xc5\x00 \xc2\x18\xc8\x15\x08\x00\x00\x00\x00\
\x06\x00\x00\x00\x14Modify Sche\
dule Task\x07\x00\x00\x00\x18Mo\
difyScheduleTask\
Dialog\x01\x03\x00\x00\x00\x04\xb9\xe4\xc6\xd4\
\x08\x00\x00\x00\x00\x06\x00\x00\x00\x07Monthl\
y\x07\x00\x00\x00\x18ModifySche\
duleTaskDialog\x01\x03\
\x00\x00\x00\x06\xd5\x5c\x00 \xbc\x88\x08\x00\x00\x00\x00\x06\
\x00\x00\x00\x04Once\x07\x00\x00\x00\x18Mod\
ifyScheduleTaskD\
ialog\x01\x03\x00\x00\x00\x0a\xc2\xdc\xc7\x91\x00\
 \xc2\xdc\xac\x04\x08\x00\x00\x00\x00\x06\x00\x00\x00\x0aS\
tart Time\x07\x00\x00\x00\x18Mo\
difyScheduleTask\
Dialog\x01\x03\x00\x00\x00\x0a\xc2\xdc\xc7\x91\
\x00 \xc65\xc1X\x08\x00\x00\x00\x00\x06\x00\x00\x00\x0f\
Startup Options\x07\
\x00\x00\x00\x18ModifySchedu\
leTaskDialog\x01\x03\x00\x00\
\x00\x16\xc7\x91\xc5\xc5\x00 \xc7x\xb3q\xc2\xa4\x00 \
\x00(\x00-\x00t\x00)\x08\x00\x00\x00\x00\x06\x00\x00\
\x00\x0fTask Index (-t\
)\x07\x00\x00\x00\x18ModifySche\
duleTaskDialog\x01\x03\
\x00\x00\x00\x0a\xc7\x91\xc5\xc5\x00 \xc7t\xb9\x84\x08\x00\
\x00\x00\x00\x06\x00\x00\x00\x09Task Nam\
e\x07\x00\x00\x00\x18ModifySche\
duleTaskDialog\x01\x03\
\x00\x00\x00\x0a\xc2\xdc\xac\x04\x00 \xcd\x08\xac\xfc\x08\x00\
\x00\x00\x00\x06\x00\x00\x00\x07Timeout\x07\
\x00\x00\x00\x18ModifySchedu\
leTaskDialog\x01\x03\x00\x00\
\x00\x0c\xd2\xb8\xb9\xac\xacp\x00 \xc7 \xd6\x15\x08\x00\
\x00\x00\x00\x06\x00\x00\x00\x0cTrigger \
Type\x07\x00\x00\x00\x18ModifyS\
cheduleTaskDialo\
g\x01\x03\x00\x00\x00\x04\xb9\xe4\xc8\xfc\x08\x00\x00\x00\x00\
\x06\x00\x00\x00\x06Weekly\x07\x00\x00\x00\x18\
ModifyScheduleTa\
skDialog\x01\x03\x00\x00\x00\x18\xc2\xdc\
\xac\x04\x00 \x00(\x000\x00 \x00=\x00 \xbb4\
\xc8\x1c\xd5\x5c\x00)\x08\x00\x00\x00\x00\x06\x00\x00\x00\x15\
hours (0 = unlim\
ited)\x07\x00\x00\x00\x18Modify\
ScheduleTaskDial\
og\x01\x03\x00\x00\x00\x08\xcc=\x00 \xc1 \xd0\xdd\
\x08\x00\x00\x00\x00\x06\x00\x00\x00\x0dChoose\
 Window\x07\x00\x00\x00\x0eOneT\
imeTaskTab\x01\x03\x00\x00\x00\x06\
\xc6D\xb8\xcc\xb4(\x08\x00\x00\x00\x00\x06\x00\x00\x00\x09\
Completed\x07\x00\x00\x00\x0eOn\
eTimeTaskTab\x01\x03\x00\x00\
\x00\x04\xc8\x15\xbc\xf4\x08\x00\x00\x00\x00\x06\x00\x00\x00\x04\
Info\x07\x00\x00\x00\x0eOneTime\
TaskTab\x01\x03\x00\x00\x00\x08\xc2\xe4\xd5\
\x89\x00 \xc9\x11\x08\x00\x00\x00\x00\x06\x00\x00\x00\x07R\
unning\x07\x00\x00\x00\x0eOneTi\
meTaskTab\x01\x03\x00\x00\x00\x02\xac\
\x12\x08\x00\x00\x00\x00\x06\x00\x00\x00\x05Value\
\x07\x00\x00\x00\x0eOneTimeTask\
Tab\x01\x03\x00\x00\x00\x04\xc6$\xb9X\x08\x00\x00\
\x00\x00\x06\x00\x00\x00\x03app\x07\x00\x00\x00\x10Q\
CoreApplication\x01\
\x03\x00\x00\x00\x1a\xc7\x91\xc5\xc5\xc7D\x00 \xc0\xad\xc8\
\x1c\xd5X\xc2\xdc\xac\xa0\xc2\xb5\xb2\xc8\xaeL\x00?\x08\
\x00\x00\x00\x00\x06\x00\x00\x00$Are you\
 sure you want t\
o delete task\x07\x00\x00\
\x00\x0fScheduleTaskTa\
b\x01\x03\x00\x00\x00\x04\xcd\xe8\xc1\x8c\x08\x00\x00\x00\x00\
\x06\x00\x00\x00\x06Cancel\x07\x00\x00\x00\x0f\
ScheduleTaskTab\x01\
\x03\x00\x00\x00\x0a\xc7\x91\xc5\xc5\x00 \xc0\xdd\xc11\x08\
\x00\x00\x00\x00\x06\x00\x00\x00\x0bCreate \
Task\x07\x00\x00\x00\x0fSchedul\
eTaskTab\x01\x03\x00\x00\x00\x04\xc0\xad\
\xc8\x1c\x08\x00\x00\x00\x00\x06\x00\x00\x00\x06Dele\
te\x07\x00\x00\x00\x0fScheduleT\
askTab\x01\x03\x00\x00\x00\x0a\xc7\x91\xc5\xc5\
\x00 \xc0\xad\xc8\x1c\x08\x00\x00\x00\x00\x06\x00\x00\x00\x0b\
Delete Task\x07\x00\x00\x00\x0f\
ScheduleTaskTab\x01\
\x03\x00\x00\x00\x04\xc6$\xb9X\x08\x00\x00\x00\x00\x06\x00\
\x00\x00\x05Error\x07\x00\x00\x00\x0fSch\
eduleTaskTab\x01\x03\x00\x00\
\x00\x10\xc7\x91\xc5\xc5\x00 \xc0\xdd\xc11\x00 \xc2\xe4\
\xd3(\x08\x00\x00\x00\x00\x06\x00\x00\x00\x15Fail\
ed to create tas\
k\x07\x00\x00\x00\x0fScheduleTa\
skTab\x01\x03\x00\x00\x00\x10\xc7\x91\xc5\xc5\x00\
 \xc0\xad\xc8\x1c\x00 \xc2\xe4\xd3(\x08\x00\x00\x00\x00\
\x06\x00\x00\x00\x15Failed to d\
elete task\x07\x00\x00\x00\x0fS\
cheduleTaskTab\x01\x03\
\x00\x00\x00\x10\xc7\x91\xc5\xc5\x00 \xb8\x5c\xb4\xdc\x00 \
\xc2\xe4\xd3(\x08\x00\x00\x00\x00\x06\x00\x00\x00\x14Fa\
iled to load tas\
ks\x07\x00\x00\x00\x0fScheduleT\
askTab\x01\x03\x00\x00\x00\x10\xc7\x91\xc5\xc5\
\x00 \xc2\x18\xc8\x15\x00 \xc2\xe4\xd3(\x08\x00\x00\x00\
\x00\x06\x00\x00\x00\x15Failed to \
modify task\x07\x00\x00\x00\x0f\
ScheduleTaskTab\x01\
\x03\x00\x00\x006\xc7\x91\xc5\xc5\x00 \xc2\x18\xc8\x15\x00\
 \xc2\xe4\xd3(\x00:\x00 \xc7t\xc8\x04\x00 \xc7\
\x91\xc5\xc5\xc7D\x00 \xc0\xad\xc8\x1c\xd5`\x00 \xc2\
\x18\x00 \xc5\xc6\xc2\xb5\xb2\xc8\xb2\xe4\x08\x00\x00\x00\x00\
\x06\x00\x00\x00-Failed to m\
odify task: cann\
ot delete old ta\
sk\x07\x00\x00\x00\x0fScheduleT\
askTab\x01\x03\x00\x00\x00$\xc2\x18\xc8\x15\
\x00 \xb3\x00\xd6T\x00 \xc0\xc1\xc7\x90\xb9|\x00 \
\xc5\xf4\xc9\xc0\x00 \xba\xbb\xd5\x88\xc2\xb5\xb2\xc8\xb2\xe4\
\x08\x00\x00\x00\x00\x06\x00\x00\x00\x1cFailed\
 to open modify \
dialog\x07\x00\x00\x00\x0fSched\
uleTaskTab\x01\x03\x00\x00\x00\x16\
\xc7\x91\xc5\xc5\x00 \xc0\xc1\xd0\xdc\x00 \xc8\x04\xd6X\
\x00 \xc2\xe4\xd3(\x08\x00\x00\x00\x00\x06\x00\x00\x00\x15\
Failed to toggle\
 task\x07\x00\x00\x00\x0fSchedu\
leTaskTab\x01\x03\x00\x00\x00\x08\xc0\
\xc8\xb8\x5c\xac\xe0\xceh\x08\x00\x00\x00\x00\x06\x00\x00\x00\
\x07Refresh\x07\x00\x00\x00\x0fSch\
eduleTaskTab\x01\x03\x00\x00\
\x00\x0e\xc0\xc8\xb8\x5c\xac\xe0\xceh\x00 \xc2\xe4\xd3(\
\x08\x00\x00\x00\x00\x06\x00\x00\x00\x0eRefres\
h failed\x07\x00\x00\x00\x0fSch\
eduleTaskTab\x01\x03\x00\x00\
\x00\x0a\xc6\x08\xc5}\x00 \xc7\x91\xc5\xc5\x08\x00\x00\x00\
\x00\x06\x00\x00\x00\x0eSchedule T\
asks\x07\x00\x00\x00\x0fSchedul\
eTaskTab\x01\x03\x00\x00\x00\x04\xc11\
\xac\xf5\x08\x00\x00\x00\x00\x06\x00\x00\x00\x07Succ\
ess\x07\x00\x00\x00\x0fSchedule\
TaskTab\x01\x03\x00\x00\x00\x16\xc7\x91\xc5\
\xc5\xc7t\x00 \xc0\xdd\xc11\xb4\x18\xc5\xc8\xc2\xb5\xb2\
\xc8\xb2\xe4\x08\x00\x00\x00\x00\x06\x00\x00\x00\x19Tas\
k created succes\
sfully\x07\x00\x00\x00\x0fSched\
uleTaskTab\x01\x03\x00\x00\x00\x16\
\xc7\x91\xc5\xc5\xc7t\x00 \xc0\xad\xc8\x1c\xb4\x18\xc5\xc8\
\xc2\xb5\xb2\xc8\xb2\xe4\x08\x00\x00\x00\x00\x06\x00\x00\x00\x19\
Task deleted suc\
cessfully\x07\x00\x00\x00\x0fSc\
heduleTaskTab\x01\x03\x00\
\x00\x00\x1a\xc7\x91\xc5\xc5\xc7t\x00 \xbeD\xd6\x5c\xc1\
1\xd6T\xb4\x18\xc5\xc8\xc2\xb5\xb2\xc8\xb2\xe4\x08\x00\x00\
\x00\x00\x06\x00\x00\x00\x0dTask disa\
bled\x07\x00\x00\x00\x0fSchedul\
eTaskTab\x01\x03\x00\x00\x00\x18\xc7\x91\
\xc5\xc5\xc7t\x00 \xd6\x5c\xc11\xd6T\xb4\x18\xc5\xc8\
\xc2\xb5\xb2\xc8\xb2\xe4\x08\x00\x00\x00\x00\x06\x00\x00\x00\x0c\
Task enabled\x07\x00\x00\x00\
\x0fScheduleTaskTab\
\x01\x03\x00\x00\x00\x16\xc7\x91\xc5\xc5\xc7t\x00 \xc2\x18\
\xc8\x15\xb4\x18\xc5\xc8\xc2\xb5\xb2\xc8\xb2\xe4\x08\x00\x00\x00\
\x00\x06\x00\x00\x00\x1aTask modif\
ied successfully\
\x07\x00\x00\x00\x0fScheduleTas\
kTab\x01\x03\x00\x00\x00$\xce\x90\xc2\xdc\xc5\xd0\
\xc1\x1c\x00 \xc7\x91\xc5\xc5\xc7D\x00 \xcc>\xc7D\
\x00 \xc2\x18\x00 \xc5\xc6\xc2\xb5\xb2\xc8\xb2\xe4\x08\x00\
\x00\x00\x00\x06\x00\x00\x00\x17Task not\
 found in cache\x07\
\x00\x00\x00\x0fScheduleTask\
Tab\x01\x03\x00\x00\x00\x1a\xc7\x91\xc5\xc5\xc7t\x00\
 \xc0\xc8\xb8\x5c\xac\xe0\xceh\xb4\x18\xc5\xc8\xc2\xb5\xb2\
\xc8\xb2\xe4\x08\x00\x00\x00\x00\x06\x00\x00\x00\x0fTas\
ks refreshed\x07\x00\x00\x00\
\x0fScheduleTaskTab\
\x01\x03\x00\x00\x00\x04\xc7\x91\xc5\xc5\x08\x00\x00\x00\x00\x06\
\x00\x00\x00\x07Actions\x07\x00\x00\x00\x11\
ScheduleTaskTabl\
e\x01\x03\x00\x00\x00\x0c\xc0\xac\xc6\xa9\xc7\x90\x00 \xc8\
\x15\xc7X\x08\x00\x00\x00\x00\x06\x00\x00\x00\x06Cus\
tom\x07\x00\x00\x00\x11Schedule\
TaskTable\x01\x03\x00\x00\x00\x04\xb9\
\xe4\xc7|\x08\x00\x00\x00\x00\x06\x00\x00\x00\x05Dai\
ly\x07\x00\x00\x00\x11ScheduleT\
askTable\x01\x03\x00\x00\x00\x04\xc0\xad\
\xc8\x1c\x08\x00\x00\x00\x00\x06\x00\x00\x00\x06Dele\
te\x07\x00\x00\x00\x11ScheduleT\
askTable\x01\x03\x00\x00\x00\x0a\xbeD\
\xd6\x5c\xc11\xd6T\xb4(\x08\x00\x00\x00\x00\x06\x00\x00\
\x00\x08Disabled\x07\x00\x00\x00\x11S\
cheduleTaskTable\
\x01\x03\x00\x00\x00\x08\xd6\x5c\xc11\xd6T\xb4(\x08\x00\
\x00\x00\x00\x06\x00\x00\x00\x07Enabled\x07\
\x00\x00\x00\x11ScheduleTask\
Table\x01\x03\x00\x00\x00\x04\xc2\x18\xc8\x15\x08\
\x00\x00\x00\x00\x06\x00\x00\x00\x06Modify\x07\
\x00\x00\x00\x11ScheduleTask\
Table\x01\x03\x00\x00\x00\x04\xb9\xe4\xc6\xd4\x08\
\x00\x00\x00\x00\x06\x00\x00\x00\x07Monthly\
\x07\x00\x00\x00\x11ScheduleTas\
kTable\x01\x03\x00\x00\x00\x0a\xb2\xe4\xc7L\
\x00 \xc2\xe4\xd5\x89\x08\x00\x00\x00\x00\x06\x00\x00\x00\x08\
Next Run\x07\x00\x00\x00\x11Sch\
eduleTaskTable\x01\x03\
\x00\x00\x00\x06\xd5\x5c\x00 \xbc\x88\x08\x00\x00\x00\x00\x06\
\x00\x00\x00\x04Once\x07\x00\x00\x00\x11Sch\
eduleTaskTable\x01\x03\
\x00\x00\x00\x06\xc9\x00\xbeD\xb4(\x08\x00\x00\x00\x00\x06\
\x00\x00\x00\x05Ready\x07\x00\x00\x00\x11Sc\
heduleTaskTable\x01\
\x03\x00\x00\x00\x08\xc2\xe4\xd5\x89\x00 \xc9\x11\x08\x00\x00\
\x00\x00\x06\x00\x00\x00\x07Running\x07\x00\
\x00\x00\x11ScheduleTaskT\
able\x01\x03\x00\x00\x00\x04\xc0\xc1\xd0\xdc\x08\x00\
\x00\x00\x00\x06\x00\x00\x00\x06Status\x07\x00\
\x00\x00\x11ScheduleTaskT\
able\x01\x03\x00\x00\x00\x0a\xc7\x91\xc5\xc5\x00 \
\xc7t\xb9\x84\x08\x00\x00\x00\x00\x06\x00\x00\x00\x09Ta\
sk Name\x07\x00\x00\x00\x11Sche\
duleTaskTable\x01\x03\x00\
\x00\x00\x0c\xd2\xb8\xb9\xac\xacp\x00 \xc7 \xd6\x15\x08\
\x00\x00\x00\x00\x06\x00\x00\x00\x0cTrigger\
 Type\x07\x00\x00\x00\x11Schedu\
leTaskTable\x01\x03\x00\x00\x00\
\x0c\xc5L\x00 \xc2\x18\x00 \xc5\xc6\xc7L\x08\x00\x00\
\x00\x00\x06\x00\x00\x00\x07Unknown\x07\x00\
\x00\x00\x11ScheduleTaskT\
able\x01\x03\x00\x00\x00\x04\xb9\xe4\xc8\xfc\x08\x00\
\x00\x00\x00\x06\x00\x00\x00\x06Weekly\x07\x00\
\x00\x00\x11ScheduleTaskT\
able\x01\x03\x00\x00\x00F\x00A\x00D\x00B\
\x00(\xbc1\xad\xf8\xb7|\xc6\xb4\xb4\xdc\x00 \xc9\xc0\
\xc6\xd0\x00,\x00 \xb2\x90\xb9\xbc\x00,\x00 \xb1\x92\
\xc7@\x00 \xd68\xd6X\xc11\x00,\x00 \xb1\x92\
\xc7@\x00 \xc9\xc0\xc5\xf0\x00 \xc2\xdc\xac\x04\x00)\
\x08\x00\x00\x00\x00\x06\x00\x00\x00@ADB(Su\
pports Backgroun\
d, Slow, High Co\
mpatibility, Hig\
h Latency)\x07\x00\x00\x00\x15S\
electCaptureList\
View\x01\x03\x00\x00\x002\x00B\x00i\x00t\
\x00B\x00l\x00t\x00 \x00-\x00 \xac\x00\xc7\xa5\
\x00 \xbe`\xb9\x84\x00,\x00 \xd68\xd6X\xc11\
\x00 \xac\x00\xc7\xa5\x00 \xb0\xae\xc7L\x08\x00\x00\x00\
\x00\x06\x00\x00\x00\x06BitBlt\x07\x00\x00\x00\
\x15SelectCaptureLi\
stView\x01\x03\x00\x00\x00<\x00B\x00i\
\x00t\x00B\x00l\x00t\x00_\x00R\x00e\x00n\
\x00d\x00e\x00r\x00F\x00u\x00l\x00l\x00 \
\x00-\x00 \xb2\x90\xb9\xbc\x00,\x00 \xac\x00\xc7\xa5\
\x00 \xd68\xd6X\xb4(\x08\x00\x00\x00\x00\x06\x00\x00\
\x00\x11BitBlt_RenderF\
ull\x07\x00\x00\x00\x15SelectCa\
ptureListView\x01\x03\x00\
\x00\x00\x0e\xbe\x0c\xb7|\xc6\xb0\xc8\x00\x00 \xce\xa1\xcc\
\x98\x08\x00\x00\x00\x00\x06\x00\x00\x00\x0fBrows\
er Capture\x07\x00\x00\x00\x15S\
electCaptureList\
View\x01\x03\x00\x00\x00*\x00D\x00X\x00G\
\x00I\x00 \x00-\x00 \xac\x00\xc7\xa5\x00 \xb2\x90\
\xb9\xbc\x00,\x00 \xbc1\xc5\xc5\xc7<\xb8\x5c\x00 \
\xc0\xac\xc6\xa9\x08\x00\x00\x00\x00\x06\x00\x00\x00\x04DX\
GI\x07\x00\x00\x00\x15SelectCap\
tureListView\x01\x03\x00\x00\
\x00>\xc5\xd0\xbb\xac\xb8\x08\xc7t\xd10\x00 \xcc=\
\x00(\xbc1\xad\xf8\xb7|\xc6\xb4\xb4\xdc\x00 \xc9\xc0\
\xc6\xd0\x00,\x00 \xbe`\xb9\x84\x00,\x00 \xb0\xae\
\xc7@\x00 \xc9\xc0\xc5\xf0\x00 \xc2\xdc\xac\x04\x00)\
\x08\x00\x00\x00\x00\x06\x00\x00\x007Emulat\
or Window(Suppor\
ts Background, F\
ast, Low Latency\
)\x07\x00\x00\x00\x15SelectCapt\
ureListView\x01\x03\x00\x00\x00\
\x08\xac\x8c\xc7\x84\x00 \xcc=\x08\x00\x00\x00\x00\x06\x00\
\x00\x00\x0bGame Window\x07\x00\
\x00\x00\x15SelectCapture\
ListView\x01\x03\x00\x00\x008\xb1$\
\xc7t\xd2\xf0\xbe\x0c\x00(\x00M\x00u\x00M\x00u\
\x00P\x00l\x00a\x00y\x00e\x00r\x001\x002\
\x00 \xbc\x84\xc8\x04\x00 \x00>\x00=\x00 \x004\
\x00.\x000\x00)\x08\x00\x00\x00\x00\x06\x00\x00\x00!\
Ipc (MuMuPlayer1\
2 version >= 4.0\
)\x07\x00\x00\x00\x15SelectCapt\
ureListView\x01\x03\x00\x00\x00\
\x22\x00W\x00G\x00C\x00 \x00-\x00 \x00>\x00\
=\x00W\x00i\x00n\x001\x000\x00,\x00 \xbe\
`\xb9\x84\x08\x00\x00\x00\x00\x06\x00\x00\x00\x03WGC\
\x07\x00\x00\x00\x15SelectCaptu\
reListView\x01\x03\x00\x00\x00,\
\x00A\x00D\x00B\x00I\x00n\x00t\x00e\x00r\
\x00a\x00c\x00t\x00i\x00o\x00n\x00 \x00-\
\x00 \xbc1\xad\xf8\xb7|\xc6\xb4\xb4\xdc\x08\x00\x00\x00\
\x00\x06\x00\x00\x00\x0eADBInterac\
tion\x07\x00\x00\x00\x19SelectI\
nteractionListVi\
ew\x01\x03\x00\x00\x004\x00B\x00r\x00o\x00w\
\x00s\x00e\x00r\x00I\x00n\x00t\x00e\x00r\
\x00a\x00c\x00t\x00i\x00o\x00n\x00 \x00-\
\x00 \xbc1\xad\xf8\xb7|\xc6\xb4\xb4\xdc\x08\x00\x00\x00\
\x00\x06\x00\x00\x00\x12BrowserInt\
eraction\x07\x00\x00\x00\x19Sel\
ectInteractionLi\
stView\x01\x03\x00\x00\x00>\x00G\x00e\
\x00n\x00s\x00h\x00i\x00n\x00 \x00-\x00 \
\xbc1\xad\xf8\xb7|\xc6\xb4\xb4\xdc\x00,\x00 \xc7|\
\xbd\x80\x00 \x00U\x00n\x00i\x00t\x00y\x00 \
\xac\x8c\xc7\x84\x00 \xc9\xc0\xc6\xd0\x08\x00\x00\x00\x00\x06\
\x00\x00\x00\x07Genshin\x07\x00\x00\x00\x19\
SelectInteractio\
nListView\x01\x03\x00\x00\x00F\x00\
P\x00o\x00s\x00t\x00M\x00e\x00s\x00s\x00\
a\x00g\x00e\x00 \x00-\x00 \xbc1\xad\xf8\xb7\
|\xc6\xb4\xb4\xdc\x00,\x00 \xb3\x00\xbd\x80\xbd\x84\xc7\
X\x00 \xc5q\x00 \xbc\x0f\x00 \xc7|\xbd\x80\x00\
 \xac\x8c\xc7\x84\x08\x00\x00\x00\x00\x06\x00\x00\x00\x0bP\
ostMessage\x07\x00\x00\x00\x19S\
electInteraction\
ListView\x01\x03\x00\x00\x006\x00P\
\x00y\x00D\x00i\x00r\x00e\x00c\x00t\x00 \
\x00-\x00 \xd3\xec\xad\xf8\xb7|\xc6\xb4\xb4\xdc\x00,\
\x00 \x00P\x00y\x00n\x00p\x00u\x00t\x00 \
\xbc1\xc5\xc5\x08\x00\x00\x00\x00\x06\x00\x00\x00\x08Py\
Direct\x07\x00\x00\x00\x19Selec\
tInteractionList\
View\x01\x03\x00\x00\x00,\x00P\x00y\x00n\
\x00p\x00u\x00t\x00 \x00-\x00 \xd3\xec\xad\xf8\
\xb7|\xc6\xb4\xb4\xdc\x00,\x00 \xac\x00\xc7\xa5\x00 \
\xd68\xd6X\xb4(\x08\x00\x00\x00\x00\x06\x00\x00\x00\x06\
Pynput\x07\x00\x00\x00\x19Selec\
tInteractionList\
View\x01\x03\x00\x00\x00\x04\xc8\x15\xbc\xf4\x08\x00\
\x00\x00\x00\x06\x00\x00\x00\x05About\x07\x00\x00\
\x00\x0aSettingTab\x01\x03\x00\x00\
\x00\x08\xc5q\x00 \xc1$\xc8\x15\x08\x00\x00\x00\x00\x06\
\x00\x00\x00\x0aApp Config\x07\x00\
\x00\x00\x0aSettingTab\x01\x03\x00\
\x00\x00\x08\xc5q\x00 \xc1$\xc8\x15\x08\x00\x00\x00\x00\
\x06\x00\x00\x00\x0cApp Setting\
s\x07\x00\x00\x00\x0aSettingTab\
\x01\x03\x00\x00\x00\x12\xc5`\xd5\x0c\xb9\xac\xcf\x00\xc7t\
\xc1X\x00 \xd1L\xb9\xc8\x08\x00\x00\x00\x00\x06\x00\x00\
\x00\x11Application Th\
eme\x07\x00\x00\x00\x0aSettingT\
ab\x01\x03\x00\x00\x00\x1a\xc5`\xd5\x0c\xb9\xac\xcf\x00\
\xc7t\xc1X\xc7X\x00 \xba\xa8\xc5\x91\x00 \xbc\xc0\
\xac\xbd\x08\x00\x00\x00\x00\x06\x00\x00\x00(Chan\
ge the appearanc\
e of the applica\
tion\x07\x00\x00\x00\x0aSetting\
Tab\x01\x03\x00\x00\x00\x0e\xc5\xc5\xb3p\xc7t\xd2\
\xb8\x00 \xd6U\xc7x\x08\x00\x00\x00\x00\x06\x00\x00\x00\
\x0cCheck update\x07\x00\x00\
\x00\x0aSettingTab\x01\x03\x00\x00\
\x00\x22\xb2\xe4\xc2\xdc\x00 \xc2\xdc\xc7\x91\xd5X\xbat\
\x00 \xadl\xc11\xc7t\x00 \xc8\x01\xc6\xa9\xb4)\
\xb2\xc8\xb2\xe4\x08\x00\x00\x00\x00\x06\x00\x00\x00(Co\
nfiguration take\
s effect after r\
estart\x07\x00\x00\x00\x0aSetti\
ngTab\x01\x03\x00\x00\x00\x06\xc5\xb4\xb4a\xac\
\x8c\x08\x00\x00\x00\x00\x06\x00\x00\x00\x04Dark\x07\
\x00\x00\x00\x0aSettingTab\x01\x03\
\x00\x00\x00\x5c\xc0\xc8\xb8\x5c\xc6\xb4\x00 \xae0\xb2\xa5\
\xc7D\x00 \xbc\x1c\xac\xac\xd5X\xac\xe0\x00 \x00P\
\x00y\x00Q\x00t\x00-\x00F\x00l\x00u\x00e\
\x00n\x00t\x00-\x00W\x00i\x00d\x00g\x00e\
\x00t\x00s\xc5\xd0\x00 \xb3\x00\xd5\x5c\x00 \xc7 \
\xc6\xa9\xd5\x5c\x00 \xd3\x01\x00 \xbc0\xc6\xb0\xae0\
\x08\x00\x00\x00\x00\x06\x00\x00\x00EDiscov\
er new features \
and learn useful\
 tips about PyQt\
-Fluent-Widgets\x07\
\x00\x00\x00\x0aSettingTab\x01\x03\
\x00\x00\x00\x06\xb3\xc4\xc6\xc0\xb9\xd0\x08\x00\x00\x00\x00\x06\
\x00\x00\x00\x04Help\x07\x00\x00\x00\x0aSet\
tingTab\x01\x03\x00\x00\x00\x04\xc5\xb8\xc5\
\xb4\x08\x00\x00\x00\x00\x06\x00\x00\x00\x08Langu\
age\x07\x00\x00\x00\x0aSettingT\
ab\x01\x03\x00\x00\x00\x04\xbc\x1d\xac\x8c\x08\x00\x00\x00\
\x00\x06\x00\x00\x00\x05Light\x07\x00\x00\x00\x0a\
SettingTab\x01\x03\x00\x00\x00\x14\
\xb3\xc4\xc6\xc0\xb9\xd0\x00 \xd3\x98\xc7t\xc9\xc0\x00 \
\xc5\xf4\xae0\x08\x00\x00\x00\x00\x06\x00\x00\x00\x0eOp\
en help page\x07\x00\x00\x00\
\x0aSettingTab\x01\x03\x00\x00\x00\
\x14\xc1 \xd68\xd5X\xb2\x94\x00 \xc5\xb8\xc5\xb4\x00\
 \xc1$\xc8\x15\x08\x00\x00\x00\x00\x06\x00\x00\x00\x1bS\
et your preferre\
d language\x07\x00\x00\x00\x0aS\
ettingTab\x01\x03\x00\x00\x00 \x00\
U\x00I\xc5\xd0\x00 \xc0\xac\xc6\xa9\xd5`\x00 \xc1\
 \xd68\x00 \xc5\xb8\xc5\xb4\x00 \xc1$\xc8\x15\x08\
\x00\x00\x00\x00\x06\x00\x00\x00\x22Set you\
r preferred lang\
uage for UI\x07\x00\x00\x00\x0a\
SettingTab\x01\x03\x00\x00\x00\x04\
\xc1$\xc8\x15\x08\x00\x00\x00\x00\x06\x00\x00\x00\x08Se\
ttings\x07\x00\x00\x00\x0aSetti\
ngTab\x01\x03\x00\x00\x00\x16\xc11\xac\xf5\xc8\
\x01\xc7<\xb8\x5c\x00 \xc5\xc5\xb3p\xc7t\xd2\xb8\xb4\
(\x08\x00\x00\x00\x00\x06\x00\x00\x00\x14Updat\
ed successfully\x07\
\x00\x00\x00\x0aSettingTab\x01\x03\
\x00\x00\x00\x12\xc2\xdc\xc2\xa4\xd1\x5c\x00 \xc1$\xc8\x15\
\x00 \xc0\xac\xc6\xa9\x08\x00\x00\x00\x00\x06\x00\x00\x00\x12\
Use system setti\
ng\x07\x00\x00\x00\x0aSettingTa\
b\x01\x03\x00\x00\x00\x04\xbc\x84\xc8\x04\x08\x00\x00\x00\x00\
\x06\x00\x00\x00\x07Version\x07\x00\x00\x00\
\x0aSettingTab\x01\x03\x00\x00\x00\
\x10\xba\xa8\xb4P\x00 \xc7|\xc2\xdc\x00 \xc9\x11\xc9\
\xc0\x08\x00\x00\x00\x00\x06\x00\x00\x00\x09Pause\
 All\x07\x00\x00\x00\x0bStartBu\
tton\x01\x03\x00\x00\x00\x0a\xba\xa8\xb4P\x00 \
\xc2\xdc\xc7\x91\x08\x00\x00\x00\x00\x06\x00\x00\x00\x09St\
art All\x07\x00\x00\x00\x0bStar\
tButton\x01\x03\x00\x00\x00\x04\xce\xa1\xcc\
\x98\x08\x00\x00\x00\x00\x06\x00\x00\x00\x07Captu\
re\x07\x00\x00\x00\x09StartCard\
\x01\x03\x00\x00\x00\x0e\xb8\x5c\xad\xf8\x00 \xb0\xb4\xbc\xf4\
\xb0\xb4\xae0\x08\x00\x00\x00\x00\x06\x00\x00\x00\x0bEx\
port Logs\x07\x00\x00\x00\x09St\
artCard\x01\x03\x00\x00\x00\x14\xac\x8c\xc7\
\x84\x00 \xcc=\x00 \xc5\xf0\xac\xb0\x00 \xb0J\xae\
@\x08\x00\x00\x00\x00\x06\x00\x00\x00\x18Game \
Window Disconnec\
ted\x07\x00\x00\x00\x09StartCar\
d\x01\x03\x00\x00\x00\x0a\xc1$\xceX\x00 \xd3\xf4\xb3\
T\x08\x00\x00\x00\x00\x06\x00\x00\x00\x0eInsta\
ll Folder\x07\x00\x00\x00\x09St\
artCard\x01\x03\x00\x00\x00\x0a\xc7|\xc2\
\xdc\x00 \xc9\x11\xc9\xc0\x08\x00\x00\x00\x00\x06\x00\x00\x00\
\x05Pause\x07\x00\x00\x00\x09Start\
Card\x01\x03\x00\x00\x00:\xc7|\xc2\xdc\x00 \
\xc9\x11\xc9\xc0\xb4(\x00:\x00 \x00P\x00C\x00 \
\xac\x8c\xc7\x84\x00 \xcc=\xc7t\x00 \xc8\x04\xbat\
\xc5\xd0\x00 \xc7\x88\xc5\xb4\xc5|\x00 \xd5i\xb2\xc8\
\xb2\xe4\x00!\x08\x00\x00\x00\x00\x06\x00\x00\x00(Pa\
used: PC Game Wi\
ndow Must Be in \
Front!\x07\x00\x00\x00\x09Start\
Card\x01\x03\x00\x00\x00\x08\xc0\xc8\xb8\x5c\xac\xe0\
\xceh\x08\x00\x00\x00\x00\x06\x00\x00\x00\x07Refr\
esh\x07\x00\x00\x00\x09StartCar\
d\x01\x03\x00\x00\x00\x08\xc2\xe4\xd5\x89\x00 \xc9\x11\x08\
\x00\x00\x00\x00\x06\x00\x00\x00\x07Running\
\x07\x00\x00\x00\x09StartCard\x01\x03\
\x00\x00\x00\x04\xc2\xdc\xc7\x91\x08\x00\x00\x00\x00\x06\x00\x00\
\x00\x05Start\x07\x00\x00\x00\x09Star\
tCard\x01\x03\x00\x00\x00\x0a\xac\x8c\xc7\x84\x00\
 \xc2\xdc\xc7\x91\x08\x00\x00\x00\x00\x06\x00\x00\x00\x0aS\
tart Game\x07\x00\x00\x00\x09St\
artCard\x01\x03\x00\x00\x00\x0c\xd2\xb8\xb9\
\xac\xacp\x00 \xc7\x91\xc5\xc5\x08\x00\x00\x00\x00\x06\x00\
\x00\x00\x0dTrigger Tasks\
\x07\x00\x00\x00\x09StartCard\x01\x03\
\x00\x00\x00\x1a\xc2\xdc\xc7\x91\xd5`\x00 \xc7\x91\xc5\xc5\
\xc7D\x00 \xc1 \xd0\xdd\xd5X\xc18\xc6\x94\x08\x00\
\x00\x00\x00\x06\x00\x00\x00\x1eWaiting \
for task to be e\
nabled\x07\x00\x00\x00\x09Start\
Card\x01\x03\x00\x00\x00L\x00,\x00 \xac\x8c\
\xc7\x84\x00 \xcc=\xc7t\x00 \xcd\x5c\xc1\x8c\xd6T\
\x00,\x00 \xd0l\xae0\x00 \xc8p\xc8\x15\x00 \
\xb6\x10\xb2\x94\x00 \xd6T\xbat\x00 \xbc\x16\xc5\xd0\
\x00 \xc7\x88\xb2\x94\xc9\xc0\x00 \xd6U\xc7x\xd5X\
\xc18\xc6\x94\x00.\x08\x00\x00\x00\x00\x06\x00\x00\x00?\
, check if game \
windows is minim\
ized, resized or\
 out of screen.\x07\
\x00\x00\x00\x0fStartControl\
ler\x01\x03\x00\x00\x00:\x00,\x00 \xc9\xc0\xc6\
\xd0\xb4\x18\xb2\x94\x00 \xcd\x5c\xc1\x8c\x00 \xd5t\xc0\
\xc1\xb3\xc4\xb2\x94\x00 \x00{\x00m\x00i\x00n\x00\
_\x00s\x00i\x00z\x00e\x00}\x00 \xc7\x85\xb2\
\xc8\xb2\xe4\x08\x00\x00\x00\x00\x06\x00\x00\x00,, t\
he supported min\
 resolution is {\
min_size}\x07\x00\x00\x00\x0fSt\
artController\x01\x03\x00\
\x00\x00@\x00,\x00 \xc9\xc0\xc6\xd0\xb4\x18\xb2\x94\x00\
 \xbeD\xc7(\xc7@\x00 \x00{\x00s\x00u\x00\
p\x00p\x00o\x00r\x00t\x00e\x00d\x00_\x00\
r\x00a\x00t\x00i\x00o\x00}\x00 \xc7\x85\xb2\
\xc8\xb2\xe4\x08\x00\x00\x00\x00\x06\x00\x00\x00*, t\
he supported rat\
io is {supported\
_ratio}\x07\x00\x00\x00\x0fStar\
tController\x01\x03\x00\x00\x00\
2\xc7\x90\xb3\xd9\x00 \x00H\x00D\x00R\xc7t\x00\
 \xcf\x1c\xc88\x00 \xc7\x88\xc2\xb5\xb2\xc8\xb2\xe4\x00\
.\x00 \xba<\xc8\x00\x00 \xae\xbc\xc8\xfc\xc18\xc6\
\x94\x00.\x08\x00\x00\x00\x00\x06\x00\x00\x00.Aut\
o HDR is enabled\
, please turn it\
 off first.\x07\x00\x00\x00\x0f\
StartController\x01\
\x03\x00\x00\x00R\xc7\x90\xb3\xd9\x00 \x00H\x00D\x00\
R\xc7t\x00 \xcf\x1c\xc88\x00 \xc7\x88\xc2\xb5\xb2\
\xc8\xb2\xe4\x00.\x00 \xc7\x91\xc5\xc5\xc7t\x00 \xc6\
,\xbc\x14\xb9t\xac\x8c\x00 \xc7\x91\xb3\xd9\xd5X\xc9\
\xc0\x00 \xc5J\xc7D\x00 \xc2\x18\x00 \xc7\x88\xc2\
\xb5\xb2\xc8\xb2\xe4\x00!\x08\x00\x00\x00\x00\x06\x00\x00\x00\
4Auto HDR is ena\
bled, tasks migh\
t not work corre\
ctly!\x07\x00\x00\x00\x0fStartC\
ontroller\x01\x03\x00\x00\x00@\xac\
\x8c\xc7\x84\xc7D\x00 \xc2\xdc\xc7\x91\xd5`\x00 \xc2\
\x18\x00 \xc5\xc6\xc2\xb5\xb2\xc8\xb2\xe4\x00.\x00 \xac\
\x8c\xc7\x84\xc7t\x00 \xc1$\xceX\xb4\x18\xc5\xc8\xb2\
\x94\xc9\xc0\x00 \xd6U\xc7x\xd5X\xc18\xc6\x94\x08\
\x00\x00\x00\x00\x06\x00\x00\x001Can't s\
tart game, make \
sure the game is\
 installed\x07\x00\x00\x00\x0fS\
tartController\x01\x03\
\x00\x00\x00$\xce\xa1\xcc\x98\x00 \xc2\xe4\xd3(\x00,\
\x00 \xac\x8c\xc7\x84\x00 \xcc=\xc7D\x00 \xd6U\
\xc7x\xd5X\xc18\xc6\x94\x08\x00\x00\x00\x00\x06\x00\x00\
\x00(Capture failed\
, please check g\
ame window\x07\x00\x00\x00\x0fS\
tartController\x01\x03\
\x00\x00\x00F\xc5\xd0\xbb\xac\xb8\x08\xc7t\xd10\xac\x00\
\x00 \xc5\xf0\xac\xb0\xb4\x18\xc9\xc0\x00 \xc5J\xc5X\
\xc2\xb5\xb2\xc8\xb2\xe4\x00.\x00 \xba<\xc8\x00\x00 \
\xc5\xd0\xbb\xac\xb8\x08\xc7t\xd10\xb9|\x00 \xc2\xdc\
\xc7\x91\xd5X\xc18\xc6\x94\x00!\x08\x00\x00\x00\x00\x06\
\x00\x00\x004Emulator is \
not connected, s\
tart the emulato\
r first!\x07\x00\x00\x00\x0fSta\
rtController\x01\x03\x00\x00\
\x00\x16\x00G\x00P\x00U\x00 \xb4\xdc\xb7|\xc7t\
\xbc\x84\x00 \xac\xbd\xac\xe0\x08\x00\x00\x00\x00\x06\x00\x00\
\x00\x12GPU Driver War\
ning\x07\x00\x00\x00\x0fStartCo\
ntroller\x01\x03\x00\x00\x008\xac\x8c\
\xc7\x84\x00 \xac\xbd\xb8\x5c\xac\x00\x00 \xc5\xc6\xc2\xb5\
\xb2\xc8\xb2\xe4\x00.\x00 \xac\x8c\xc7\x84\xc7D\x00 \
\xc2\x18\xb3\xd9\xc7<\xb8\x5c\x00 \xc2\xdc\xc7\x91\xd5X\
\xc18\xc6\x94\x00!\x08\x00\x00\x00\x00\x06\x00\x00\x004\
Game path does n\
ot exist, Please\
 open game manua\
lly!\x07\x00\x00\x00\x0fStartCo\
ntroller\x01\x03\x00\x00\x00B\xac\x8c\
\xc7\x84\x00 \xd5t\xc0\xc1\xb3\xc4\x00 \x00{\x00r\
\x00e\x00s\x00o\x00l\x00u\x00t\x00i\x00o\
\x00n\x00}\xc7@\x00(\xb2\x94\x00)\x00 \xc9\xc0\
\xc6\xd0\xb4\x18\xc9\xc0\x00 \xc5J\xc2\xb5\xb2\xc8\xb2\xe4\
\x08\x00\x00\x00\x00\x06\x00\x00\x00-Game r\
esolution {resol\
ution} is not su\
pported\x07\x00\x00\x00\x0fStar\
tController\x01\x03\x00\x00\x00\
^\xc7t\xbb\xf8\xc9\xc0\x00 \xb9\xac\xc1\x8c\xc2\xa4\x00\
 \xb8\x5c\xb4\xdc\x00 \xc2\xe4\xd3(\x00,\x00 \xb2\
\xe4\xc2\xdc\x00 \xc1$\xceX\xd5t\x00 \xbc\xf4\xc1\
8\xc6\x94\x00.\x00 \x00(\xc5q\xc7D\x00 \xb2\
\xe4\xc6\xb4\xb8\x5c\xb4\xdc\x00 \xd3\xf4\xb3T\xc5\xd0\x00\
 \xb4P\xc9\xc0\x00 \xb9\xc8\xc18\xc6\x94\x00)\x08\
\x00\x00\x00\x00\x06\x00\x00\x00\x5cImage r\
esource load fai\
led, please try \
install again.(D\
on't put the app\
 in Downloads fo\
lder)\x07\x00\x00\x00\x0fStartC\
ontroller\x01\x03\x00\x00\x00\x1e\xac\
\x8c\xc7\x84\xc7D\x00 \xc1 \xd0\xdd\xd5X\xc9\xc0\x00\
 \xc5J\xc5X\xc2\xb5\xb2\xc8\xb2\xe4\x00!\x08\x00\x00\
\x00\x00\x06\x00\x00\x00\x11No game s\
elected!\x07\x00\x00\x00\x0fSta\
rtController\x01\x03\x00\x00\
\x00Z\x00P\x00C\x00 \xbc\x84\xc8\x04\xc7@\x00 \
\xad\x00\xb9\xac\xc7\x90\x00 \xad\x8c\xd5\x5c\xc7t\x00 \
\xd5D\xc6\x94\xd5i\xb2\xc8\xb2\xe4\x00.\x00 \xad\x00\
\xb9\xac\xc7\x90\x00 \xad\x8c\xd5\x5c\xc7<\xb8\x5c\x00 \
\xc7t\x00 \xc5q\xc7D\x00 \xb2\xe4\xc2\xdc\x00 \
\xc2\xdc\xc7\x91\xd5X\xc18\xc6\x94\x00!\x08\x00\x00\x00\
\x00\x06\x00\x00\x00TPC version\
 requires admin \
privileges, Plea\
se restart this \
app with admin p\
rivileges!\x07\x00\x00\x00\x0fS\
tartController\x01\x03\
\x00\x00\x00f\xd5t\xc0\xc1\xb3\xc4\x00 \x00{\x00r\
\x00e\x00s\x00o\x00l\x00u\x00t\x00i\x00o\
\x00n\x00}\x00 \xd6U\xc7x\x00 \xc2\xe4\xd3(\
\x00,\x00 \xc7|\xbd\x80\x00 \xc7\x91\xc5\xc5\xc7t\
\x00 \xc6,\xbc\x14\xb9t\xac\x8c\x00 \xc7\x91\xb3\xd9\
\xd5X\xc9\xc0\x00 \xc5J\xc7D\x00 \xc2\x18\x00 \
\xc7\x88\xc2\xb5\xb2\xc8\xb2\xe4\x00!\x08\x00\x00\x00\x00\x06\
\x00\x00\x00JResolution {\
resolution} chec\
k failed, some t\
asks might not w\
ork correctly!\x07\x00\
\x00\x00\x0fStartControll\
er\x01\x03\x00\x00\x00B\xc1 \xd0\xdd\xd5\x5c\x00 \
\xce\xa1\xcc\x98\x00 \xbc)\xbc\x95\xc7t\x00 \xac\x8c\
\xc7\x84\x00 \xb6\x10\xb2\x94\x00 \xc2\xdc\xc2\xa4\xd1\x5c\
\xc5\xd0\xc1\x1c\x00 \xc9\xc0\xc6\xd0\xb4\x18\xc9\xc0\x00 \
\xc5J\xc2\xb5\xb2\xc8\xb2\xe4\x00!\x08\x00\x00\x00\x00\x06\
\x00\x00\x00DSelected cap\
ture method is n\
ot supported by \
the game or your\
 system!\x07\x00\x00\x00\x0fSta\
rtController\x01\x03\x00\x00\
\x008\xac\x8c\xc7\x84\x00 \xc2\xdc\xc7\x91\x00 \xc2\xe4\
\xd3(\x00,\x00 \xba<\xc8\x00\x00 \xac\x8c\xc7\x84\
\xc7D\x00 \xc2\x18\xb3\xd9\xc7<\xb8\x5c\x00 \xc2\xdc\
\xc7\x91\xd5X\xc18\xc6\x94\x00!\x08\x00\x00\x00\x00\x06\
\x00\x00\x00*Start game f\
ailed, please st\
art game first\x07\x00\
\x00\x00\x0fStartControll\
er\x01\x03\x00\x00\x00\x12\xc2\xdc\xc7\x91\x00 \xc2\xdc\
\xac\x04\x00 \xcd\x08\xac\xfc\x00!\x08\x00\x00\x00\x00\x06\
\x00\x00\x00\x13Start game t\
imeout!\x07\x00\x00\x00\x0fStar\
tController\x01\x03\x00\x00\x00\
`\xac\x8c\xc7\x84\x00 \xcc=\xc7t\x00 \xcd\x5c\xc1\
\x8c\xd6T\xb4\x18\xc5\xc8\xacp\xb0\x98\x00 \xd6T\xba\
t\x00 \xbc\x16\xc5\xd0\x00 \xc7\x88\xc2\xb5\xb2\xc8\xb2\
\xe4\x00.\x00 \xc8\x04\xcc\xb4\x00 \xd6T\xbat\x00\
 \xc8\x04\xc6\xa9\x00 \xba\xa8\xb4\xdc\xb9|\x00 \xc0\
\xac\xc6\xa9\xd5X\xc9\xc0\x00 \xb9\xc8\xc18\xc6\x94\x00\
!\x08\x00\x00\x00\x00\x06\x00\x00\x00KWindo\
w is minimized o\
r out of screen,\
 and do NOT use \
full-screen excl\
usive!\x07\x00\x00\x00\x0fStart\
Controller\x01\x03\x00\x00\x00Z\
\xcc=\xc7t\x00 \xcd\x5c\xc1\x8c\xd6T\xb4\x18\xc5\xc8\
\xacp\xb0\x98\x00 \xd6T\xbat\x00 \xbc\x16\xc5\xd0\
\x00 \xc7\x88\xc2\xb5\xb2\xc8\xb2\xe4\x00.\x00 \xc8\x04\
\xcc\xb4\x00 \xd6T\xbat\x00 \xc8\x04\xc6\xa9\x00 \
\xba\xa8\xb4\xdc\xb9|\x00 \xc0\xac\xc6\xa9\xd5X\xc9\xc0\
\x00 \xb9\xc8\xc18\xc6\x94\x00!\x08\x00\x00\x00\x00\x06\
\x00\x00\x00OWindow is mi\
nimized or out o\
f screen, and do\
n't use full-scr\
een exclusive mo\
de!\x07\x00\x00\x00\x0fStartCon\
troller\x01\x03\x00\x00\x00@\x00W\x00\
i\x00n\x00d\x00o\x00w\x00s\x00 \xc5|\xac\
\x04\x00 \xba\xa8\xb4\xdc\xac\x00\x00 \xcf\x1c\xc88\x00\
 \xc7\x88\xc2\xb5\xb2\xc8\xb2\xe4\x00.\x00 \xba<\xc8\
\x00\x00 \xae\xbc\xc8\xfc\xc18\xc6\x94\x00.\x08\x00\x00\
\x00\x00\x06\x00\x00\x009Windows n\
ight light is en\
abled, please tu\
rn it off first.\
\x07\x00\x00\x00\x0fStartContro\
ller\x01\x03\x00\x00\x00`\x00W\x00i\x00n\
\x00d\x00o\x00w\x00s\x00 \xc5|\xac\x04\x00 \
\xba\xa8\xb4\xdc\xac\x00\x00 \xcf\x1c\xc88\x00 \xc7\x88\
\xc2\xb5\xb2\xc8\xb2\xe4\x00.\x00 \xc7\x91\xc5\xc5\xc7t\
\x00 \xc6,\xbc\x14\xb9t\xac\x8c\x00 \xc7\x91\xb3\xd9\
\xd5X\xc9\xc0\x00 \xc5J\xc7D\x00 \xc2\x18\x00 \
\xc7\x88\xc2\xb5\xb2\xc8\xb2\xe4\x00!\x08\x00\x00\x00\x00\x06\
\x00\x00\x00?Windows nigh\
t light is enabl\
ed, tasks might \
not work correct\
ly!\x07\x00\x00\x00\x0fStartCon\
troller\x01\x03\x00\x00\x00`\x00{\x00\
v\x00e\x00n\x00d\x00o\x00r\x00}\x00 \x00\
{\x00f\x00e\x00a\x00t\x00u\x00r\x00e\x00\
}\x00 \xae0\xb2\xa5\xc7t\x00 \xd6\x5c\xc11\xd6\
T\xb4\x18\xc5\xb4\x00 \xc7\x88\xc5\xb4\x00 \xc6$\xc7\
\x91\xb3\xd9\xc7D\x00 \xc7|\xc7<\xd0\xac\x00 \xc2\
\x18\x00 \xc7\x88\xc2\xb5\xb2\xc8\xb2\xe4\x00!\x08\x00\x00\
\x00\x00\x06\x00\x00\x009{vendor} \
{feature} is ena\
bled and may cau\
se malfunctions!\
\x07\x00\x00\x00\x0fStartContro\
ller\x01\x03\x00\x00\x00N\x00{\x00}\xac\x8c\
\xc7\x84\x00 \xcc=\xc7t\x00 \xc5\xf0\xac\xb0\xb4\x18\
\xc9\xc0\x00 \xc5J\xc5X\xc2\xb5\xb2\xc8\xb2\xe4\x00.\
\x00 \xac\x8c\xc7\x84\x00 \xcc=\xac\xfc\x00 \xce\xa1\
\xcc\x98\x00 \xbc)\xbc\x95\xc7D\x00 \xc1 \xd0\xdd\
\xd5X\xc18\xc6\x94\x00.\x08\x00\x00\x00\x00\x06\x00\x00\
\x003{} is not conn\
ected, please se\
lect the game wi\
ndow.\x07\x00\x00\x00\x0fStartC\
ontroller\x01\x03\x00\x00\x00\x08\xb8\
\x5c\xb5)\x00 \xc9\x11\x08\x00\x00\x00\x00\x06\x00\x00\x00\
\x07Loading\x07\x00\x00\x00\x12Sta\
rtLoadingDialog\x01\
\x03\x00\x00\x00<\xc2\xdc\xc7\x91\x00 \xc9\x11\x00,\x00\
 \x00{\x00s\x00e\x00c\x00o\x00n\x00d\x00\
s\x00_\x00l\x00e\x00f\x00t\x00}\xcd\x08\x00\
 \xd6\xc4\x00 \xc2\xdc\xac\x04\x00 \xcd\x08\xac\xfc\x00\
.\x08\x00\x00\x00\x00\x06\x00\x00\x00/Start\
ing, timeout aft\
er {seconds_left\
} seconds.\x07\x00\x00\x00\x12S\
tartLoadingDialo\
g\x01\x03\x00\x00\x00\x0e\x00A\x00n\x00d\x00r\x00\
o\x00i\x00d\x08\x00\x00\x00\x00\x06\x00\x00\x00\x07A\
ndroid\x07\x00\x00\x00\x08Start\
Tab\x01\x03\x00\x00\x00\x04\xce\xa1\xcc\x98\x08\x00\x00\
\x00\x00\x06\x00\x00\x00\x07Capture\x07\x00\
\x00\x00\x08StartTab\x01\x03\x00\x00\x00\
\x0a\xce\xa1\xcc\x98\x00 \xbc)\xc2\xdd\x08\x00\x00\x00\x00\
\x06\x00\x00\x00\x0eCapture Met\
hod\x07\x00\x00\x00\x08StartTab\
\x01\x03\x00\x00\x00\x10\xc0\xc1\xd68\x00 \xc7\x91\xc6\xa9\
\x00 \xc1 \xd0\xdd\x08\x00\x00\x00\x00\x06\x00\x00\x00\x12\
Choose Interacti\
on\x07\x00\x00\x00\x08StartTab\x01\
\x03\x00\x00\x00\x08\xcc=\x00 \xc1 \xd0\xdd\x08\x00\x00\
\x00\x00\x06\x00\x00\x00\x0dChoose Wi\
ndow\x07\x00\x00\x00\x08StartTa\
b\x01\x03\x00\x00\x00\x06\xc5\xf0\xac\xb0\xb4(\x08\x00\x00\
\x00\x00\x06\x00\x00\x00\x09Connected\
\x07\x00\x00\x00\x08StartTab\x01\x03\x00\
\x00\x00\x0a\xac\x1c\xbc\x1c\x00 \xb3\xc4\xadl\x08\x00\x00\
\x00\x00\x06\x00\x00\x00\x05Debug\x07\x00\x00\x00\
\x08StartTab\x01\x03\x00\x00\x00\x10\xb5\
\x14\xbc\x84\xad\xf8\x00 \xc6$\xbc\x84\xb8\x08\xc7t\x08\
\x00\x00\x00\x00\x06\x00\x00\x00\x0dDebug O\
verlay\x07\x00\x00\x00\x08Start\
Tab\x01\x03\x00\x00\x00\x12\xbc\x15\xc2\xa4\x00 \xc0\
\xac\xc6\xa9\x00 \xc5H\x00 \xd5h\x08\x00\x00\x00\x00\
\x06\x00\x00\x00\x0dDisable Box\
es\x07\x00\x00\x00\x08StartTab\x01\
\x03\x00\x00\x00\x0a\xc5\xf0\xac\xb0\x00 \xb0J\xae@\x08\
\x00\x00\x00\x00\x06\x00\x00\x00\x0cDisconn\
ected\x07\x00\x00\x00\x08StartT\
ab\x01\x03\x00\x00\x00\x0a\xc5\xd0\xbb\xac\xb8\x08\xc7t\
\xd10\x08\x00\x00\x00\x00\x06\x00\x00\x00\x08Emul\
ator\x07\x00\x00\x00\x08StartTa\
b\x01\x03\x00\x00\x00\x0a\xbc\x15\xc2\xa4\x00 \xc0\xac\xc6\
\xa9\x08\x00\x00\x00\x00\x06\x00\x00\x00\x0cEnabl\
e Boxes\x07\x00\x00\x00\x08Star\
tTab\x01\x03\x00\x00\x00\x0e\xb8\x5c\xad\xf8\x00 \
\xb0\xb4\xbc\xf4\xb0\xb4\xae0\x08\x00\x00\x00\x00\x06\x00\x00\
\x00\x0bExport Logs\x07\x00\x00\
\x00\x08StartTab\x01\x03\x00\x00\x00\x18\
\xc6$\xbc\x84\xb8\x08\xc7t\xc5\xd0\x00 \xb8\x5c\xad\xf8\
\x00 \xc2(\xae0\xae0\x08\x00\x00\x00\x00\x06\x00\x00\
\x00\x13Hide Log on Ov\
erlay\x07\x00\x00\x00\x08StartT\
ab\x01\x03\x00\x00\x00\x0a\xc1$\xceX\x00 \xd3\xf4\
\xb3T\x08\x00\x00\x00\x00\x06\x00\x00\x00\x0eInst\
all Folder\x07\x00\x00\x00\x08S\
tartTab\x01\x03\x00\x00\x00\x0a\xb8\x5c\xad\
\xf8\x00 \xd3\xf4\xb3T\x08\x00\x00\x00\x00\x06\x00\x00\x00\
\x0aLog Folder\x07\x00\x00\x00\x08\
StartTab\x01\x03\x00\x00\x00\x06\x00O\
\x00C\x00R\x08\x00\x00\x00\x00\x06\x00\x00\x00\x03OC\
R\x07\x00\x00\x00\x08StartTab\x01\x03\
\x00\x00\x00\x0a\xb8\x5c\xad\xf8\x00 \xc5\xf4\xae0\x08\x00\
\x00\x00\x00\x06\x00\x00\x00\x09Open Log\
s\x07\x00\x00\x00\x08StartTab\x01\x03\
\x00\x00\x00\x04\x00P\x00C\x08\x00\x00\x00\x00\x06\x00\x00\
\x00\x02PC\x07\x00\x00\x00\x08StartTa\
b\x01\x03\x00\x00\x00\x08\xc0\xc8\xb8\x5c\xac\xe0\xceh\x08\
\x00\x00\x00\x00\x06\x00\x00\x00\x07Refresh\
\x07\x00\x00\x00\x08StartTab\x01\x03\x00\
\x00\x00\x0c\xc0\xc8\xb8\x5c\xac\xe0\xceh\x00 \xc9\x11\x08\
\x00\x00\x00\x00\x06\x00\x00\x00\x0aRefresh\
ing\x07\x00\x00\x00\x08StartTab\
\x01\x03\x00\x00\x00\x0e\xc2\xa4\xd0l\xb9\xb0\xc0\xf7\x00 \
\xd3\xf4\xb3T\x08\x00\x00\x00\x00\x06\x00\x00\x00\x11Sc\
reenshot Folder\x07\
\x00\x00\x00\x08StartTab\x01\x03\x00\x00\
\x00\x16\xc6$\xbc\x84\xb8\x08\xc7t\xc5\xd0\x00 \xb8\x5c\
\xad\xf8\x00 \xd4\x5c\xc2\xdc\x08\x00\x00\x00\x00\x06\x00\x00\
\x00\x13Show Log on Ov\
erlay\x07\x00\x00\x00\x08StartT\
ab\x01\x03\x00\x00\x00\x0a\xb8\x5c\xad\xf8\x00 \xbc\xf4\
\xae0\x08\x00\x00\x00\x00\x06\x00\x00\x00\x08View\
 Log\x07\x00\x00\x00\x08StartTa\
b\x01\x03\x00\x00\x00V\x00N\x00P\x00U\x00 \xcd\
\x94\xb8`\x00 \xc6$\xb9X\x00,\x00 \x00I\x00\
n\x00t\x00e\x00l\x00 \x00N\x00P\x00U\x00\
 \xb4\xdc\xb7|\xc7t\xbc\x84\xb9|\x00 \xc5\xc5\xb3\
p\xc7t\xd2\xb8\xd5t\xc5|\x00 \xd5`\x00 \xc2\
\x18\x00 \xc7\x88\xc2\xb5\xb2\xc8\xb2\xe4\x00!\x08\x00\x00\
\x00\x00\x06\x00\x00\x00CNPU infer\
ring Error, you \
might need to up\
date the Intel N\
PU driver!\x07\x00\x00\x00\x04T\
ask\x01\x03\x00\x00\x00\x04\xc6$\xb9X\x08\x00\x00\
\x00\x00\x06\x00\x00\x00\x05Error\x07\x00\x00\x00\
\x0bTaskButtons\x01\x03\x00\x00\
\x00J\xac\x8c\xc7\x84\x00 \xcc=\xc7t\x00 \xc5\xf0\
\xac\xb0\xb4\x18\xc9\xc0\x00 \xc5J\xc5X\xc2\xb5\xb2\xc8\
\xb2\xe4\x00.\x00 \xac\x8c\xc7\x84\x00 \xcc=\xac\xfc\
\x00 \xce\xa1\xcc\x98\x00 \xbc)\xbc\x95\xc7D\x00 \
\xc1 \xd0\xdd\xd5X\xc18\xc6\x94\x00.\x08\x00\x00\x00\
\x00\x06\x00\x00\x00OGame windo\
w is not connect\
ed, please selec\
t the game windo\
w and capture me\
thod.\x07\x00\x00\x00\x0bTaskBu\
ttons\x01\x03\x00\x00\x00\x0a\xc7|\xc2\xdc\x00\
 \xc9\x11\xc9\xc0\x08\x00\x00\x00\x00\x06\x00\x00\x00\x05P\
ause\x07\x00\x00\x00\x0bTaskBut\
tons\x01\x03\x00\x00\x00\x04\xac\xc4\xc1\x8d\x08\x00\
\x00\x00\x00\x06\x00\x00\x00\x06Resume\x07\x00\
\x00\x00\x0bTaskButtons\x01\x03\
\x00\x00\x00\x04\xc2\xdc\xc7\x91\x08\x00\x00\x00\x00\x06\x00\x00\
\x00\x05Start\x07\x00\x00\x00\x0bTask\
Buttons\x01\x03\x00\x00\x00\x04\xc9\x11\xc9\
\xc0\x08\x00\x00\x00\x00\x06\x00\x00\x00\x04Stop\x07\
\x00\x00\x00\x0bTaskButtons\x01\
\x03\x00\x00\x00(\xc8\x15\xb9\xd0\xb8\x5c\x00 \x00{\x00\
}\xc7D\x00(\xb9|\x00)\x00 \xc0\xad\xc8\x1c\xd5\
X\xc2\xdc\xac\xa0\xc2\xb5\xb2\xc8\xaeL\x00?\x08\x00\x00\
\x00\x00\x06\x00\x00\x00\x22Are you s\
ure you want to \
delete {}\x07\x00\x00\x00\x08Ta\
skCard\x01\x03\x00\x00\x00\x04\xc0\xad\xc8\x1c\
\x08\x00\x00\x00\x00\x06\x00\x00\x00\x06Delete\
\x07\x00\x00\x00\x08TaskCard\x01\x03\x00\
\x00\x00\x0a\xc7\x91\xc5\xc5\x00 \xc0\xad\xc8\x1c\x08\x00\x00\
\x00\x00\x06\x00\x00\x00\x0bDelete Ta\
sk\x07\x00\x00\x00\x08TaskCard\x01\
\x03\x00\x00\x00\x0a\xbeD\xd6\x5c\xc11\xd6T\xb4(\x08\
\x00\x00\x00\x00\x06\x00\x00\x00\x08Disable\
d\x07\x00\x00\x00\x08TaskCard\x01\x03\
\x00\x00\x00\x04\xd3\xb8\xc9\xd1\x08\x00\x00\x00\x00\x06\x00\x00\
\x00\x04Edit\x07\x00\x00\x00\x08TaskC\
ard\x01\x03\x00\x00\x00\x08\xd6\x5c\xc11\xd6T\xb4\
(\x08\x00\x00\x00\x00\x06\x00\x00\x00\x07Enabl\
ed\x07\x00\x00\x00\x08TaskCard\x01\
\x03\x00\x00\x00\x0a\xc0\xac\xc6\xa9\x00 \xc1$\xba\x85\x08\
\x00\x00\x00\x00\x06\x00\x00\x00\x0cInstruc\
tions\x07\x00\x00\x00\x08TaskCa\
rd\x01\x03\x00\x00\x00\x08\xc7|\xc2\xdc\xc8\x15\xc9\xc0\
\x08\x00\x00\x00\x00\x06\x00\x00\x00\x05Pause\x07\
\x00\x00\x00\x08TaskCard\x01\x03\x00\x00\
\x00\x0c\xc1$\xc8\x15\x00 \xcd\x08\xae0\xd6T\x08\x00\
\x00\x00\x00\x06\x00\x00\x00\x0cReset Co\
nfig\x07\x00\x00\x00\x08TaskCar\
d\x01\x03\x00\x00\x00\x04\xc7\xac\xac\x1c\x08\x00\x00\x00\x00\
\x06\x00\x00\x00\x06Resume\x07\x00\x00\x00\x08\
TaskCard\x01\x03\x00\x00\x00\x04\xc2\xdc\
\xc7\x91\x08\x00\x00\x00\x00\x06\x00\x00\x00\x05Star\
t\x07\x00\x00\x00\x08TaskCard\x01\x03\
\x00\x00\x00\x04\xc9\x11\xc9\xc0\x08\x00\x00\x00\x00\x06\x00\x00\
\x00\x04Stop\x07\x00\x00\x00\x08TaskC\
ard\x01\x03\x00\x00\x00,\x00{\x00t\x00a\x00\
s\x00k\x00_\x00n\x00a\x00m\x00e\x00}\x00\
 \xc7\x91\xc5\xc5\x00 \xc6D\xb8\xcc\x00 \xb3\x00\xae\
0\x00 \xc9\x11\x08\x00\x00\x00\x00\x06\x00\x00\x00,W\
aiting for {task\
_name} task to b\
e completed\x07\x00\x00\x00\x08\
TaskCard\x01\x03\x00\x00\x00\x08\xbeD\
\xd6\x5c\xc11\xd6T\x08\x00\x00\x00\x00\x06\x00\x00\x00\x07\
Disable\x07\x00\x00\x00\x0cTask\
OpButton\x01\x03\x00\x00\x00\x06\xd6\x5c\
\xc11\xd6T\x08\x00\x00\x00\x00\x06\x00\x00\x00\x06En\
able\x07\x00\x00\x00\x0cTaskOpB\
utton\x01\x03\x00\x00\x00\x08\xcc=\x00 \xc1\
 \xd0\xdd\x08\x00\x00\x00\x00\x06\x00\x00\x00\x0dCho\
ose Window\x07\x00\x00\x00\x07T\
askTab\x01\x03\x00\x00\x00\x04\xb2\xeb\xae0\
\x08\x00\x00\x00\x00\x06\x00\x00\x00\x05Close\x07\
\x00\x00\x00\x07TaskTab\x01\x03\x00\x00\x00\
\x06\xc6D\xb8\xcc\xb4(\x08\x00\x00\x00\x00\x06\x00\x00\x00\
\x09Completed\x07\x00\x00\x00\x07T\
askTab\x01\x03\x00\x00\x00\x0a\xc7\x91\xc5\xc5\
\x00 \xc0\xdd\xc11\x08\x00\x00\x00\x00\x06\x00\x00\x00\x0b\
Create Task\x07\x00\x00\x00\x07\
TaskTab\x01\x03\x00\x00\x00\x04\xc8\x15\xbc\
\xf4\x08\x00\x00\x00\x00\x06\x00\x00\x00\x04Info\x07\
\x00\x00\x00\x07TaskTab\x01\x03\x00\x00\x00\
\x08\xc2\xe4\xd5\x89\x00 \xc9\x11\x08\x00\x00\x00\x00\x06\x00\
\x00\x00\x07Running\x07\x00\x00\x00\x07T\
askTab\x01\x03\x00\x00\x00\x0a\xac\xbd\xac\xfc\
\x00 \xc2\xdc\xac\x04\x08\x00\x00\x00\x00\x06\x00\x00\x00\x0c\
Time Elapsed\x07\x00\x00\x00\
\x07TaskTab\x01\x03\x00\x00\x00\x02\xac\x12\
\x08\x00\x00\x00\x00\x06\x00\x00\x00\x05Value\x07\
\x00\x00\x00\x07TaskTab\x01\x03\x00\x00\x00\
\x04\xcd\xe8\xc1\x8c\x08\x00\x00\x00\x00\x06\x00\x00\x00\x06C\
ancel\x07\x00\x00\x00\x13Templa\
teInputDialog\x01\x03\x00\
\x00\x00\x04\xd6U\xc7x\x08\x00\x00\x00\x00\x06\x00\x00\x00\
\x07Confirm\x07\x00\x00\x00\x13Tem\
plateInputDialog\
\x01\x03\x00\x00\x00 \x00'\x00{\x00}\x00'\x00 \
\xb9|\x00 \xc0\xad\xc8\x1c\xd5X\xc2\xdc\xac\xa0\xc2\xb5\
\xb2\xc8\xaeL\x00?\x08\x00\x00\x00\x00\x06\x00\x00\x00%\
Are you sure you\
 want to delete \
'{}'?\x07\x00\x00\x00\x0bTempla\
teTab\x01\x03\x00\x00\x00\x04\xcd\xe8\xc1\x8c\x08\
\x00\x00\x00\x00\x06\x00\x00\x00\x06Cancel\x07\
\x00\x00\x00\x0bTemplateTab\x01\
\x03\x00\x00\x00\x0a\xc0\xad\xc8\x1c\x00 \xd6U\xc7x\x08\
\x00\x00\x00\x00\x06\x00\x00\x00\x0eConfirm\
 Delete\x07\x00\x00\x00\x0bTemp\
lateTab\x01\x03\x00\x00\x00\x04\xc0\xad\xc8\
\x1c\x08\x00\x00\x00\x00\x06\x00\x00\x00\x06Delet\
e\x07\x00\x00\x00\x0bTemplateTa\
b\x01\x03\x00\x00\x00\x1e\xd5\x04\xb8\x08\xc7\x84\x00 \xce\
\xa1\xcc\x98\xc5\xd0\x00 \xc2\xe4\xd3(\xd5\x88\xc2\xb5\xb2\
\xc8\xb2\xe4\x00.\x08\x00\x00\x00\x00\x06\x00\x00\x00\x18F\
ailed to capture\
 frame.\x07\x00\x00\x00\x0bTemp\
lateTab\x01\x03\x00\x00\x00\x1c\xb8\x08\xc7\
t\xbe\x14\x00 \x00e\x00n\x00u\x00m\x00 \xd3\
\x0c\xc7|\x00 \xc0\xdd\xc11\x08\x00\x00\x00\x00\x06\x00\
\x00\x00\x18Generate labe\
l enum file\x07\x00\x00\x00\x0b\
TemplateTab\x01\x03\x00\x00\x00\
\x1a\xc7t\xbb\xf8\xc9\xc0\xac\x00\x00 \xc0\xad\xc8\x1c\xb4\
\x18\xc5\xc8\xc2\xb5\xb2\xc8\xb2\xe4\x00.\x08\x00\x00\x00\x00\
\x06\x00\x00\x00\x0eImage delet\
ed.\x07\x00\x00\x00\x0bTemplate\
Tab\x01\x03\x00\x00\x00L\xc7\x98\xba\xbb\xb4\x1c\x00\
 \xc0\xc1\xb3\x00\x00 \xac\xbd\xb8\x5c\xc7\x85\xb2\xc8\xb2\
\xe4\x00.\x00 \xc6\x08\x00:\x00 \x00o\x00k\x00\
_\x00t\x00a\x00s\x00k\x00s\x00/\x00L\x00\
a\x00b\x00e\x00l\x00E\x00n\x00u\x00m\x00\
.\x00p\x00y\x08\x00\x00\x00\x00\x06\x00\x00\x005I\
nvalid relative \
path. Example: o\
k_tasks/LabelEnu\
m.py\x07\x00\x00\x00\x0bTemplat\
eTab\x01\x03\x00\x00\x00\x06\xb9\xc8\xd0l\xc5\xc5\
\x08\x00\x00\x00\x00\x06\x00\x00\x00\x06Markup\
\x07\x00\x00\x00\x0bTemplateTab\
\x01\x03\x00\x00\x00\x1a\xc8\x00\xc7\xa5\xd5`\x00 \xc8\xfc\
\xc1\x1d\xc7t\x00 \xc5\xc6\xc2\xb5\xb2\xc8\xb2\xe4\x00.\
\x08\x00\x00\x00\x00\x06\x00\x00\x00\x17No ann\
otations to save\
.\x07\x00\x00\x00\x0bTemplateTa\
b\x01\x03\x00\x00\x00@\xce\xa1\xcc\x98\x00 \xbc)\xbc\
\x95\xc7D\x00 \xc0\xac\xc6\xa9\xd5`\x00 \xc2\x18\x00\
 \xc5\xc6\xc2\xb5\xb2\xc8\xb2\xe4\x00.\x00 \xba<\xc8\
\x00\x00 \xce\xa1\xcc\x98\xb9|\x00 \xc2\xdc\xc7\x91\xd5\
X\xc18\xc6\x94\x00.\x08\x00\x00\x00\x00\x06\x00\x00\x00\
8No capture meth\
od available. Pl\
ease start captu\
re first.\x07\x00\x00\x00\x0bTe\
mplateTab\x01\x03\x00\x00\x00\x12\xd1\
\x5c\xd5\x0c\xb9\xbf\xc7t\x00 \xc5\xc6\xc2\xb5\xb2\xc8\xb2\
\xe4\x08\x00\x00\x00\x00\x06\x00\x00\x00\x10No te\
mplates yet\x07\x00\x00\x00\x0b\
TemplateTab\x01\x03\x00\x00\x00\
\x04\xd6U\xc7x\x08\x00\x00\x00\x00\x06\x00\x00\x00\x02O\
K\x07\x00\x00\x00\x0bTemplateTa\
b\x01\x03\x00\x00\x00>\xac\xbd\xb8\x5c\xb2\x94\x00 \xc6\
\xcc\xd0l\xc2\xa4\xd3\x98\xc7t\xc2\xa4\x00 \xb8\xe8\xd2\
\xb8\xb9|\x00 \xae0\xc9\x00\xc7<\xb8\x5c\x00 \xd5\
\x5c\x00 \xc0\xc1\xb3\x00\x00 \xac\xbd\xb8\x5c\xc7\x85\xb2\
\xc8\xb2\xe4\x00.\x08\x00\x00\x00\x00\x06\x00\x00\x00'P\
ath is relative \
to the workspace\
 root.\x07\x00\x00\x00\x0bTempl\
ateTab\x01\x03\x00\x00\x00>\xc0\xc1\xb3\x00\
\x00 \xac\xbd\xb8\x5c\x00,\x00 \xc6\x08\x00:\x00 \
\x00o\x00k\x00_\x00t\x00a\x00s\x00k\x00s\
\x00/\x00L\x00a\x00b\x00e\x00l\x00E\x00n\
\x00u\x00m\x00.\x00p\x00y\x08\x00\x00\x00\x00\x06\
\x00\x00\x00)Relative pat\
h, e.g. ok_tasks\
/LabelEnum.py\x07\x00\x00\
\x00\x0bTemplateTab\x01\x03\x00\
\x00\x00\x04\xc8\x00\xc7\xa5\x08\x00\x00\x00\x00\x06\x00\x00\x00\
\x04Save\x07\x00\x00\x00\x0bTempla\
teTab\x01\x03\x00\x00\x00\x0a\xc8\x00\xc7\xa5\x00\
 \xc7\x04\xceX\x08\x00\x00\x00\x00\x06\x00\x00\x00\x07S\
ave To\x07\x00\x00\x00\x0bTempl\
ateTab\x01\x03\x00\x00\x00\x1a\xc11\xac\xf5\
\xc8\x01\xc7<\xb8\x5c\x00 \xc8\x00\xc7\xa5\xb4(\x00:\
\x00 \x00{\x00}\x08\x00\x00\x00\x00\x06\x00\x00\x00\x22\
Save completed s\
uccessfully to: \
{}\x07\x00\x00\x00\x0bTemplateT\
ab\x01\x03\x00\x00\x00\x08\xc2\xa4\xd0l\xb9\xb0\xc0\xf7\
\x08\x00\x00\x00\x00\x06\x00\x00\x00\x0aScreen\
shot\x07\x00\x00\x00\x0bTemplat\
eTab\x01\x03\x00\x00\x00\x18\xc2\xa4\xd0l\xb9\xb0\
\xc0\xf7\x00 \xc8\x00\xc7\xa5\xb4(\x00:\x00 \x00{\
\x00}\x08\x00\x00\x00\x00\x06\x00\x00\x00\x14Scre\
enshot saved: {}\
\x07\x00\x00\x00\x0bTemplateTab\
\x01\x03\x00\x00\x00\x22\xc7t\xb9\x84\x00 \xb6\x10\xb2\x94\
\x00 \xcet\xd1L\xac\xe0\xb9\xac\xb8\x5c\x00 \xac\x80\
\xc0\xc9\x00.\x00.\x00.\x08\x00\x00\x00\x00\x06\x00\x00\
\x00\x1dSearch by name\
 or category...\x07\
\x00\x00\x00\x0bTemplateTab\x01\
\x03\x00\x00\x00\x04\xc11\xac\xf5\x08\x00\x00\x00\x00\x06\x00\
\x00\x00\x07Success\x07\x00\x00\x00\x0bT\
emplateTab\x01\x03\x00\x00\x00\x0e\
\xc2\xa4\xd0l\xb9\xb0\xc0\xf7\x00 \xcd,\xc6\x01\x08\x00\
\x00\x00\x00\x06\x00\x00\x00\x0fTake Scr\
eenshot\x07\x00\x00\x00\x0bTemp\
lateTab\x01\x03\x00\x00\x00\x22\x00a\x00\
s\x00s\x00e\x00t\x00s\x00 \x00(\xb3\xc5\xb9\
\xbd\x00 \xc2\xe4\xd5\x89\xd6\x15\x00 \xc5q\x00)\x08\
\x00\x00\x00\x00\x06\x00\x00\x00\x17assets \
(standalone app)\
\x07\x00\x00\x00\x0bTemplateTab\
\x01\x03\x00\x00\x004\x00o\x00k\x00_\x00t\x00a\
\x00s\x00k\x00s\x00/\x00a\x00s\x00s\x00e\
\x00t\x00s\x00 \x00(\xc0\xac\xc6\xa9\xc7\x90\x00 \
\xc2\xa4\xd0l\xb9\xbd\xd2\xb8\x00)\x08\x00\x00\x00\x00\x06\
\x00\x00\x00 ok_tasks/ass\
ets (custom scri\
pts)\x07\x00\x00\x00\x0bTemplat\
eTab\x01\x03\x00\x00\x00H\xc8\x15\xb9\xd0\xb8\x5c\
\x00 \x00{\x00v\x00e\x00r\x00s\x00i\x00o\
\x00n\x00}\x00 \x00{\x00t\x00y\x00p\x00e\
\x00}\x00(\xc7<\x00)\xb8\x5c\x00 \xc5\xc5\xb3p\
\xc7t\xd2\xb8\xd5X\xc2\xdc\xac\xa0\xc2\xb5\xb2\xc8\xaeL\
\x00?\x08\x00\x00\x00\x00\x06\x00\x00\x004Are \
you sure you wan\
t to update to {\
version} {type}?\
\x07\x00\x00\x00\x0bVersionCard\
\x01\x03\x00\x00\x00\x16\xc5\xc5\xb3p\xc7t\xd2\xb8\x00 \
\xd6U\xc7x\x00 \xc6$\xb9X\x00!\x08\x00\x00\x00\
\x00\x06\x00\x00\x00\x17Check for \
update error!\x07\x00\x00\
\x00\x0bVersionCard\x01\x03\x00\
\x00\x00\x0e\xc5\xc5\xb3p\xc7t\xd2\xb8\x00 \xd6U\xc7\
x\x08\x00\x00\x00\x00\x06\x00\x00\x00\x11Check\
 for updates\x07\x00\x00\x00\
\x0bVersionCard\x01\x03\x00\x00\
\x00\x12\xc5\xc5\xb3p\xc7t\xd2\xb8\x00 \xd6U\xc7x\
\x00 \xc9\x11\x08\x00\x00\x00\x00\x06\x00\x00\x00\x14Ch\
ecking for updat\
es\x07\x00\x00\x00\x0bVersionCa\
rd\x01\x03\x00\x00\x00\x06\xb5\x14\xbc\x84\xad\xf8\x08\x00\
\x00\x00\x00\x06\x00\x00\x00\x05Debug\x07\x00\x00\
\x00\x0bVersionCard\x01\x03\x00\
\x00\x008\xb2\xe4\xc6\xb4\xb8\x5c\xb4\xdc\x00 \xc9\x11\x00\
 \x00{\x00p\x00r\x00o\x00g\x00r\x00e\x00\
s\x00s\x00}\x00 \x00{\x00p\x00e\x00r\x00\
c\x00e\x00n\x00t\x00}\x00%\x08\x00\x00\x00\x00\
\x06\x00\x00\x00!Downloading\
 {progress} {per\
cent}%\x07\x00\x00\x00\x0bVersi\
onCard\x01\x03\x00\x00\x00\x18\xc0\xc8\x00 \
\xbc\x84\xc8\x04\xc7D\x00 \xcc>\xc5X\xc2\xb5\xb2\xc8\
\xb2\xe4\x00!\x08\x00\x00\x00\x00\x06\x00\x00\x00\x12Fo\
und new version!\
\x07\x00\x00\x00\x0bVersionCard\
\x01\x03\x00\x00\x00\x04\xc8\x15\xbc\xf4\x08\x00\x00\x00\x00\x06\
\x00\x00\x00\x04Info\x07\x00\x00\x00\x0bVer\
sionCard\x01\x03\x00\x00\x00\x06\xb9\xb4\
\xb9\xac\xc2\xa4\x08\x00\x00\x00\x00\x06\x00\x00\x00\x07Re\
lease\x07\x00\x00\x00\x0bVersio\
nCard\x01\x03\x00\x00\x00\x18\xc7t\xbb\xf8\x00\
 \xcd\x5c\xc2\xe0\x00 \xbc\x84\xc8\x04\xc7\x85\xb2\xc8\xb2\
\xe4\x00!\x08\x00\x00\x00\x00\x06\x00\x00\x00\x1bThi\
s is the newest \
version!\x07\x00\x00\x00\x0bVer\
sionCard\x01\x03\x00\x00\x00\x0e\xc9\xc0\
\xae\x08\x00 \xc5\xc5\xb3p\xc7t\xd2\xb8\x08\x00\x00\x00\
\x00\x06\x00\x00\x00\x0aUpdate Now\
\x07\x00\x00\x00\x0bVersionCard\
\x01\x03\x00\x00\x002\x00{\x00v\x00e\x00r\x00s\
\x00i\x00o\x00n\x00}\x00 \x00{\x00t\x00y\
\x00p\x00e\x00}\x00(\xc7<\x00)\xb8\x5c\x00 \
\xc5\xc5\xb3p\xc7t\xd2\xb8\x08\x00\x00\x00\x00\x06\x00\x00\
\x00\x1aUpdate to {ver\
sion} {type}\x07\x00\x00\x00\
\x0bVersionCard\x01\x03\x00\x00\
\x00\x04\xc5L\xb9\xbc\x08\x00\x00\x00\x00\x06\x00\x00\x00\x05\
Alert\x07\x00\x00\x00\x03app\x01\x03\x00\
\x00\x00\x1c\xc7t\xbb\xf8\x00 \xbc\x84\xc8\x04\xc7<\xb8\
\x5c\x00 \xc5\xc5\xb3p\xc7t\xd2\xb8\xb4(\x00:\x08\
\x00\x00\x00\x00\x06\x00\x00\x00\x1bAlready\
 updated to vers\
ion:\x07\x00\x00\x00\x03app\x01\x03\x00\x00\
\x00&\xb2\xe4\xb9x\x00 \xc7x\xc2\xa4\xd14\xc2\xa4\
\xac\x00\x00 \xc7t\xbb\xf8\x00 \xc2\xe4\xd5\x89\x00 \
\xc9\x11\xc7\x85\xb2\xc8\xb2\xe4\x08\x00\x00\x00\x00\x06\x00\x00\
\x00#Another instan\
ce is already ru\
nning\x07\x00\x00\x00\x03app\x01\x03\x00\
\x00\x00\x0a\xc5q\x00 \xc2\xe4\xd5\x89\xae0\x08\x00\x00\
\x00\x00\x06\x00\x00\x00\x0cApp Launc\
her\x07\x00\x00\x00\x03app\x01\x03\x00\x00\x00\
f\xc5q\x00 \xc2\xdc\xc7\x91\x00 \xc6$\xb9X\x00\
.\x00 \xc1$\xceX\x00 \xd3\xf4\xb3T\xb9|\x00\
 \x00W\x00i\x00n\x00d\x00o\x00w\x00s\x00\
 \x00D\x00e\x00f\x00e\x00n\x00d\x00e\x00\
r\x00 \xc6\x08\xc6x\xc5\xd0\x00 \xcd\x94\xac\x00\xd5\
X\xac\xe0\x00 \xb2\xe4\xc2\xdc\x00 \xc1$\xceX\xd5\
X\xc18\xc6\x94\x00:\x08\x00\x00\x00\x00\x06\x00\x00\x00\
fApp startup err\
or. Please add t\
he installation \
folder to the Wi\
ndows Defender w\
hitelist and rei\
nstall:\x07\x00\x00\x00\x03app\x01\
\x03\x00\x00\x00\x04\xc7\x90\xb3\xd9\x08\x00\x00\x00\x00\x06\x00\
\x00\x00\x04Auto\x07\x00\x00\x00\x03app\x01\
\x03\x00\x00\x00\x1a\xac\x8c\xc7\x84\x00 \xcc=\x00 \xd0\
l\xae0\x00 \xc7\x90\xb3\xd9\x00 \xc8p\xc8\x08\x08\
\x00\x00\x00\x00\x06\x00\x00\x00\x17Auto Re\
size Game Window\
\x07\x00\x00\x00\x03app\x01\x03\x00\x00\x00\x10\xac\x8c\
\xc7\x84\x00 \xc7\x90\xb3\xd9\x00 \xc2\xdc\xc7\x91\x08\x00\
\x00\x00\x00\x06\x00\x00\x00\x0fAuto Sta\
rt Game\x07\x00\x00\x00\x03app\x01\
\x03\x00\x00\x00\x1e\xc5q\x00 \xc2\xdc\xc7\x91\x00 \xc2\
\xdc\x00 \xac\x8c\xc7\x84\x00 \xc7\x90\xb3\xd9\x00 \xc2\
\xdc\xc7\x91\x08\x00\x00\x00\x00\x06\x00\x00\x00\x1fAut\
o Start Game Whe\
n App Starts\x07\x00\x00\x00\
\x03app\x01\x03\x00\x00\x00 \x00{\x00a\x00p\
\x00p\x00_\x00n\x00a\x00m\x00e\x00}\x00 \
\xc7\x90\xb3\xd9\x00 \xc2\xdc\xc7\x91\x08\x00\x00\x00\x00\x06\
\x00\x00\x00\x15Auto Start {\
app_name}\x07\x00\x00\x00\x03ap\
p\x01\x03\x00\x00\x00\x0e\xc7\x90\xb3\xd9\x00 \xc5\xc5\xb3\
p\xc7t\xd2\xb8\x08\x00\x00\x00\x00\x06\x00\x00\x00\x0bA\
uto Update\x07\x00\x00\x00\x03a\
pp\x01\x03\x00\x00\x00\x1e\xac\x8c\xc7\x84\xc7t\x00 \
\xc8\x85\xb8\xcc\xb4\x18\xc5\xb4\x00 \xc7\x90\xb3\xd9\x00 \
\xc8\x85\xb8\xcc\xb4(\x08\x00\x00\x00\x00\x06\x00\x00\x00\x1d\
Auto exit becaus\
e game exited\x07\x00\x00\
\x00\x03app\x01\x03\x00\x00\x00\x1c\xc7\x90\xb3\xd9\x00\
 \xc5\xc5\xb3p\xc7t\xd2\xb8\x00(\xc0\xac\xc8\x04\x00\
 \xcd\x9c\xc2\xdc\x00)\x08\x00\x00\x00\x00\x06\x00\x00\x00\
\x1eAutomatic Updat\
e (Pre-release)\x07\
\x00\x00\x00\x03app\x01\x03\x00\x00\x00 \xc7\x90\xb3\
\xd9\x00 \xc5\xc5\xb3p\xc7t\xd2\xb8\x00(\xc8\x15\xc2\
\xdd\x00 \xb9\xb4\xb9\xac\xc2\xa4\xb9\xcc\x00)\x08\x00\x00\
\x00\x00\x06\x00\x00\x00\x1eAutomatic\
 Update(Release \
Only)\x07\x00\x00\x00\x03app\x01\x03\x00\
\x00\x00\x0a\xae0\xbc\xf8\x00 \xc65\xc1X\x08\x00\x00\
\x00\x00\x06\x00\x00\x00\x0dBasic Opt\
ions\x07\x00\x00\x00\x03app\x01\x03\x00\x00\
\x00\x0a\xbc\xa0\xd0\xc0\x00 \xbc\x84\xc8\x04\x08\x00\x00\x00\
\x00\x06\x00\x00\x00\x0cBeta Versi\
on\x07\x00\x00\x00\x03app\x01\x03\x00\x00\x00\x04\
\xbe\x14\xb7\xec\x08\x00\x00\x00\x00\x06\x00\x00\x00\x04Bl\
ur\x07\x00\x00\x00\x03app\x01\x03\x00\x00\x00\x0e\
\xac\x00\xb9\xbc\x00 \xc5L\xac\xe0\xb9\xac\xc9\x98\x08\x00\
\x00\x00\x00\x06\x00\x00\x00\x0eBlur Alg\
orithm\x07\x00\x00\x00\x03app\x01\x03\
\x00\x00\x00@\xac\x8c\xc7\x84\x00 \x00U\x00I\x00D\
\x00 \xb4\xf1\xc7D\x00 \xd7P\xb9\xac\xac\x8c\x00 \
\xd4\x5c\xc2\xdc\xd5X\xc5\xec\x00 \x00O\x00L\x00E\
\x00D\x00 \xc2\x18\xba\x85\xc7D\x00 \xb2\x98\xb9\xbd\
\xb2\xc8\xb2\xe4\x08\x00\x00\x00\x00\x06\x00\x00\x00&Bl\
ur Game UID etc \
to enhance OLED \
life\x07\x00\x00\x00\x03app\x01\x03\x00\x00\
\x00\x10\xac\x00\xb9\xbc\x00 \xd6U\xc7x\x00 \xac\x04\
\xac\xa9\x08\x00\x00\x00\x00\x06\x00\x00\x00\x0dBlur\
 Interval\x07\x00\x00\x00\x03ap\
p\x01\x03\x00\x00\x00,\x00p\x00y\x00t\x00h\x00\
o\x00n\x00 \x00v\x00e\x00n\x00v\xb9|\x00\
 \xcc>\xc7D\x00 \xc2\x18\x00 \xc5\xc6\xc2\xb5\xb2\
\xc8\xb2\xe4\x08\x00\x00\x00\x00\x06\x00\x00\x00\x16Can\
't find python v\
env\x07\x00\x00\x00\x03app\x01\x03\x00\x00\x00\
\x04\xcd\xe8\xc1\x8c\x08\x00\x00\x00\x00\x06\x00\x00\x00\x06C\
ancel\x07\x00\x00\x00\x03app\x01\x03\x00\
\x00\x00\x12\xce\xa1\xcc\x98\x00 \xd5\x04\xb8\x08\xc7\x84\x00\
 \xc1\x8d\xb3\xc4\x08\x00\x00\x00\x00\x06\x00\x00\x00\x12C\
apture Frame Rat\
e\x07\x00\x00\x00\x03app\x01\x03\x00\x00\x00\x10\xce\
\xa1\xcc\x98\x00 \xc9\xc0\xc5\xf0\x00 \xc2\xdc\xac\x04\x08\
\x00\x00\x00\x00\x06\x00\x00\x00\x0fCapture\
 Latency\x07\x00\x00\x00\x03app\
\x01\x03\x00\x00\x00\x04\xc9\x11\xadm\x08\x00\x00\x00\x00\x06\
\x00\x00\x00\x05China\x07\x00\x00\x00\x03ap\
p\x01\x03\x00\x00\x00,\xc2\xe4\xd5\x89\xae0\xc7X\x00\
 \xc5\xc5\xb3p\xc7t\xd2\xb8\x00 \xc1$\xceX\x00\
 \xbc)\xc2\xdd\xc7D\x00 \xc1 \xd0\xdd\xd5i\xb2\
\xc8\xb2\xe4\x08\x00\x00\x00\x00\x06\x00\x00\x00(Cho\
ose how the laun\
cher installs up\
dates\x07\x00\x00\x00\x03app\x01\x03\x00\
\x00\x00\x10\xc5q\x00 \xc2\xe4\xd5\x89\xae0\x00 \xad\
l\xc11\x08\x00\x00\x00\x00\x06\x00\x00\x00\x1aCon\
figure the app l\
auncher\x07\x00\x00\x00\x03app\x01\
\x03\x00\x00\x00\x04\xd6U\xc7x\x08\x00\x00\x00\x00\x06\x00\
\x00\x00\x07Confirm\x07\x00\x00\x00\x03a\
pp\x01\x03\x00\x00\x00\x16\x00v\x00e\x00n\x00v\
\x00 \xc0\xdd\xc11\x00 \xc2\xe4\xd3(\x00.\x08\x00\
\x00\x00\x00\x06\x00\x00\x00\x13Create v\
env failed.\x07\x00\x00\x00\x03\
app\x01\x03\x00\x00\x00\x14\xc7X\xc8t\xc11\x00\
 \xc0\xad\xc8\x1c\x00 \xc11\xac\xf5\x00!\x08\x00\x00\
\x00\x00\x06\x00\x00\x00\x1cDelete de\
pendencies succe\
ss!\x07\x00\x00\x00\x03app\x01\x03\x00\x00\x00\
\x04\xc9\xc4\xb2\xe8\x08\x00\x00\x00\x00\x06\x00\x00\x00\x09D\
iagnosis\x07\x00\x00\x00\x03app\
\x01\x03\x00\x00\x00\x0a\xbe\x14\xb7\xec\x00 \xc0\xac\xc6\xa9\
\x08\x00\x00\x00\x00\x06\x00\x00\x00\x0bEnable\
 Blur\x07\x00\x00\x00\x03app\x01\x03\x00\
\x00\x00\x04\xc6$\xb9X\x08\x00\x00\x00\x00\x06\x00\x00\x00\
\x05Error\x07\x00\x00\x00\x03app\x01\x03\
\x00\x00\x00\x0e\xc7\x91\xc5\xc5\x00 \xd6\xc4\x00 \xc8\x85\
\xb8\xcc\x08\x00\x00\x00\x00\x06\x00\x00\x00\x0fExit\
 After Task\x07\x00\x00\x00\x03\
app\x01\x03\x00\x00\x00\x18\xac\x8c\xc7\x84\x00 \xc8\
\x85\xb8\xcc\x00 \xc2\xdc\x00 \xc5q\x00 \xc8\x85\xb8\
\xcc\x08\x00\x00\x00\x00\x06\x00\x00\x00\x18Exit \
App when Game Ex\
its\x07\x00\x00\x00\x03app\x01\x03\x00\x00\x00\
\x18\xac\x8c\xc7\x84\xc7t\x00 \xc8\x85\xb8\xcc\xb4\x18\xc5\
\xb4\x00 \xc8\x85\xb8\xcc\xb4(\x08\x00\x00\x00\x00\x06\x00\
\x00\x00\x18Exit because \
game exited\x07\x00\x00\x00\x03\
app\x01\x03\x00\x00\x000\xc7\x91\xc5\xc5\xc7t\x00\
 \xc11\xac\xf5\xc8\x01\xc7<\xb8\x5c\x00 \xc2\xe4\xd5\
\x89\xb4\x1c\x00 \xd6\xc4\x00 \xac\x8c\xc7\x84\xac\xfc\x00\
 \xc5q\x00 \xc8\x85\xb8\xcc\x08\x00\x00\x00\x00\x06\x00\
\x00\x00?Exit the Game\
 and the App aft\
er Successfully \
Executing the Ta\
sk\x07\x00\x00\x00\x03app\x01\x03\x00\x00\x00\x0e\
\xc2\xe4\xd5\x89\x00 \xd6\xc4\x00 \xc8\x85\xb8\xcc\x08\x00\
\x00\x00\x00\x06\x00\x00\x00\x14Exit_Aft\
er_Execution\x07\x00\x00\x00\
\x03app\x01\x03\x00\x00\x00\x22\xc6\xd0\xac\xa9\x00 \
\xbc\x84\xc8\x04\x00 \xba\xa9\xb8]\x00 \xac\x00\xc88\
\xc6$\xae0\x00 \xc6$\xb9X\x00!\x08\x00\x00\x00\
\x00\x06\x00\x00\x00 Fetch remo\
te version list \
error!\x07\x00\x00\x00\x03app\x01\x03\
\x00\x00\x00\x0e\xcd\x1d\x00 \xd5\x04\xb8\x08\xc7\x84\x00 \
\xc2\x18\x08\x00\x00\x00\x00\x06\x00\x00\x00\x0bFram\
e Count\x07\x00\x00\x00\x03app\x01\
\x03\x00\x00\x00\x0c\xac\x8c\xc7\x84\x00 \xd5t\xc0\xc1\xb3\
\xc4\x08\x00\x00\x00\x00\x06\x00\x00\x00\x0fGame \
Resolution\x07\x00\x00\x00\x03a\
pp\x01\x03\x00\x00\x00\x0c\xac\x8c\xc7\x84\x00 \xc0\xac\
\xc6\xb4\xb4\xdc\x08\x00\x00\x00\x00\x06\x00\x00\x00\x0aGa\
me Sound\x07\x00\x00\x00\x03app\
\x01\x03\x00\x00\x00\x06\xae\x00\xb8\x5c\xbc\x8c\x08\x00\x00\x00\
\x00\x06\x00\x00\x00\x06Global\x07\x00\x00\x00\
\x03app\x01\x03\x00\x00\x00\x06\xb2\xe8\xcd\x95\xd0\xa4\
\x08\x00\x00\x00\x00\x06\x00\x00\x00\x06HotKey\
\x07\x00\x00\x00\x03app\x01\x03\x00\x00\x00Z\x00C\
\x00P\x00U\x00/\x00G\x00P\x00U\x00 \xc0\xac\
\xc6\xa9\xb7\xc9\xc7D\x00 \xc9\x04\xc7t\xae0\x00 \
\xc7\x04\xd5t\x00 \xd2\xb8\xb9\xac\xacp\x00 \xc7\x91\
\xc5\xc5\x00 \xc0\xac\xc7t\xc7X\x00 \xc9\xc0\xc5\xf0\
\x00 \xc2\xdc\xac\x04\x00 \xb2\x98\xb9\xac\xae0\x00(\
\xbc\x00\xb9\xac\xcd\x08\x00)\x08\x00\x00\x00\x00\x06\x00\x00\
\x00JIncrease Delay\
 between Trigger\
 Tasks to Reduce\
 CPU/GPU Usage(M\
illiseconds)\x07\x00\x00\x00\
\x03app\x01\x03\x00\x00\x00\x04\xc8\x15\xbc\xf4\x08\x00\
\x00\x00\x00\x06\x00\x00\x00\x04Info\x07\x00\x00\x00\
\x03app\x01\x03\x00\x00\x00\x08\xc7x\xd3\x98\xc7x\
\xd2\xb8\x08\x00\x00\x00\x00\x06\x00\x00\x00\x07Inpa\
int\x07\x00\x00\x00\x03app\x01\x03\x00\x00\x00\
\x5c\xc7X\xc8t\xc11\x00 \xc1$\xceX\x00 \xc2\
\xe4\xd3(\x00,\x00 \xc5\xc5\xb3p\xc7t\xd2\xb8\x00\
 \xc1\x8c\xc2\xa4\xb9|\x00 \xbc\xc0\xac\xbd\xd5X\xac\
p\xb0\x98\x00 \xc8\x04\xcc\xb4\x00 \xbc\x84\xc8\x04\xc7\
D\x00 \xb2\xe4\xc2\xdc\x00 \xb2\xe4\xc6\xb4\xb8\x5c\xb4\
\xdc\xd5t\x00 \xbc\xf4\xc18\xc6\x94\x00!\x08\x00\x00\
\x00\x00\x06\x00\x00\x00]Install d\
ependencies fail\
ed, try changing\
 the update sour\
ce, or re-downlo\
ad the full vers\
ion!\x07\x00\x00\x00\x03app\x01\x03\x00\x00\
\x00P\xc1$\xceX\x00 \xac\xbd\xb8\x5c\x00 \x00{\
\x00p\x00a\x00t\x00h\x00}\xb2\x94\x00 \xc6\x01\
\xbb8\x00 \xac\xbd\xb8\x5c\xc5\xec\xc5|\x00 \xd5i\
\xb2\xc8\xb2\xe4\x00.\x00 \xb2\xe4\xb9x\x00 \xac\xbd\
\xb8\x5c\xb8\x5c\x00 \xc7t\xb3\xd9\xd5X\xc18\xc6\x94\
\x00.\x08\x00\x00\x00\x00\x06\x00\x00\x00AInst\
all dir {path} m\
ust be an Englis\
h path, move to \
another path.\x07\x00\x00\
\x00\x03app\x01\x03\x00\x00\x00\x14\xc2\xdc\xc7\x91\x00\
 \xd6\xc4\x00 \xb7\xf0\xcc\x98\x00 \xc8\x85\xb8\xcc\x08\
\x00\x00\x00\x00\x06\x00\x00\x00\x19Kill La\
uncher After Sta\
rt\x07\x00\x00\x00\x03app\x01\x03\x00\x00\x00\x10\
\x00D\x00X\x001\x001\xb8\x5c\x00 \xc2\xdc\xc7\x91\
\x08\x00\x00\x00\x00\x06\x00\x00\x00\x10Launch\
 with DX11\x07\x00\x00\x00\x03a\
pp\x01\x03\x00\x00\x00\x06\xc2\xe4\xd5\x89\xae0\x08\x00\
\x00\x00\x00\x06\x00\x00\x00\x08Launcher\
\x07\x00\x00\x00\x03app\x01\x03\x00\x00\x00\x0e\xc2\x18\
\xb3\xd9\x00 \xc5\xc5\xb3p\xc7t\xd2\xb8\x08\x00\x00\x00\
\x00\x06\x00\x00\x00\x0dManual Upd\
ate\x07\x00\x00\x00\x03app\x01\x03\x00\x00\x00\
\x06\xbaT\xba\xa8\xb9\xac\x08\x00\x00\x00\x00\x06\x00\x00\x00\
\x06Memory\x07\x00\x00\x00\x03app\x01\
\x03\x00\x00\x00\x22\xc1$\xc8\x15\xb4\x1c\x00 \xc6\x01\xc5\
\xed\xc7D\x00 \xac\x00\xb9\xac\xb2\x94\x00 \xcc\x98\xb9\
\xac\x00 \xbc)\xbc\x95\x08\x00\x00\x00\x00\x06\x00\x00\x00\
'Method used to \
obscure configur\
ed areas\x07\x00\x00\x00\x03app\
\x01\x03\x00\x00\x00(\xb2\xeb\xc7D\x00 \xb5L\x00 \
\xcc=\xc7D\x00 \xc2\xdc\xc2\xa4\xd1\x5c\x00 \xd2\xb8\
\xb8\x08\xc7t\xb8\x5c\x00 \xcd\x5c\xc1\x8c\xd6T\x08\x00\
\x00\x00\x00\x06\x00\x00\x00+Minimize\
 Window to Syste\
m Tray when Clos\
ing\x07\x00\x00\x00\x03app\x01\x03\x00\x00\x00\
\x1c\xbc1\xad\xf8\xb7|\xc6\xb4\xb4\xdc\xc5\xd0\xc1\x1c\x00\
 \xac\x8c\xc7\x84\x00 \xc7L\xc1\x8c\xacp\x08\x00\x00\
\x00\x00\x06\x00\x00\x00\x1dMute Game\
 while in Backgr\
ound\x07\x00\x00\x00\x03app\x01\x03\x00\x00\
\x00\x1a\xc0\xc8\x00 \xbc\x84\xc8\x04\x00 \x00{\x00}\
\x00 \xc0\xac\xc6\xa9\x00 \xac\x00\xb2\xa5\x08\x00\x00\x00\
\x00\x06\x00\x00\x00\x18New Versio\
n {} Available\x07\x00\
\x00\x00\x03app\x01\x03\x00\x00\x00\x06\xc5D\xb2\xc8\
\xc6\x94\x08\x00\x00\x00\x00\x06\x00\x00\x00\x02No\x07\x00\
\x00\x00\x03app\x01\x03\x00\x00\x00\x04\xc5\xc6\xc7L\
\x08\x00\x00\x00\x00\x06\x00\x00\x00\x04None\x07\x00\
\x00\x00\x03app\x01\x03\x00\x00\x00\x12\x00O\x00C\
\x00R\x00 \xc9\xc0\xc5\xf0\x00 \xc2\xdc\xac\x04\x08\x00\
\x00\x00\x00\x06\x00\x00\x00\x0bOCR Late\
ncy\x07\x00\x00\x00\x03app\x01\x03\x00\x00\x00\
\x0c\xc2\xe4\xd5\x89\xae0\x00 \xc5\xf4\xae0\x08\x00\x00\
\x00\x00\x06\x00\x00\x00\x0dOpen Laun\
cher\x07\x00\x00\x00\x03app\x01\x03\x00\x00\
\x00*\xc5q\x00 \xc2\xe4\xd5\x89\xae0\xb9|\x00 \
\xc5\xf4\xc5\xb4\x00 \xc5\xc5\xb3p\xc7t\xd2\xb8\xb9|\
\x00 \xad\x00\xb9\xac\xd5i\xb2\xc8\xb2\xe4\x08\x00\x00\x00\
\x00\x06\x00\x00\x00'Open the a\
pp launcher to m\
anage updates\x07\x00\x00\
\x00\x03app\x01\x03\x00\x00\x00\x04\xc7\x91\xc5\xc5\x08\
\x00\x00\x00\x00\x06\x00\x00\x00\x09Operati\
on\x07\x00\x00\x00\x03app\x01\x03\x00\x00\x00\x1e\
\xac\x8c\xc7\x84\xc7t\x00 \xc8\x85\xb8\xcc\xb4\x18\xc5\xb4\
\x00 \xc7|\xc2\xdc\x00 \xc9\x11\xc9\xc0\xb4(\x08\x00\
\x00\x00\x00\x06\x00\x00\x00\x1aPaused b\
ecause game exit\
ed\x07\x00\x00\x00\x03app\x01\x03\x00\x00\x00<\
\xac\x8c\xc7\x84\x00 \xcc=\xc7t\x00 \xcd\x5c\xc1\x8c\
\xd6T\xb4\x18\xc5\xc8\xacp\xb0\x98\x00 \xd6T\xbat\
\x00 \xbc\x16\xc5\xd0\x00 \xc7\x88\xc5\xb4\x00 \xc7|\
\xc2\xdc\x00 \xc9\x11\xc9\xc0\xb4(\x00!\x08\x00\x00\x00\
\x00\x06\x00\x00\x009Paused bec\
ause game window\
 is minimized or\
 out of screen!\x07\
\x00\x00\x00\x03app\x01\x03\x00\x00\x00\x0c\xc11\xb2\
\xa5\x00 \xd1L\xc2\xa4\xd2\xb8\x08\x00\x00\x00\x00\x06\x00\
\x00\x00\x10Performance T\
est\x07\x00\x00\x00\x03app\x01\x03\x00\x00\x00\
D\x00M\x00u\x00M\x00u\x00P\x00l\x00a\x00\
y\x00e\x00r\x00 \xc1$\xc8\x15\xc5\xd0\xc1\x1c\x00\
 \xbc1\xad\xf8\xb7|\xc6\xb4\xb4\xdc\x00 \xc7 \xc9\
\xc0\x00 \xd6\x5c\xc11\xd6T\xb9|\x00 \xae\xbc\xc8\
\xfc\xc18\xc6\x94\x08\x00\x00\x00\x00\x06\x00\x00\x00CP\
lease turn off e\
nable background\
 keep alive in M\
uMuPlayer settin\
gs\x07\x00\x00\x00\x03app\x01\x03\x00\x00\x00\x12\
\xcc\x98\xb9\xac\x00 \xd5\x04\xb8\x08\xc7\x84\x00 \xc1\x8d\
\xb3\xc4\x08\x00\x00\x00\x00\x06\x00\x00\x00\x12Proc\
ess Frame Rate\x07\x00\
\x00\x00\x03app\x01\x03\x00\x00\x00&\xcc\x98\xb9\xac\
\xb4\x1c\x00 \xc6$\xbc\x84\xb8\x08\xc7t\x00 \xc5\xc5\
\xb3p\xc7t\xd2\xb8\x00 \xac\x04\xac\xa9\x00(\xcd\x08\
\x00)\x08\x00\x00\x00\x00\x06\x00\x00\x00)Seco\
nds between proc\
essed overlay up\
dates\x07\x00\x00\x00\x03app\x01\x03\x00\
\x00\x00\x0a\xc5H\xc8\x15\x00 \xbc\x84\xc8\x04\x08\x00\x00\
\x00\x00\x06\x00\x00\x00\x0eStable Ve\
rsion\x07\x00\x00\x00\x03app\x01\x03\x00\
\x00\x00\x10\xc5q\x00 \xc2\xdc\xc7\x91\x00 \xc6\x08\xc6\
x\x00:\x08\x00\x00\x00\x00\x06\x00\x00\x00\x14Sta\
rt App Exception\
:\x07\x00\x00\x00\x03app\x01\x03\x00\x00\x00\x0e\xb2\
\xe4\xc6\xb4\xb8\x5c\xb4\xdc\x00 \xc2\xdc\xc7\x91\x08\x00\x00\
\x00\x00\x06\x00\x00\x00\x11Start dow\
nloading\x07\x00\x00\x00\x03app\
\x01\x03\x00\x00\x000\xb8\x5c\xad\xf8\xc7x\xd5`\x00 \
\xb5L\x00 \xc5q\x00 \xc2\xe4\xd5\x89\xae0\xb9|\
\x00 \xc7\x90\xb3\xd9\xc7<\xb8\x5c\x00 \xc2\xdc\xc7\x91\
\xd5i\xb2\xc8\xb2\xe4\x08\x00\x00\x00\x00\x06\x00\x00\x001\
Start the launch\
er automatically\
 when you sign i\
n\x07\x00\x00\x00\x03app\x01\x03\x00\x00\x00\x0a\xc2\
\xdc\xc7\x91\x00/\xc9\x11\xc9\xc0\x08\x00\x00\x00\x00\x06\x00\
\x00\x00\x0aStart/Stop\x07\x00\x00\
\x00\x03app\x01\x03\x00\x00\x00\x06\xc9\x11\xc9\xc0\xb4\
(\x08\x00\x00\x00\x00\x06\x00\x00\x00\x07Stopp\
ed\x07\x00\x00\x00\x03app\x01\x03\x00\x00\x00@\
\xc7\x91\xc5\xc5\xc7t\x00 \xc11\xac\xf5\xc8\x01\xc7<\
\xb8\x5c\x00 \xc2\xe4\xd5\x89\xb4\x18\xc5\xc8\xc2\xb5\xb2\xc8\
\xb2\xe4\x00.\x00 \xac\x8c\xc7\x84\xac\xfc\x00 \xc5q\
\xc7D\x00 \xc8\x85\xb8\xcc\xd5i\xb2\xc8\xb2\xe4\x00!\
\x08\x00\x00\x00\x00\x06\x00\x00\x001Succes\
sfully Executed \
Task, Exiting Ga\
me and App!\x07\x00\x00\x00\x03\
app\x01\x03\x00\x00\x00.\xb2\xe4\xc5\x91\xd5\x5c\x00\
 \x00W\x00i\x00n\x00d\x00o\x00w\x00s\x00\
 \xce\xa1\xcc\x98\x00 \xbc)\xc2\xdd\x00 \xac\x04\xc5\
\xd0\x00 \xc8\x04\xd6X\x08\x00\x00\x00\x00\x06\x00\x00\x00\
0Switch between \
different Window\
s capture method\
s\x07\x00\x00\x00\x03app\x01\x03\x00\x00\x00 \xb3\
\x00\xc0\xc1\x00 \xcc=\x00 \xd6\x5c\xc11\xd6T\x00\
:\x00 \xb1y\xd6T\x00 \xc7\xac\xac\x1c\xb4(\x08\
\x00\x00\x00\x00\x06\x00\x00\x00'Target \
window active: R\
ecording resumed\
\x07\x00\x00\x00\x03app\x01\x03\x00\x00\x00&\xb3\x00\
\xc0\xc1\x00 \xcc=\x00 \xbeD\xd6\x5c\xc11\x00:\
\x00 \xb1y\xd6T\x00 \xc7|\xc2\xdc\x00 \xc8\x15\
\xc9\xc0\xb4(\x08\x00\x00\x00\x00\x06\x00\x00\x00(Ta\
rget window inac\
tive: Recording \
paused\x07\x00\x00\x00\x03app\x01\x03\
\x00\x00\x00\x06\xd1M\xc2\xa4\xd2\xb8\x08\x00\x00\x00\x00\x06\
\x00\x00\x00\x05Texts\x07\x00\x00\x00\x03ap\
p\x01\x03\x00\x00\x006\xd6\x04\xc7\xac\x00 \xbc\x84\xc8\
\x04\x00 \x00{\x00}\xc7@\x00(\xb2\x94\x00)\x00\
 \xbc\x18\xb4\xdc\xc2\xdc\x00 \xc5\xc5\xb3p\xc7t\xd2\
\xb8\xd5t\xc5|\x00 \xd5i\xb2\xc8\xb2\xe4\x08\x00\x00\
\x00\x00\x06\x00\x00\x00&The curre\
nt version {} mu\
st be updated\x07\x00\x00\
\x00\x03app\x01\x03\x00\x00\x00\x0c\xd2\xb8\xb9\xac\xac\
p\x00 \xac\x04\xac\xa9\x08\x00\x00\x00\x00\x06\x00\x00\x00\
\x10Trigger Interva\
l\x07\x00\x00\x00\x03app\x01\x03\x00\x00\x00\x0a\xc5\
\xc5\xb3p\xc7t\xd2\xb8\x00:\x08\x00\x00\x00\x00\x06\x00\
\x00\x00\x08Updates:\x07\x00\x00\x00\x03\
app\x01\x03\x00\x00\x00\x16\x00D\x00i\x00r\x00\
e\x00c\x00t\x00M\x00L\x00 \xc0\xac\xc6\xa9\x08\
\x00\x00\x00\x00\x06\x00\x00\x00\x0cUse Dir\
ectML\x07\x00\x00\x00\x03app\x01\x03\x00\
\x00\x00\x1e\x00G\x00P\x00U\xb9|\x00 \xc0\xac\xc6\
\xa9\xd5X\xc5\xec\x00 \xc11\xb2\xa5\x00 \xd5\xa5\xc0\
\xc1\x08\x00\x00\x00\x00\x06\x00\x00\x00\x1eUse G\
PU to Improve Pe\
rformance\x07\x00\x00\x00\x03ap\
p\x01\x03\x00\x00\x00\x08\xcc=\x00 \xc1$\xc8\x15\x08\
\x00\x00\x00\x00\x06\x00\x00\x00\x0dWindow \
Config\x07\x00\x00\x00\x03app\x01\x03\
\x00\x00\x00\x1a\x00W\x00i\x00n\x00d\x00o\x00w\
\x00s\x00 \xce\xa1\xcc\x98\x00 \xbc)\xc2\xdd\x08\x00\
\x00\x00\x00\x06\x00\x00\x00\x0fWindows \
Capture\x07\x00\x00\x00\x03app\x01\
\x03\x00\x00\x00\x02\xc6\x08\x08\x00\x00\x00\x00\x06\x00\x00\x00\
\x03Yes\x07\x00\x00\x00\x03app\x01\x03\x00\x00\
\x00\x0a\x00{\x00}\x00 \xb7\xf0\xcc\x98\x08\x00\x00\x00\
\x00\x06\x00\x00\x00\x0b{} Launche\
r\x07\x00\x00\x00\x03app\x01\
\x00\x00\xb43\
<\
\xb8d\x18\xca\xef\x9c\x95\xcd!\x1c\xbf`\xa1\xbd\xdd\xa7\
\x00\x00\x00\x05zh_CNB\x00\x00\x14\x10\x00\x00\
\x05;\x00\x00\x07\xe3\x00\x00\x05;\x00\x00\x1d\xdd\x00\x00\
\x05;\x00\x00\x82/\x00\x00\x05C\x00\x00w\x1c\x00\x00\
\x05O\x00\x00;\xea\x00\x00\x05O\x00\x00\x97\xc8\x00\x00\
\x07\xb2\x00\x004\xd8\x00\x005\xa8\x00\x00\x09\xdb\x00\x00\
5\xa8\x00\x00H\x9a\x00\x00E\x82\x00\x00\x15\xad\x00\x00\
G\xa4\x00\x00\x04\xc7\x00\x00G\xa4\x00\x00E\x9a\x00\x00\
Ih\x00\x00\x16/\x00\x00Ja\x00\x00<w\x00\x00\
Q\xc9\x00\x00\x1cX\x00\x00S\x82\x00\x00\x1d\xb4\x00\x00\
V\xfe\x00\x00>\xab\x00\x00Y\xbe\x00\x00 b\x00\x00\
[\xb3\x00\x00\x5c\xa9\x00\x00_\xc3\x00\x00<\x17\x00\x00\
_\xc3\x00\x00\x9f\xb3\x00\x00hp\x00\x00O\xdb\x00\x00\
ih\x00\x00'N\x00\x00u\xa2\x00\x002\x01\x00\x04\
<4\x00\x00\x81\xf7\x00\x04\x8c\xaf\x00\x00\x8a\xdf\x00\x04\
\x93\xc2\x00\x00\x8dp\x00\x04\x98,\x00\x00\x10\xac\x00\x04\
\x9c\xb9\x00\x00[\x12\x00\x04\xa8\x8b\x00\x00\x05\xf6\x00\x04\
\xa8\x8b\x00\x00a\x01\x00\x04\xa9\x03\x00\x00\x0b\xf0\x00\x04\
\xa9\x03\x00\x00J+\x00\x04\xb8w\x00\x00=\xf5\x00\x04\
\xbb\x04\x00\x00F\xb2\x00\x04\xbb\x04\x00\x00{\x0c\x00\x04\
\xcf\x04\x00\x00@\xad\x00\x04\xd0%\x00\x00\x1a\x13\x00\x04\
\xec0\x00\x00a\xd0\x00\x04\xf6\xc2\x00\x00\x0c#\x00\x04\
\xf6\xc2\x00\x00J^\x00\x05\x04\xcf\x00\x00@\xd4\x00\x05\
\x04\xcf\x00\x00OV\x00\x05\x04\xcf\x00\x00}\xcb\x00\x05\
\x04\xcf\x00\x00\x87\xde\x00\x05\x04\xcf\x00\x00\x94\x16\x00\x05\
VE\x00\x00\x97\xe4\x00\x05d\x95\x00\x00\x0dB\x00\x05\
d\x95\x00\x00K\xb8\x00\x05d\x95\x00\x00W\xda\x00\x05\
\x98\xc5\x00\x00 \x89\x00\x05\x98\xc5\x00\x00\x837\x00\x05\
\xab`\x00\x00\x22\x9a\x00\x05\xab`\x00\x00z\x0b\x00\x05\
\xab`\x00\x00|0\x00\x06\x87\x9b\x00\x00'&\x00\x06\
\xd0D\x00\x00*\xe8\x00\x07F\xc5\x00\x001<\x00\x0a\
\xf2\xce\x00\x00\x5c\xf4\x00\x0bN\x8e\x00\x00p\xdf\x00\x16\
\xad\x8d\x00\x00\x14\x01\x00\x18Y\x81\x00\x00p<\x00\x18\
\xed\xf2\x00\x00\x8f\xab\x00&\x9ed\x00\x00.\x05\x00+\
d\x91\x00\x00eD\x00=G\xa5\x00\x00b\x83\x00=\
\xfa\x15\x00\x00\x07\x1d\x00C\x00\xa7\x00\x00j\xba\x00D\
'\xc5\x00\x001h\x00G\x96\xc4\x00\x00?\xcf\x00G\
\x96\xc4\x00\x00_Z\x00H,\x94\x00\x00\x89\x12\x00I\
\xf0A\x00\x00\x8f2\x00J+\x82\x00\x00=\xa7\x00J\
6\x95\x00\x00=\xce\x00J6\x95\x00\x00}L\x00J\
d\x95\x00\x00,K\x00J\x809\x00\x00\x0b\xba\x00J\
\x809\x00\x00I\xf5\x00J\x809\x00\x00V}\x00J\
\xb9\xb7\x00\x00@Y\x00J\xb9\xb7\x00\x00t\xff\x00J\
\xb9\xb7\x00\x00\x87\x02\x00L\x99b\x00\x00@\x85\x00L\
\x99b\x00\x00Q'\x00L\x99b\x00\x00x\xcd\x00L\
\x99b\x00\x00\x90\xdf\x00N\xbf\xa5\x00\x00\x1a\xb4\x00O\
l\x93\x00\x00\x0cV\x00Ol\x93\x00\x00J\x91\x00R\
\xfd\xf4\x00\x00\x06\x22\x00R\xfd\xf4\x00\x00b\x22\x00T\
l\x95\x00\x00\x1d\x19\x00V\x80\x04\x00\x00\x946\x00V\
\x8c\x95\x00\x00>\x84\x00V\x8c\x95\x00\x00e\x1d\x00V\
\x8c\x95\x00\x00y\x8f\x00V\x8c\x95\x00\x00{\x8c\x00V\
\xae\xc2\x00\x00\x1e\x91\x00X\xb7\xb9\x00\x00X\x08\x00Y\
\xe8\x85\x00\x00<\xce\x00Z\x8a#\x00\x00B\xb5\x00Z\
\xa8\x94\x00\x00f\x00\x00Z\xa8\x94\x00\x00y\xe2\x00Z\
\xa8\x94\x00\x00|\x0a\x00Z\xcf\xb3\x00\x00\x9d\xd2\x00Z\
\xec5\x00\x00\x06O\x00\x5cV\xfe\x00\x00>\xf8\x00\x5c\
\x83\xb5\x00\x00O\xb1\x00\x5c\x83\xb5\x00\x00~F\x00i\
2\xb4\x00\x00)~\x00j/\x9b\x00\x00(\xa5\x00v\
vN\x00\x00#|\x00v\x8c\x95\x00\x002f\x00z\
+\xc0\x00\x003\xe9\x00z\xe0e\x00\x004y\x00}\
\x9e\x01\x00\x00jH\x00\x81(i\x00\x00Yl\x00\x85\
7\xe7\x00\x00;\xb5\x00\x8d\x9c\x0e\x00\x00]V\x00\x97\
\x96\x04\x00\x00V\xdc\x00\x97\x96\x04\x00\x00z\xe1\x00\xaf\
\x88w\x00\x00\x01q\x00\xc0\xb8\x84\x00\x00+\xc0\x00\xcd\
&\x11\x00\x00\x003\x01\x10\xaa^\x00\x00B\x80\x01!\
\xadg\x00\x00R\xd4\x01*\xd0\x97\x00\x00\x08}\x01*\
\xd0\x97\x00\x006\xe3\x01*\xd0\x97\x00\x007\x1c\x01*\
\xd0\x97\x00\x00{\xb2\x016$q\x00\x00r\x0f\x01<\
\xdf5\x00\x00\x9e\xe1\x01?\xf9>\x00\x00\x90\x0e\x01@\
\x1dG\x00\x00?Q\x01C`n\x00\x00!\x1b\x01L\
\x05#\x00\x00\x86\x8b\x01c\xaa\x09\x00\x00\x0e\xee\x01c\
\xaa\x09\x00\x00M\xb0\x01d\xa2o\x00\x00%Y\x01t\
#\xfd\x00\x00\x83\x8c\x01\x80\xad\x22\x00\x00d\xe9\x01\x80\
\xad\x22\x00\x00v\x8c\x01\xaa\xde>\x00\x00\x95\x08\x01\xb8\
\x13D\x00\x00\x15e\x01\xc1\xf0\x05\x00\x00U\x92\x01\xca\
E\x8f\x00\x00\x05U\x01\xcaE\x8f\x00\x00~\xce\x01\xd4\
VT\x00\x00\x98\xdc\x01\xd7k\xaa\x00\x00\x9b)\x01\xe7\
\xf5T\x00\x00`\xaa\x01\xfb0\xd4\x00\x00u\x91\x02\x06\
F5\x00\x004E\x02\x0b\x08\x8e\x00\x00C\x09\x02\x19\
\xde;\x00\x00P\x07\x021\xe1\x8e\x00\x008z\x024\
\xfb\xbe\x00\x00\x1bG\x028s\xd2\x00\x00'w\x028\
\xd4R\x00\x00\x90\xb0\x02;\xe2\x87\x00\x00\x89v\x02C\
\x04~\x00\x00$U\x02l\x99\x03\x00\x00\x9a\xa0\x02q\
6u\x00\x00\x8b@\x02v\xb8\x09\x00\x00\x5c \x02\xad\
pR\x00\x00E#\x02\xd9@\xf9\x00\x00\x98\x02\x02\xdc\
 Q\x00\x00\x92x\x02\xe7 \xf5\x00\x00\x05\xbb\x02\xe7\
 \xf5\x00\x00\x16\xb6\x02\xe7 \xf5\x00\x00N\xe5\x02\xe7\
 \xf5\x00\x00\x7fW\x03\x00(\x14\x00\x00\x9d%\x03\x09\
\xa2\x9e\x00\x00$\x0c\x03\x15*u\x00\x00\x19\xdd\x03%\
\xdek\x00\x00S&\x03CL9\x00\x00\x1a;\x03K\
\xef\xe5\x00\x003\x1a\x03O\x17\x85\x00\x005\x8e\x03P\
\xba\x9e\x00\x00@\xfb\x03S\xb0\xcb\x00\x00\x0a\xea\x03W\
\xb0\x17\x00\x00s%\x03X\x11u\x00\x00`w\x03]\
\xe0\x17\x00\x00\x1c\x7f\x03d\xa1\xce\x00\x00>\x1b\x03v\
\xe01\x00\x00k\x00\x03\x8d\x17\xe3\x00\x00u\xeb\x03\x9d\
\xfdE\x00\x00^-\x03\xabG\xff\x00\x00N\x08\x03\xc5\
\xefz\x00\x00\x16\x80\x03\xcc\xfa\xa3\x00\x00\x02\x15\x03\xcd\
G\xa5\x00\x00,{\x03\xee\xf3\xfa\x00\x00 \xe5\x04\x14\
S\xf5\x00\x00\x118\x04\x1b\xf0d\x00\x00\x99\x9d\x04(\
U\xc4\x00\x00\x9dz\x04K+\x03\x00\x00E\xc6\x04L\
\xedM\x00\x00\x88\xb4\x04d`5\x00\x000\x99\x04e\
\xafi\x00\x00\x0c\xc1\x04e\xafi\x00\x00K\x80\x04e\
\xafi\x00\x00Ws\x04lu\x90\x00\x00G@\x04r\
\x80\xd4\x00\x00N\xb3\x04r\x80\xd4\x00\x00}q\x04r\
\xd0\x03\x00\x00B\xdd\x04\x87p\xc8\x00\x00,\x02\x04\x8f\
\x07Y\x00\x00[X\x04\x90\x894\x00\x00Z\x0c\x04\x94\
\xa8\x84\x00\x00kv\x04\x98I\xbc\x00\x00\x04\xf4\x04\x98\
I\xbc\x00\x00\x06\xf4\x04\x98I\xbc\x00\x00\x08\xb0\x04\x98\
I\xbc\x00\x00\x0a|\x04\x98I\xbc\x00\x00\x0fF\x04\x98\
I\xbc\x00\x00\x16V\x04\x98I\xbc\x00\x007T\x04\x98\
I\xbc\x00\x008\x15\x04\x98I\xbc\x00\x00F\x04\x04\x98\
I\xbc\x00\x00I;\x04\x98I\xbc\x00\x00P]\x04\x98\
I\xbc\x00\x00~i\x04\x98I\xbc\x00\x00\x7f-\x04\x98\
I\xbc\x00\x00\x8e\xaf\x04\x99n\x95\x00\x00:\xb8\x04\xa0\
\xb2*\x00\x00\x22Q\x04\xa1L\x85\x00\x00\x22\x13\x04\xa2\
\xcb\xd7\x00\x00_\x82\x04\xa8\xb8\xa5\x00\x00\x0a\xb3\x04\xac\
,\xa5\x00\x00P\xc2\x04\xac,\xa5\x00\x00V\xac\x04\xac\
,\xa5\x00\x00z\x8a\x04\xac,\xa5\x00\x00\x7f\x8d\x04\xac\
\xab]\x00\x00\x0b7\x04\xac\xab]\x00\x00Ir\x04\xac\
\xab]\x00\x00VK\x04\xc2\x8f\xa2\x00\x00u\xc0\x04\xc4\
y%\x00\x00|\xf0\x04\xcfv\x94\x00\x00\x18\xf5\x04\xd1\
\x1fR\x00\x00v\xbf\x04\xd5P\xa4\x00\x00-\xd5\x04\xd5\
Z\xc4\x00\x00.u\x04\xd5n\xc4\x00\x00.\xd6\x04\xe0\
\x8f\xb2\x00\x00<\x9f\x04\xe3X|\x00\x00\x93F\x04\xe6\
\xf1\xdf\x00\x00\x85\xc8\x04\xedY\xc4\x00\x00\x13g\x04\xf4\
\x18N\x00\x00\x22\xed\x04\xf6\x91\xc9\x00\x00\x93h\x04\xfa\
\x12\xa3\x00\x00\x96\x85\x05\x14\x8d9\x00\x00D\xdf\x05\x17\
60\x00\x00\x1dB\x05\x1d\xcf\x09\x00\x00\x8c\xcf\x05\x22\
?\xe9\x00\x00b\xc9\x05#k\x81\x00\x00x;\x05(\
J\xd3\x00\x00=w\x051\x10\xbe\x00\x003\x81\x056\
\x8ay\x00\x00\x8f\x03\x058\x92\xc0\x00\x00\x81\x0e\x05<\
F\x99\x00\x00\x96c\x05@\x5c\xa5\x00\x00\x0c\x8c\x05@\
\x5c\xa5\x00\x00J\xc7\x05B\xdd\xac\x00\x00\x9e\xa9\x05E\
\xaf\xd9\x00\x00F\xdf\x05E\xaf\xd9\x00\x00H \x05E\
\xaf\xd9\x00\x00J\xfc\x05E\xaf\xd9\x00\x00WC\x05K\
\xe0\xd4\x00\x00t\xd3\x05_/R\x00\x00.C\x05f\
j\xa7\x00\x00\x9bc\x05o/\xe3\x00\x00Q\xde\x05v\
*I\x00\x00Lp\x05\x80W\xc4\x00\x00_\x04\x05\x8b\
\xa6\x84\x00\x00\x1f \x05\x8cF\xc5\x00\x00Gp\x05\x8c\
\xac5\x00\x00>\xd0\x05\x8c\xac5\x00\x00y\xb8\x05\x8c\
\xac5\x00\x00{\xe3\x05\x8ec\xb5\x00\x00\x8c\x0d\x05\x93\
\xca\x17\x00\x00[\xe3\x05\x9a\x90t\x00\x00B,\x05\x9c\
}.\x00\x00\x84T\x05\xa6\xecX\x00\x00+\x10\x05\xaa\
\x8b\xc3\x00\x00Xj\x05\xac\xdcQ\x00\x00\x03\xe2\x05\xb4\
\x98\xde\x00\x00\x1e\xba\x05\xbd\xf7S\x00\x00-)\x05\xc6\
\xa8\xa5\x00\x00C\xe9\x05\xd4\x8fX\x00\x00(\xfd\x05\xd6\
\x03\xff\x00\x000\x02\x05\xdb\xc29\x00\x00\x0e\xb7\x05\xdb\
\xc29\x00\x00My\x05\xdb\xc29\x00\x00Y<\x05\xdd\
\xf9D\x00\x00\x1a\xdd\x05\xdf\xba\xba\x00\x00\x08\x08\x05\xe0\
Kg\x00\x00&L\x05\xe7\x0c5\x00\x00bJ\x06\x09\
\xcd\xf4\x00\x00n\xea\x06#\xc0[\x00\x004\x12\x06,\
\xce\xa9\x00\x00\x1e\x03\x06.!\xe5\x00\x004\xa2\x06.\
\x8e)\x00\x00k\xef\x06C\x1f\x15\x00\x00\x966\x06Q\
V\xe9\x00\x00\x93\x8c\x06e2`\x00\x003\xb6\x06e\
\xa0.\x00\x00G\x9f\x06\x80\xab\x84\x00\x00\x1b\x12\x06\x81\
6D\x00\x00\x97?\x06\x95x>\x00\x00`\x1e\x06\xa2\
\x1a]\x00\x00z3\x06\xa8\xa9\xaa\x00\x00\x9e\x7f\x06\xac\
Wc\x00\x00,\xf7\x06\xae\xa4>\x00\x00\x81\x81\x06\xb0\
\xbe\xae\x00\x00\x02H\x06\xb0\xbe\xae\x00\x00\x9a\xfd\x06\xb5\
\x04\x22\x00\x00-j\x06\xb8\x91\xde\x00\x00!\xd2\x06\xbb\
]a\x00\x00o\x9b\x06\xc4y%\x00\x00*G\x06\xc9\
\xb1\x80\x00\x001\x0c\x06\xd0\xbaQ\x00\x00\x94]\x06\xe3\
v\xd4\x00\x00)\xad\x06\xe8\xc3G\x00\x00i\xe4\x07\x02\
\x06\x83\x00\x00\x8fS\x07\x05\xe4d\x00\x00\x92\xc2\x07\x09\
W\xa2\x00\x00/8\x07\x0cHY\x00\x00\x14\xc0\x07\x11\
\x5c$\x00\x00\x13\x14\x07\x1f\x97[\x00\x00\x17\x9f\x074\
'\x12\x00\x00D\xa7\x0773\xdb\x00\x00\x91\xcd\x07I\
o~\x00\x00\x92\xeb\x07P\xb3\xaa\x00\x00\x1a\x82\x07W\
f\x07\x00\x00\x8a\xff\x07^\xb4t\x00\x00\x93\x1c\x07h\
\x80$\x00\x00\x10\xd1\x07\x85\x93\xd1\x00\x00\x86H\x07\x9a\
\x96,\x00\x002\xf0\x07\xa9\xbc\x84\x00\x00U\xdd\x07\xab\
\x06\x13\x00\x00V\x1a\x07\xab\x08\x98\x00\x005T\x07\xab\
\x1aR\x00\x005\xce\x07\xb45q\x00\x00qt\x07\xb5\
\xe2\xfb\x00\x00\x09\x0b\x07\xb5\xe2\xfb\x00\x00\x17\x17\x07\xb7\
U\xe4\x00\x00f\x8e\x07\xdf\x0e\xf3\x00\x00\x12\xd4\x07\xe3\
\xfd\x9b\x00\x00Rg\x07\xe5$\xf3\x00\x00\x90\x8b\x08\x03\
\xeft\x00\x00\x083\x08\x09\x7fd\x00\x00\x07\xab\x08\x0a\
br\x00\x006D\x08\x0ftN\x00\x00\x9b\x98\x08\x18\
B%\x00\x00\x97\x84\x087\x99\xfd\x00\x00\x8b\xc2\x08=\
\xe1s\x00\x00_\xb3\x08B\xf3Q\x00\x00\x90K\x08E\
=\x0e\x00\x00\x00\xaf\x08E=\x0e\x00\x00\x8dF\x08F\
k\xe2\x00\x00\x9f\xd0\x08J\x95A\x00\x00h\xe3\x08K\
\x95\xb4\x00\x00s\xe1\x08N\xb2\xf5\x00\x00a\xf7\x08i\
5\xf4\x00\x00\x9d\xfb\x08i\x8d\x8c\x00\x00&v\x08n\
\xd9n\x00\x00sY\x08u`l\x00\x00\x9eM\x08\x81\
(\x11\x00\x00n\x5c\x08\x89)\xf9\x00\x00Dr\x08\x96\
\x1e\x8c\x00\x00d\x1a\x08\x9aE\xee\x00\x00-\x9d\x08\xa2\
\x93\xc7\x00\x00\x88\x82\x08\xb4\xac\x0e\x00\x00f\xda\x08\xba\
h\xc3\x00\x00?\xa8\x08\xbd\x8c\xc8\x00\x00So\x08\xbd\
\x8c\xc8\x00\x00e\xac\x08\xbd\x8c\xc8\x00\x00wA\x08\xc2\
\xb8\xc5\x00\x00A\xa2\x08\xc2\xb8\xc5\x00\x00\x88\x06\x08\xc4\
\x9b\xe2\x00\x00\x96\x10\x08\xcce\x97\x00\x00wi\x08\xce\
\x01\x9e\x00\x001\xd1\x08\xd6t\x12\x00\x00w\x98\x08\xfd\
\xd9#\x00\x00C\xba\x09\x06\xb5i\x00\x00\x85\x09\x09\x0b\
I\xc9\x00\x00\x18\x87\x09\x16(\xb1\x00\x00m\x02\x09)\
\xe2\x83\x00\x00dt\x09)\xe2\x83\x00\x00v\x1e\x09+\
`\xfc\x00\x00Z^\x090\x8f%\x00\x00\x87-\x096\
vN\x00\x00#\xc4\x09?h\x89\x00\x00\x0a\x15\x09?\
h\x89\x00\x00H\xd4\x09J*\xb9\x00\x00\x03\x09\x09Q\
\xd8\xce\x00\x00\x80A\x09Z\x7f\xad\x00\x00\x84\x0e\x09\x5c\
\xa9e\x00\x00\x00\x00\x09`\x06\xb5\x00\x00\x0d\xb7\x09`\
\x06\xb5\x00\x00K\xed\x09a~\xb5\x00\x00f'\x09k\
\xd7]\x00\x00\x00\xde\x09m\xf9T\x00\x00\x19\x1f\x09q\
\x01\xe0\x00\x00\x9b\xf9\x09\x87\xbc\xc5\x00\x00?\xf7\x09\x87\
\xbc\xc5\x00\x00dK\x09\x87\xbc\xc5\x00\x00t\x0b\x09\x88\
\xbd\xa3\x00\x00a(\x09\x8cu\xff\x00\x00\x83_\x09\x91\
\xe0\x92\x00\x00/j\x09\x9cu\xa3\x00\x00\x14\x89\x09\xaa\
\xaa\x89\x00\x00\x82\xb4\x09\xb2\xf0\x1e\x00\x000\xda\x09\xc5\
P\x17\x00\x00O\x81\x09\xc5P\x17\x00\x00X7\x09\xc5\
P\x17\x00\x00e\xd5\x09\xc5P\x17\x00\x00}\xef\x09\xc5\
\xb8\x8a\x00\x00\x8a\x0d\x09\xd1\x8d\xf1\x00\x00oZ\x09\xd5\
\x1e\xb5\x00\x00\x10v\x09\xd5\x1e\xb5\x00\x00L\xbe\x09\xd5\
\x1e\xb5\x00\x00X\x9a\x09\xd7\xa4d\x00\x00'\xec\x09\xde\
\xd1\x8d\x00\x00gm\x09\xeb\xbf\xb5\x00\x00A\xfd\x09\xfd\
]\xb5\x00\x00\x0ev\x09\xfd]\xb5\x00\x00M8\x09\xfd\
]\xb5\x00\x00X\xd1\x0a\x10d-\x00\x00\x15\x06\x0a\x1e\
e\xb4\x00\x00T\xd3\x0a!\xa6o\x00\x00\x15\xd6\x0a\x22\
\xd2k\x00\x002\x8f\x0a0\xab\x94\x00\x00\x19T\x0a<\
j+\x00\x00\x0dw\x0a=\x0e\x95\x00\x00:\xeb\x0a?\
#\x1b\x00\x00\x0f\xf5\x0a?#\x1b\x00\x00\x17\xd8\x0a?\
#\x1b\x00\x00P\x8b\x0a?#\x1b\x00\x00}\x9c\x0a?\
j[\x00\x00\x18\x0b\x0a?j[\x00\x00P\xf0\x0a?\
j[\x00\x00z\xb1\x0aZ\xcc\xc5\x00\x001\xa1\x0a_\
\xbe\x83\x00\x00+X\x0aa\x13>\x00\x00x\xf6\x0ad\
\xd0\xcd\x00\x00\x05$\x0ad\xd0\xcd\x00\x00\x08\xdd\x0ad\
\xd0\xcd\x00\x00\x0f\xc5\x0ad\xd0\xcd\x00\x007\xb3\x0ad\
\xd0\xcd\x00\x008G\x0ad\xd0\xcd\x00\x00Em\x0ad\
\xd0\xcd\x00\x00F\x82\x0ad\xd0\xcd\x00\x00~\x9b\x0ad\
\xd0\xcd\x00\x00\x8f\xeb\x0ae\xb9\x1c\x00\x00\x16\xec\x0ah\
\xf6\xd5\x00\x00+\x8c\x0aiA\x82\x00\x00;'\x0am\
\x82\xfc\x00\x006z\x0atg\x19\x00\x00\x10-\x0av\
\x1d\x99\x00\x00\x1c\xaa\x0avZ2\x00\x00=O\x0aw\
r\xd7\x00\x00\x06|\x0ay_\x07\x00\x00$\x9d\x0a\x84\
\xfb\xa8\x00\x00&\xee\x0a\x95m\xe4\x00\x00*u\x0a\x96\
ke\x00\x00\x0c\xf9\x0a\x9a\xaaZ\x00\x00\x01\xa6\x0a\xa2\
\xfa7\x00\x00\x9fG\x0a\xa7\xd1>\x00\x008\xf4\x0a\xad\
gY\x00\x00w\xce\x0a\xb6v\xe4\x00\x00\x9c%\x0a\xb9\
\x9c\xf3\x00\x00\x22\xc2\x0a\xb9\x9c\xf3\x00\x00T\x12\x0a\xb9\
\x9c\xf3\x00\x00\x84\xa7\x0a\xbe J\x00\x00\x07Q\x0a\xd0\
_d\x00\x00\x84\xd2\x0a\xd2\xc0\xe5\x00\x00)H\x0a\xd8\
\xc4\x11\x00\x00l\xbf\x0a\xdb\x09\xe4\x00\x00\x95\x97\x0a\xe1\
\xb0\x85\x00\x00\x8d\xbe\x0a\xe7\x93\x14\x00\x00d\xa5\x0a\xe8\
\xd6\x1e\x00\x00\x82U\x0a\xebf\x09\x00\x00:r\x0a\xff\
e\xee\x00\x00\x818\x0b\x03\xc6\x94\x00\x00\x0e:\x0b\x03\
\xc6\x94\x00\x00L\xfc\x0b\x09yE\x00\x00)\xe8\x0b\x09\
ye\x00\x00|\xc4\x0b\x09\xa6\xc4\x00\x00<E\x0b%\
\xf5\x11\x00\x00\x04\x9c\x0b08\xf9\x00\x00\x12`\x0b6\
\x01k\x00\x00Q\x99\x0b6\x08+\x00\x00QT\x0bH\
B\xd9\x00\x00\x09\x8e\x0bHB\xd9\x00\x00HM\x0b`\
\xb6\xd5\x00\x006\x10\x0bc\xe2\x94\x00\x00im\x0bd\
\xdd\xbd\x00\x00\x19\x89\x0b\x883H\x00\x00(v\x0b\x8f\
\xdd\xb2\x00\x004\xfe\x0b\x91\x1f\xcc\x00\x00\x11\xf3\x0b\x92\
\x14 \x00\x00&\xb1\x0b\x997\x8e\x00\x00r\xac\x0b\x9e\
\x96Y\x00\x00cG\x0b\xab\x94\x0e\x00\x00tf\x0b\xb7\
p\xde\x00\x00\x1do\x0b\xbd\xf2c\x00\x00\x86\xc6\x0b\xc0\
\x05\xe4\x00\x00\x83\xe0\x0b\xc2\x05\xe4\x00\x002\xc2\x0b\xc5\
\x09q\x00\x00\x04q\x0b\xcb\x00\xae\x00\x00!\x88\x0b\xdb\
\x22C\x00\x00\x8bs\x0b\xe3\xea\x81\x00\x00\x883\x0b\xee\
\x00\xe4\x00\x00<\xfc\x0c\x01\x9e\xd1\x00\x00\x99$\x0c\x04\
\xa05\x00\x00A\xce\x0c\x05\x83\x83\x00\x00\x14U\x0c\x05\
\x83\x83\x00\x00>U\x0c\x05\x83\x83\x00\x00v\xee\x0c\x10\
\xbf.\x00\x00\x7f\xb7\x0c\x13\xf8\xce\x00\x00\x09?\x0c\x15\
*\xee\x00\x00hk\x0c!\x99\xcb\x00\x00\x91\x00\x0c*\
$W\x00\x007~\x0c*$W\x00\x00N{\x0c*\
$W\x00\x00t\xa1\x0c*$W\x00\x00}\x1b\x0cB\
\x17\xa3\x00\x00u]\x0cC\xbb\xe2\x00\x00\x89\xdf\x0cG\
\x92\xf4\x00\x00W\x10\x0cG\x92\xf4\x00\x00{1\x0cJ\
fY\x00\x003Q\x0cRV\x8e\x00\x00Y\x0b\x0cV\
\x8c\xe5\x00\x005)\x0cV\xb7\xad\x00\x00\x17H\x0cX\
\x09e\x00\x00\x9an\x0cZ\xcf\x1d\x00\x00\x13\xa3\x0c^\
T\xf9\x00\x00\x0fu\x0co\x11\x8b\x00\x00\x04G\x0cu\
\x02\xbe\x00\x00G\x0e\x0cuK\x99\x00\x00u)\x0cz\
\xc3\x9e\x00\x00\x11\xb3\x0cz\xdb7\x00\x00\x96\xde\x0c{\
\x85\x9f\x00\x00$\xd6\x0c\x80\x8a\x83\x00\x00 \xb1\x0c\x84\
\xfes\x00\x00\x9c\xb9\x0c\x88\xfa>\x00\x00\x98\xb7\x0c\x90\
\xd8\xbc\x00\x00\x8e2\x0c\x92\xbc\xa1\x00\x00m\xaa\x0c\x97\
\x12\xac\x00\x00c\xe9\x0c\x9a\x01\xda\x00\x00%\xf3\x0c\xa1\
\xa9\x84\x00\x00/\x06\x0c\xa3\x80I\x00\x00D;\x0c\xa4\
\x91\xb5\x00\x00,\xb6\x0c\xa8h\x87\x00\x00c\x82\x0c\xa9\
_$\x00\x007\xde\x0c\xbb\x01s\x00\x00BU\x0c\xbb\
\x01s\x00\x00c\x1c\x0c\xc9\xa0\x0e\x00\x00c\xbf\x0c\xce\
\x0f\x1f\x00\x00\x1fJ\x0c\xdf\x8d\xc8\x00\x00\x06\xc3\x0c\xee\
\xd9[\x00\x00R\x22\x0c\xf6\x5c\xfe\x00\x00W\xa4\x0d\x04\
,\xaf\x00\x0022\x0d\x05Rs\x00\x00\x11\x04\x0d\x18\
\x90\xf2\x00\x00;u\x0d\x1fN\x94\x00\x00S\x9e\x0d1\
\x07\xc5\x00\x00\x9ft\x0d4\xb3\xee\x00\x006\xac\x0dG\
c\xb4\x00\x00t3\x0dL\xdb\xf1\x00\x00\x9cJ\x0dU\
\x94\xe2\x00\x00.\xa5\x0dZ\xca\xe7\x00\x00/\xa0\x0d\x5c\
\xa9\x15\x00\x00(.\x0d\x5c\xec2\x00\x00/\xd1\x0d_\
\xd6C\x00\x00*\x17\x0d\x89P\x17\x00\x00&!\x0d\x89\
P\x17\x00\x00:?\x0d\x93x%\x00\x00\x01\xde\x0d\xa1\
\xc7\xc9\x00\x00vN\x0d\xacz\xf3\x00\x00\x11t\x0d\xb0\
\x8e\xd4\x00\x00^\xa0\x0d\xc5\x9e\xbe\x00\x00]\xc4\x0d\xd3\
\x034\x00\x00\x91{\x0d\xd5\xf0#\x00\x00G\xe3\x0d\xd8\
\xc9)\x00\x00\x8c\x85\x0d\xfc\x13'\x00\x0002\x0e\x0d\
Dn\x00\x00\x1b\xb7\x0e\x11\x9a\xe6\x00\x00\x8ec\x0e\x12\
\x05s\x00\x00\x98`\x0e!}d\x00\x00|U\x0e/\
\xa2t\x00\x00\x12\x22\x0e1\xac*\x00\x00\x893\x0e;\
\xcd\x81\x00\x00\x95\xd8\x0eD\xcd+\x00\x00K3\x0eF\
\xc4\xc3\x00\x00*\xae\x0eb\xa1\xae\x00\x00\x92>\x0ee\
@\x89\x00\x00\x85Z\x0eg\x84\xbb\x00\x000e\x0er\
\xa2\x0e\x00\x00\x1f\xc4\x0e\xafo\xc3\x00\x00{[\x0e\xb1\
7\x93\x00\x00S\xd8\x0e\xbf\xdf:\x00\x00\x07\x7f\x0e\xcb\
%\xa2\x00\x00@%\x0e\xd3\x02\xed\x00\x00g\xeb\x0e\xe1\
~\xa3\x00\x00\x0d\xf6\x0e\xe1~\xa3\x00\x00L,\x0e\xe8\
\x9b\xb2\x00\x00\x981\x0e\xf3\x11C\x00\x00\x8d\x19\x0f\x03\
\xb7\xa1\x00\x00\x87\xa2\x0f\x07gi\x00\x00TA\x0f\x0e\
\x89.\x00\x00F3\x0f\x19\x22<\x00\x00\x0bp\x0f\x19\
\x22<\x00\x00I\xab\x0f s\xf1\x00\x00\x03\x97\x0f!\
o\xdd\x00\x00\x02y\x0f'\xf1\xfb\x00\x00\x03s\x0f'\
\xf1\xfb\x00\x00D\x16\x0f3\x9a\x85\x00\x00\x7f\xf9\x0f9\
@\xe8\x00\x00\x03\xbe\x0fL\xa1\xb3\x00\x00\x1c\xe1\x0fW\
\xb8i\x00\x00UH\x0fX\x1aC\x00\x00\x99\xcd\x0fX\
ZD\x00\x00O\x1e\x0fn1U\x00\x00Z\xcf\x0f\x85\
\xef\xbe\x00\x00#5\x0f\x8a3\xb5\x00\x00_\xe6\x0f\x93\
gi\x00\x00T\x8a\x0f\x96\xf2!\x00\x00A.\x0f\x98\
N\xf4\x00\x00~\x18\x0f\x99+e\x00\x00\x8e\xd1\x0f\x9e\
H$\x00\x00\x8c8\x0f\xa13H\x00\x00(\xce\x0f\xad\
N]\x00\x00\x8d\x90\x0f\xc0w!\x00\x00\x04\x16\x0f\xc9\
X\x97\x00\x00?#\x0f\xc9X\x97\x00\x00x\x0e\x0f\xcc\
\xa8\xc4\x00\x00\x18>\x0f\xd4\x9eI\x00\x00\x80{\x0f\xd5\
U\xb3\x00\x00fW\x0f\xef/\xd4\x00\x00U\x0e\x0f\xf4\
\xee^\x00\x00'\xb9\x0f\xf5]#\x00\x00\x911i\x00\
\x00\x9f\xff\x03\x00\x00\x00\x08f\xf4e\xb0rHg,\
\x08\x00\x00\x00\x00\x06\x00\x00\x00\x0eVersio\
n Update\x07\x00\x00\x00\x08@de\
fault\x01\x03\x00\x00\x00.\x00{\x00k\x00\
e\x00y\x00}\x00 \x8f\xd9y\xcdc\x09\x95.f\
/e\xe0eHv\x84\xff\x0c\x8b\xf7h\xc0g\xe5p\
\xed\x95.\x91M\x7fn\xff\x01\x08\x00\x00\x00\x00\x06\x00\
\x00\x001{key} is inva\
lid, please chec\
k the hotkey con\
fig!\x07\x00\x00\x00\x08@defaul\
t\x01\x03\x00\x00\x00\x06mK\x8b\xd5rH\x08\x00\x00\
\x00\x00\x06\x00\x00\x00\x0cBeta Vers\
ion\x07\x00\x00\x00\x08AboutTab\
\x01\x03\x00\x00\x00F\x96M~\xa7b\x10R\x9f\x00 \
\x00{\x00f\x00r\x00o\x00m\x00_\x00v\x00e\
\x00r\x00s\x00i\x00o\x00n\x00}\x00 \x00-\
\x00>\x00 \x00{\x00t\x00o\x00_\x00v\x00e\
\x00r\x00s\x00i\x00o\x00n\x00}\x08\x00\x00\x00\
\x00\x06\x00\x00\x000Downgrade \
success {from_ve\
rsion} -> {to_ve\
rsion}\x07\x00\x00\x00\x08About\
Tab\x01\x03\x00\x00\x00\x0aN\x0b\x8f}_\x00S\
\xd1rH\x08\x00\x00\x00\x00\x06\x00\x00\x00\x0eDow\
nload Debug\x07\x00\x00\x00\x08\
AboutTab\x01\x03\x00\x00\x00\x0cN\x0b\
\x8f}\x95\x19\x8b\xef\x00:\x00 \x08\x00\x00\x00\x00\x06\
\x00\x00\x00\x0fDownload Err\
or:\x07\x00\x00\x00\x08AboutTab\
\x01\x03\x00\x00\x00\x0aN\x0b\x8f}kc_\x0frH\
\x08\x00\x00\x00\x00\x06\x00\x00\x00\x10Downlo\
ad Release\x07\x00\x00\x00\x08A\
boutTab\x01\x03\x00\x00\x00\x08v\xf8Q\
s\x98yv\xee\x08\x00\x00\x00\x00\x06\x00\x00\x00\x0eO\
ther Projects\x07\x00\x00\
\x00\x08AboutTab\x01\x03\x00\x00\x00\x06\
kc_\x0frH\x08\x00\x00\x00\x00\x06\x00\x00\x00\x0e\
Stable Version\x07\x00\
\x00\x00\x08AboutTab\x01\x03\x00\x00\x00\
Ff\xf4e\xb0b\x10R\x9f\x00 \x00{\x00f\x00\
r\x00o\x00m\x00_\x00v\x00e\x00r\x00s\x00\
i\x00o\x00n\x00}\x00 \x00-\x00>\x00 \x00\
{\x00t\x00o\x00_\x00v\x00e\x00r\x00s\x00\
i\x00o\x00n\x00}\x08\x00\x00\x00\x00\x06\x00\x00\x00\
-Update success \
{from_version} -\
> {to_version}\x07\x00\
\x00\x00\x08AboutTab\x01\x03\xff\xff\xff\
\xff\x08\x00\x00\x00\x00\x06\x00\x00\x00L\xe4\xbd\xa0\xe7\x9a\
\x84\xe6\xb8\xb8\xe6\x88\x8f\xe7\xbc\x96\xe5\x8f\xb7, \xe5\
\xa6\x82102630612345, \
\xe5\xb0\x86\xe4\xbc\x9a\xe7\xbb\x91\xe5\xae\x9a\xe6\xad\xa4\xe8\
\xb4\xa6\xe5\x8f\xb7\xe4\xbd\xbf\xe7\x94\xa8\xe6\x97\xa0\xe6\xb3\
\x95\xe6\x9b\xb4\xe6\x94\xb9\x07\x00\x00\x00\x09ActW\
indow\x01\x03\xff\xff\xff\xff\x08\x00\x00\x00\x00\
\x06\x00\x00\x00\x06\xe6\xbf\x80\xe6\xb4\xbb\x07\x00\x00\x00\x09\
ActWindow\x01\x03\xff\xff\xff\xff\x08\
\x00\x00\x00\x00\x06\x00\x00\x00\x09\xe6\xbf\x80\xe6\xb4\xbb\xe7\
\xa0\x81\x07\x00\x00\x00\x09ActWindow\
\x01\x03\xff\xff\xff\xff\x08\x00\x00\x00\x00\x06\x00\x00\x00\x06\
\xe8\xaf\x95\xe7\x94\xa8\x07\x00\x00\x00\x09ActWi\
ndow\x01\x03\xff\xff\xff\xff\x08\x00\x00\x00\x00\x06\
\x00\x00\x00\x16\xe8\xaf\xb7\xe8\xbe\x93\xe5\x85\xa5\xe6\xb8\xb8\
\xe6\x88\x8f\xe7\xbc\x96\xe5\x8f\xb7!\x07\x00\x00\x00\x09A\
ctWindow\x01\x03\xff\xff\xff\xff\x08\x00\
\x00\x00\x00\x06\x00\x00\x00\x13\xe8\xaf\xb7\xe8\xbe\x93\xe5\x85\
\xa5\xe6\xbf\x80\xe6\xb4\xbb\xe7\xa0\x81!\x07\x00\x00\x00\x09\
ActWindow\x01\x03\xff\xff\xff\xff\x08\
\x00\x00\x00\x00\x06\x00\x00\x00\x0c\xe8\xbd\xaf\xe4\xbb\xb6\xe6\
\xbf\x80\xe6\xb4\xbb\x07\x00\x00\x00\x09ActWin\
dow\x01\x03\xff\xff\xff\xff\x08\x00\x00\x00\x00\x06\x00\
\x00\x00\x0d\xe9\xaa\x8c\xe8\xaf\x81\xe5\xa4\xb1\xe8\xb4\xa5!\
\x07\x00\x00\x00\x09ActWindow\x01\x03\
\xff\xff\xff\xff\x08\x00\x00\x00\x00\x06\x00\x00\x00\x0d\xe9\xaa\
\x8c\xe8\xaf\x81\xe6\x88\x90\xe5\x8a\x9f!\x07\x00\x00\x00\x09\
ActWindow\x01\x03\x00\x00\x00\x04m\
\xfbR\xa0\x08\x00\x00\x00\x00\x06\x00\x00\x00\x03Add\
\x07\x00\x00\x00\x11AddTextMess\
ageBox\x01\x03\x00\x00\x00\x04S\xd6m\x88\
\x08\x00\x00\x00\x00\x06\x00\x00\x00\x06Cancel\
\x07\x00\x00\x00\x11AddTextMess\
ageBox\x01\x03\x00\x00\x00\x04xn\x8b\xa4\
\x08\x00\x00\x00\x00\x06\x00\x00\x00\x07Confir\
m\x07\x00\x00\x00\x11AddTextMes\
sageBox\x01\x03\x00\x00\x00\x1c`\xa8x\
n[\x9a\x89\x81R \x96d\x00 \x00'\x00{\x00\
}\x00'\x00 T\x17\xff\x1f\x08\x00\x00\x00\x00\x06\x00\
\x00\x00%Are you sure \
you want to dele\
te '{}'?\x07\x00\x00\x00\x10Ann\
otationCanvas\x01\x03\x00\
\x00\x00\x08xn\x8b\xa4R \x96d\x08\x00\x00\x00\x00\
\x06\x00\x00\x00\x0eConfirm Del\
ete\x07\x00\x00\x00\x10Annotati\
onCanvas\x01\x03\x00\x00\x00\x04m\xf1\
\x82r\x08\x00\x00\x00\x00\x06\x00\x00\x00\x04Dark\
\x07\x00\x00\x00\x0fAppConfigWi\
dget\x01\x03\x00\x00\x00\x04mE\x82r\x08\x00\
\x00\x00\x00\x06\x00\x00\x00\x05Light\x07\x00\x00\
\x00\x0fAppConfigWidge\
t\x01\x03\x00\x00\x00\x04N;\x98\x98\x08\x00\x00\x00\x00\
\x06\x00\x00\x00\x05Theme\x07\x00\x00\x00\x0fA\
ppConfigWidget\x01\x03\
\x00\x00\x00\x12]\xf2[XW(N\x8e\x00 \x00'\
\x00{\x00}\x00'\x08\x00\x00\x00\x00\x06\x00\x00\x00\x16\
Already exists i\
n '{}'\x07\x00\x00\x00\x0aBBoxD\
ialog\x01\x03\x00\x00\x00\x06\x8f\xb9uLh\
F\x08\x00\x00\x00\x00\x06\x00\x00\x00\x0cBound\
ing Box\x07\x00\x00\x00\x0aBBox\
Dialog\x01\x03\x00\x00\x00\x04S\xd6m\x88\
\x08\x00\x00\x00\x00\x06\x00\x00\x00\x06Cancel\
\x07\x00\x00\x00\x0aBBoxDialog\x01\
\x03\x00\x00\x00\x08R\x06|{T\x0dy\xf0\x08\x00\x00\
\x00\x00\x06\x00\x00\x00\x0dCategory \
name\x07\x00\x00\x00\x0aBBoxDia\
log\x01\x03\x00\x00\x00\x06R\x06|{\x00:\x08\
\x00\x00\x00\x00\x06\x00\x00\x00\x09Categor\
y:\x07\x00\x00\x00\x0aBBoxDialo\
g\x01\x03\x00\x00\x00\x06\x9a\xd8^\xa6\x00:\x08\x00\x00\
\x00\x00\x06\x00\x00\x00\x07Height:\x07\x00\
\x00\x00\x0aBBoxDialog\x01\x03\x00\
\x00\x00\x0cT\x0dy\xf0N\x0d\x80\xfdN:zz\x08\
\x00\x00\x00\x00\x06\x00\x00\x00\x0dName re\
quired\x07\x00\x00\x00\x0aBBoxD\
ialog\x01\x03\x00\x00\x00\x04xn[\x9a\x08\
\x00\x00\x00\x00\x06\x00\x00\x00\x02OK\x07\x00\x00\x00\x0a\
BBoxDialog\x01\x03\x00\x00\x00\x06\
[\xbd^\xa6\x00:\x08\x00\x00\x00\x00\x06\x00\x00\x00\x06\
Width:\x07\x00\x00\x00\x0aBBoxD\
ialog\x01\x03\x00\x00\x00\x14m\xfbR\xa0_\
\x00Y\xcb\x83\xdcSU_\xebcwe\xb9_\x0f\x08\
\x00\x00\x00\x00\x06\x00\x00\x00\x17Add Sta\
rt Menu Shortcut\
\x07\x00\x00\x00\x0aConfigCard\x01\
\x03\x00\x00\x00\x08\x91\xcd\x7fn\x91M\x7fn\x08\x00\x00\
\x00\x00\x06\x00\x00\x00\x0cReset Con\
fig\x07\x00\x00\x00\x0aConfigCa\
rd\x01\x03\x00\x00\x00\x04S\xd6m\x88\x08\x00\x00\x00\
\x00\x06\x00\x00\x00\x06Cancel\x07\x00\x00\x00\
\x0eCopyTaskDialog\x01\
\x03\x00\x00\x00\x04xn\x8b\xa4\x08\x00\x00\x00\x00\x06\x00\
\x00\x00\x07Confirm\x07\x00\x00\x00\x0eC\
opyTaskDialog\x01\x03\x00\
\x00\x00\x08Y\x0dR6N\xfbR\xa1\x08\x00\x00\x00\x00\
\x06\x00\x00\x00\x09Copy Task\x07\x00\
\x00\x00\x0eCopyTaskDialo\
g\x01\x03\x00\x00\x00\x16\x90\x09b\xe9\x89\x81Y\x0dR\
6v\x84N\xfbR\xa1\x00.\x00.\x00.\x08\x00\x00\
\x00\x00\x06\x00\x00\x00\x16Select ta\
sk to copy...\x07\x00\x00\
\x00\x0eCopyTaskDialog\
\x01\x03\x00\x00\x00\x12\xff\x08\x000\x00 \x00=\x00 \
N\x0dT/u(\xff\x09\x08\x00\x00\x00\x00\x06\x00\x00\
\x00\x0e(0 = disabled)\
\x07\x00\x00\x00\x18CreateSched\
uleTaskDialog\x01\x03\x00\
\x00\x00\x0a\x002\x004\x5c\x0fe\xf6R6\x08\x00\x00\
\x00\x00\x06\x00\x00\x00\x0324h\x07\x00\x00\x00\x18C\
reateScheduleTas\
kDialog\x01\x03\x00\x00\x00\x1cN\xfbR\
\xa1[\x8cb\x10T\x0e\x81\xeaR\xa8\x90\x00Q\xfa\x00\
 \x00(\x00-\x00e\x00)\x08\x00\x00\x00\x00\x06\x00\
\x00\x00\x1eAuto exit aft\
er task done (-e\
)\x07\x00\x00\x00\x18CreateSche\
duleTaskDialog\x01\x03\
\x00\x00\x00\x04S\xd6m\x88\x08\x00\x00\x00\x00\x06\x00\x00\
\x00\x06Cancel\x07\x00\x00\x00\x18Cre\
ateScheduleTaskD\
ialog\x01\x03\x00\x00\x00\x04R\x1b^\xfa\x08\
\x00\x00\x00\x00\x06\x00\x00\x00\x06Create\x07\
\x00\x00\x00\x18CreateSchedu\
leTaskDialog\x01\x03\x00\x00\
\x00\x0cR\x1b^\xfa\x8b\xa1R\x12N\xfbR\xa1\x08\x00\
\x00\x00\x00\x06\x00\x00\x00\x14Create S\
chedule Task\x07\x00\x00\x00\
\x18CreateScheduleT\
askDialog\x01\x03\x00\x00\x00\x06\x81\
\xea[\x9aNI\x08\x00\x00\x00\x00\x06\x00\x00\x00\x06C\
ustom\x07\x00\x00\x00\x18Create\
ScheduleTaskDial\
og\x01\x03\x00\x00\x00\x0e\x81\xea[\x9aNIe\xf6\
\x95\xf4\x8b\xbe\x7fn\x08\x00\x00\x00\x00\x06\x00\x00\x00\x0f\
Custom Interval\x07\
\x00\x00\x00\x18CreateSchedu\
leTaskDialog\x01\x03\x00\x00\
\x00\x04k\xcfY)\x08\x00\x00\x00\x00\x06\x00\x00\x00\x05\
Daily\x07\x00\x00\x00\x18Create\
ScheduleTaskDial\
og\x01\x03\x00\x00\x00\x02Y)\x08\x00\x00\x00\x00\x06\
\x00\x00\x00\x04Days\x07\x00\x00\x00\x18Cre\
ateScheduleTaskD\
ialog\x01\x03\x00\x00\x00\x02e\xf6\x08\x00\x00\
\x00\x00\x06\x00\x00\x00\x04Hour\x07\x00\x00\x00\x18\
CreateScheduleTa\
skDialog\x01\x03\x00\x00\x00\x04\x5c\x0f\
e\xf6\x08\x00\x00\x00\x00\x06\x00\x00\x00\x05Hour\
s\x07\x00\x00\x00\x18CreateSche\
duleTaskDialog\x01\x03\
\x00\x00\x00\x02R\x06\x08\x00\x00\x00\x00\x06\x00\x00\x00\x06\
Minute\x07\x00\x00\x00\x18Creat\
eScheduleTaskDia\
log\x01\x03\x00\x00\x00\x04k\xcfg\x08\x08\x00\x00\
\x00\x00\x06\x00\x00\x00\x07Monthly\x07\x00\
\x00\x00\x18CreateSchedul\
eTaskDialog\x01\x03\x00\x00\x00\
\x0ae\xe0S\xefu(N\xfbR\xa1\x08\x00\x00\x00\x00\
\x06\x00\x00\x00\x12No tasks av\
ailable\x07\x00\x00\x00\x18Crea\
teScheduleTaskDi\
alog\x01\x03\x00\x00\x00\x04N\x00k!\x08\x00\
\x00\x00\x00\x06\x00\x00\x00\x04Once\x07\x00\x00\x00\
\x18CreateScheduleT\
askDialog\x01\x03\x00\x00\x00\x08\x90\
\x09b\xe9N\xfbR\xa1\x08\x00\x00\x00\x00\x06\x00\x00\x00\
\x0bSelect Task\x07\x00\x00\x00\
\x18CreateScheduleT\
askDialog\x01\x03\x00\x00\x00\x08_\
\x00Y\xcbe\xf6\x95\xf4\x08\x00\x00\x00\x00\x06\x00\x00\x00\
\x0aStart Time\x07\x00\x00\x00\x18\
CreateScheduleTa\
skDialog\x01\x03\x00\x00\x00\x08T/\
R\xa8\x90\x09\x98y\x08\x00\x00\x00\x00\x06\x00\x00\x00\x0f\
Startup Options\x07\
\x00\x00\x00\x18CreateSchedu\
leTaskDialog\x01\x03\x00\x00\
\x00\x08\x8d\x85e\xf6e\xf6\x95\xf4\x08\x00\x00\x00\x00\x06\
\x00\x00\x00\x07Timeout\x07\x00\x00\x00\x18\
CreateScheduleTa\
skDialog\x01\x03\x00\x00\x00\x08\x89\xe6\
S\xd1|{W\x8b\x08\x00\x00\x00\x00\x06\x00\x00\x00\x0c\
Trigger Type\x07\x00\x00\x00\
\x18CreateScheduleT\
askDialog\x01\x03\x00\x00\x00\x04k\
\xcfTh\x08\x00\x00\x00\x00\x06\x00\x00\x00\x06Wee\
kly\x07\x00\x00\x00\x18CreateSc\
heduleTaskDialog\
\x01\x03\x00\x00\x00\x16\x5c\x0fe\xf6\xff\x08\x000\x00 \
\x00=\x00 e\xe0\x96PR6\xff\x09\x08\x00\x00\x00\
\x00\x06\x00\x00\x00\x15hours (0 =\
 unlimited)\x07\x00\x00\x00\x18\
CreateScheduleTa\
skDialog\x01\x03\x00\x00\x00\x04S\xd6\
m\x88\x08\x00\x00\x00\x00\x06\x00\x00\x00\x06Canc\
el\x07\x00\x00\x00\x10CreateTas\
kDialog\x01\x03\x00\x00\x00\x12|{T\
\x0d\x00 \x00(N\xc5\x96P\x82\xf1e\x87\x00)\x08\
\x00\x00\x00\x00\x06\x00\x00\x00\x19Class N\
ame (English onl\
y)\x07\x00\x00\x00\x10CreateTas\
kDialog\x01\x03\x00\x00\x00\x04xn\x8b\
\xa4\x08\x00\x00\x00\x00\x06\x00\x00\x00\x07Confi\
rm\x07\x00\x00\x00\x10CreateTas\
kDialog\x01\x03\x00\x00\x00\x08R\x1b^\
\xfaN\xfbR\xa1\x08\x00\x00\x00\x00\x06\x00\x00\x00\x0bC\
reate Task\x07\x00\x00\x00\x10C\
reateTaskDialog\x01\
\x03\x00\x00\x00\x0ec\xcf\x8f\xf0\x00 \x00(S\xef\x90\
\x09\x00)\x08\x00\x00\x00\x00\x06\x00\x00\x00\x16Des\
cription (Option\
al)\x07\x00\x00\x00\x10CreateTa\
skDialog\x01\x03\x00\x00\x00\x08N\xfb\
R\xa1T\x0dy\xf0\x08\x00\x00\x00\x00\x06\x00\x00\x00\x09\
Task Name\x07\x00\x00\x00\x10Cr\
eateTaskDialog\x01\x03\
\x00\x00\x00\x04\x8c\x03u(\x08\x00\x00\x00\x00\x06\x00\x00\
\x00\x04Call\x07\x00\x00\x00\x08Debug\
Tab\x01\x03\x00\x00\x00\x04b*V\xfe\x08\x00\x00\
\x00\x00\x06\x00\x00\x00\x12Capture S\
creenshot\x07\x00\x00\x00\x08De\
bugTab\x01\x03\x00\x00\x00\x08b*V\xfe\
b\x10R\x9f\x08\x00\x00\x00\x00\x06\x00\x00\x00\x0fCa\
pture Success\x07\x00\x00\
\x00\x08DebugTab\x01\x03\x00\x00\x00\x0a\
b*V\xfe\x8f\xd4V\xdezz\x08\x00\x00\x00\x00\x06\
\x00\x00\x00\x15Capture retu\
rned None\x07\x00\x00\x00\x08De\
bugTab\x01\x03\x00\x00\x00\x10\x7f\x16\x8b\xd1\
\x00i\x001\x008\x00ne\x87N\xf6\x08\x00\x00\x00\
\x00\x06\x00\x00\x00\x12Convert i1\
8n files\x07\x00\x00\x00\x08Deb\
ugTab\x01\x03\x00\x00\x00\x10\x8c\x03u(\x00\
T\x00a\x00s\x00ke\xb9l\xd5\x08\x00\x00\x00\x00\
\x06\x00\x00\x00\x13Debug Task \
Function\x07\x00\x00\x00\x08Deb\
ugTab\x01\x03\x00\x00\x00\x08\x8c\x03\x8b\xd5]\
\xe5Qw\x08\x00\x00\x00\x00\x06\x00\x00\x00\x0aDeb\
ug Tool\x07\x00\x00\x00\x08Debu\
gTab\x01\x03\x00\x00\x00\x08\x90\x09b\xe9b*\
V\xfe\x08\x00\x00\x00\x00\x06\x00\x00\x00\x19Drop\
 or Select Scree\
nshot\x07\x00\x00\x00\x08DebugT\
ab\x01\x03\x00\x00\x008\x00D\x00u\x00m\x00p\
\x00 \x00T\x00h\x00r\x00e\x00a\x00d\x00s\
\x00(_\xebcw\x95.\x00:\x00C\x00t\x00r\
\x00l\x00+\x00A\x00l\x00t\x00+\x00D\x00)\
\x08\x00\x00\x00\x00\x06\x00\x00\x00\x1fDump T\
hreads(HotKey:Ct\
rl+Alt+D)\x07\x00\x00\x00\x08De\
bugTab\x01\x03\x00\x00\x00\x10u\x1fb\x10\
\x00i\x001\x008\x00ne\x87N\xf6\x08\x00\x00\x00\
\x00\x06\x00\x00\x00\x13Generate i\
18n files\x07\x00\x00\x00\x08De\
bugTab\x01\x03\x00\x00\x00\x16b*V\xfe\
e\xb9_\x0fN\x0dS\xefu(b\x16g*\x90\x09\
b\xe9\x08\x00\x00\x00\x00\x06\x00\x00\x00 No C\
apture Available\
 or Selected\x07\x00\x00\x00\
\x08DebugTab\x01\x03\x00\x00\x00\x0el\
\xa1g\x09\x91M\x7fn\x00O\x00C\x00R\x08\x00\x00\
\x00\x00\x06\x00\x00\x00\x11No OCR co\
nfigured\x07\x00\x00\x00\x08Deb\
ugTab\x01\x03\x00\x00\x00(l\xa1g\x09\x5c\
^`'b\x16e\xb9l\xd5\x00:\x00 \x00{\x00\
f\x00u\x00n\x00c\x00_\x00n\x00a\x00m\x00\
e\x00}\x08\x00\x00\x00\x00\x06\x00\x00\x00\x19No \
such attr: {func\
_name}\x07\x00\x00\x00\x08Debug\
Tab\x01\x03\x00\x00\x00\x22\x00O\x00C\x00R\x8c\
\x03u(b\x10R\x9f\x00:\x00 \x00{\x00r\x00\
e\x00s\x00u\x00l\x00t\x00}\x08\x00\x00\x00\x00\
\x06\x00\x00\x00\x15OCR success\
: {result}\x07\x00\x00\x00\x08D\
ebugTab\x01\x03\x00\x00\x00\x0ebS_\
\x00e\xe5_\xd7e\x87N\xf6Y9\x08\x00\x00\x00\x00\
\x06\x00\x00\x00\x09Open Logs\x07\x00\
\x00\x00\x08DebugTab\x01\x03\x00\x00\x00\
\x08\x90\x09b\xe9b*V\xfe\x08\x00\x00\x00\x00\x06\x00\
\x00\x00\x12Select Screen\
shots\x07\x00\x00\x00\x08DebugT\
ab\x01\x03\x00\x00\x00\x0e\x8f\x93Qee\xb9l\xd5\
b\x16\x5c^`'\x08\x00\x00\x00\x00\x06\x00\x00\x00\x1b\
Type a function \
or property\x07\x00\x00\x00\x08\
DebugTab\x01\x03\x00\x00\x00,\x8c\x03\
u(b\x10R\x9f\x00 \x00s\x00u\x00c\x00c\
\x00e\x00s\x00s\x00:\x00 \x00{\x00r\x00e\
\x00s\x00u\x00l\x00t\x00}\x08\x00\x00\x00\x00\x06\
\x00\x00\x00\x16call success\
: {result}\x07\x00\x00\x00\x08D\
ebugTab\x01\x03\x00\x00\x00\x16]\xf2\x90\
\x09b\xe9\x00{\x00n\x00u\x00m\x00}N*V\
\xferG\x08\x00\x00\x00\x00\x06\x00\x00\x00\x15{nu\
m} images select\
ed\x07\x00\x00\x00\x08DebugTab\x01\
\x03\x00\x00\x00\x06\x00A\x00D\x00B\x08\x00\x00\x00\x00\
\x06\x00\x00\x00\x03ADB\x07\x00\x00\x00\x0bEdi\
tTaskTab\x01\x03\x00\x00\x00\x16xn\
[\x9a\x89\x81R \x96d\x00 \x00{\x00}\x00 \
T\x17\xff\x1f\x08\x00\x00\x00\x00\x06\x00\x00\x00#Ar\
e you sure you w\
ant to delete {}\
?\x07\x00\x00\x00\x0bEditTaskTa\
b\x01\x03\x00\x00\x00\x04S:W\xdf\x08\x00\x00\x00\x00\
\x06\x00\x00\x00\x03Box\x07\x00\x00\x00\x0bEdi\
tTaskTab\x01\x03\x00\x00\x00\x04S\xd6\
m\x88\x08\x00\x00\x00\x00\x06\x00\x00\x00\x06Canc\
el\x07\x00\x00\x00\x0bEditTaskT\
ab\x01\x03\x00\x00\x00\x0a\x90\x09b\xe9N\xfbR\xa1\
\x00:\x08\x00\x00\x00\x00\x06\x00\x00\x00\x0cChoo\
se Task:\x07\x00\x00\x00\x0bEdi\
tTaskTab\x01\x03\x00\x00\x00\x08xn\
\x8b\xa4R \x96d\x08\x00\x00\x00\x00\x06\x00\x00\x00\x0e\
Confirm Delete\x07\x00\
\x00\x00\x0bEditTaskTab\x01\x03\
\x00\x00\x00\x04c\xa7R6\x08\x00\x00\x00\x00\x06\x00\x00\
\x00\x07Control\x07\x00\x00\x00\x0bEd\
itTaskTab\x01\x03\x00\x00\x00\x08Y\
\x0dR6N\xfbR\xa1\x08\x00\x00\x00\x00\x06\x00\x00\x00\
\x09Copy Task\x07\x00\x00\x00\x0bE\
ditTaskTab\x01\x03\x00\x00\x00\x16\
b~N\x0dR0\x00 \x00{\x00}\x00 v\x84\
n\x90e\x87N\xf6\x08\x00\x00\x00\x00\x06\x00\x00\x00!\
Could not find s\
ource file for {\
}\x07\x00\x00\x00\x0bEditTaskTa\
b\x01\x03\x00\x00\x00\x0aR\x1b^\xfae\xb0N\xfbR\
\xa1\x08\x00\x00\x00\x00\x06\x00\x00\x00\x0fCreat\
e New Task\x07\x00\x00\x00\x0bE\
ditTaskTab\x01\x03\x00\x00\x00\x08\
R\x1b^\xfaN\xfbR\xa1\x08\x00\x00\x00\x00\x06\x00\x00\
\x00\x0bCreate Task\x07\x00\x00\
\x00\x0bEditTaskTab\x01\x03\x00\
\x00\x00\x08R \x96dN\xfbR\xa1\x08\x00\x00\x00\x00\
\x06\x00\x00\x00\x0bDelete Task\
\x07\x00\x00\x00\x0bEditTaskTab\
\x01\x03\x00\x00\x00\x0e\x81\x1ag,v\x84f>y:\
T\x0dy\xf0\x08\x00\x00\x00\x00\x06\x00\x00\x00\x1bDi\
splay name for t\
he script\x07\x00\x00\x00\x0bEd\
itTaskTab\x01\x03\x00\x00\x00 N\
\xc5\x96P\x82\xf1e\x870\x01ep[WT\x8cg\
\x09eHv\x84e\x87N\xf6T\x0d[W{&\x08\
\x00\x00\x00\x00\x06\x00\x00\x00.English\
, numbers and va\
lid filename cha\
rs only\x07\x00\x00\x00\x0bEdit\
TaskTab\x01\x03\x00\x00\x00\x04[\xfcQ\
\xfa\x08\x00\x00\x00\x00\x06\x00\x00\x00\x06Expor\
t\x07\x00\x00\x00\x0bEditTaskTa\
b\x01\x03\x00\x00\x00\x08[\xfcQ\xfa\x81\x1ag,\x08\
\x00\x00\x00\x00\x06\x00\x00\x00\x0dExport \
Script\x07\x00\x00\x00\x0bEditT\
askTab\x01\x03\x00\x00\x00\x08[\xfcQ\xfa\
Y1\x8d%\x08\x00\x00\x00\x00\x06\x00\x00\x00\x0dEx\
port failed\x07\x00\x00\x00\x0b\
EditTaskTab\x01\x03\x00\x00\x00\
\x16\x8b\xfbS\xd6n\x90e\x87N\xf6Y1\x8d%\x00\
:\x00 \x00{\x00}\x08\x00\x00\x00\x00\x06\x00\x00\x00\
\x1eFailed to read \
source file: {}\x07\
\x00\x00\x00\x0bEditTaskTab\x01\
\x03\x00\x00\x00\x08O\xdd[XY1\x8d%\x08\x00\x00\
\x00\x00\x06\x00\x00\x00\x0eFailed to\
 save\x07\x00\x00\x00\x0bEditTa\
skTab\x01\x03\x00\x00\x00\x04e\x87N\xf6\x08\
\x00\x00\x00\x00\x06\x00\x00\x00\x04File\x07\x00\x00\
\x00\x0bEditTaskTab\x01\x03\x00\
\x00\x00\x10e\x87N\xf6]\xf2\x88\xabY\x16\x90\xe8O\
\xeee9\x08\x00\x00\x00\x00\x06\x00\x00\x00\x17Fil\
e Changed Extern\
ally\x07\x00\x00\x00\x0bEditTas\
kTab\x01\x03\x00\x00\x00\x08e\x87N\xf6T\x0d\
\xff\x1a\x08\x00\x00\x00\x00\x06\x00\x00\x00\x0aFile\
 Name:\x07\x00\x00\x00\x0bEditT\
askTab\x01\x03\x00\x00\x00\x04eYz\x0b\
\x08\x00\x00\x00\x00\x06\x00\x00\x00\x05Guide\x07\
\x00\x00\x00\x0bEditTaskTab\x01\
\x03\x00\x00\x00\x08[\xfcQe\x81\x1ag,\x08\x00\x00\
\x00\x00\x06\x00\x00\x00\x0dImport Sc\
ript\x07\x00\x00\x00\x0bEditTas\
kTab\x01\x03\x00\x00\x00\x08[\xfcQeY1\
\x8d%\x08\x00\x00\x00\x00\x06\x00\x00\x00\x0dImpo\
rt failed\x07\x00\x00\x00\x0bEd\
itTaskTab\x01\x03\x00\x00\x00\x1c|\
{T\x0de\xe0eH0\x02S\xea\x80\xfdO\x7fu\
(\x82\xf1e\x87[W{&0\x02\x08\x00\x00\x00\x00\
\x06\x00\x00\x004Invalid Cla\
ss Name. Must be\
 English charact\
ers only.\x07\x00\x00\x00\x0bEd\
itTaskTab\x01\x03\x00\x00\x006e\
\xe0eHv\x84e\x87N\xf6T\x0d0\x02S\xea\x80\
\xfdO\x7fu(\x82\xf1e\x87[Wk\xcd0\x01e\
p[W0\x01N\x0bR\x12~\xbfT\x8c\x8f\xde[\
W{&0\x02\x08\x00\x00\x00\x00\x06\x00\x00\x00KI\
nvalid file name\
. Use English le\
tters, numbers, \
underscores, hyp\
hens only.\x07\x00\x00\x00\x0bE\
ditTaskTab\x01\x03\x00\x00\x00\x04\
c\x09\x95.\x08\x00\x00\x00\x00\x06\x00\x00\x00\x03Ke\
y\x07\x00\x00\x00\x0bEditTaskTa\
b\x01\x03\x00\x00\x00\x04e\xe5_\xd7\x08\x00\x00\x00\x00\
\x06\x00\x00\x00\x07Logging\x07\x00\x00\x00\
\x0bEditTaskTab\x01\x03\x00\x00\
\x00\x08e\xe0\x96P_\xaas\xaf\x08\x00\x00\x00\x00\x06\
\x00\x00\x00\x0fLoop infinit\
ely\x07\x00\x00\x00\x0bEditTask\
Tab\x01\x03\x00\x00\x00\x0c_\xaas\xafc\x07[\
\x9ak!ep\x08\x00\x00\x00\x00\x06\x00\x00\x00\x0cL\
oop x times\x07\x00\x00\x00\x0b\
EditTaskTab\x01\x03\x00\x00\x00\
\x04\x9f h\x07\x08\x00\x00\x00\x00\x06\x00\x00\x00\x05M\
ouse\x07\x00\x00\x00\x0bEditTas\
kTab\x01\x03\x00\x00\x00\x06N\x0d_\xaas\xaf\
\x08\x00\x00\x00\x00\x06\x00\x00\x00\x07No loo\
p\x07\x00\x00\x00\x0bEditTaskTa\
b\x01\x03\x00\x00\x00\x12l\xa1g\x09S\xef[\xfcQ\
\xfav\x84N\xfbR\xa10\x02\x08\x00\x00\x00\x00\x06\x00\
\x00\x00\x13No tasks to e\
xport.\x07\x00\x00\x00\x0bEditT\
askTab\x01\x03\x00\x00\x00\x06\x00O\x00C\
\x00R\x08\x00\x00\x00\x00\x06\x00\x00\x00\x03OCR\x07\
\x00\x00\x00\x0bEditTaskTab\x01\
\x03\x00\x00\x00\x04xn[\x9a\x08\x00\x00\x00\x00\x06\x00\
\x00\x00\x02OK\x07\x00\x00\x00\x0bEditTa\
skTab\x01\x03\x00\x00\x00D\x00O\x00K\x00\
S\x00c\x00r\x00i\x00p\x00t\x00 e\x87N\
\xf6\x00 \x00(\x00*\x00.\x00o\x00k\x00s\x00\
c\x00r\x00i\x00p\x00t\x00)\x00;\x00;b\
@g\x09e\x87N\xf6\x00 \x00(\x00*\x00)\x08\
\x00\x00\x00\x00\x06\x00\x00\x00*OKScrip\
t Files (*.okscr\
ipt);;All Files \
(*)\x07\x00\x00\x00\x0bEditTask\
Tab\x01\x03\x00\x00\x00\x04QvN\xd6\x08\x00\x00\
\x00\x00\x06\x00\x00\x00\x05Other\x07\x00\x00\x00\
\x0bEditTaskTab\x01\x03\x00\x00\
\x00\x1c\x8b\xf7\x81\xf3\x5c\x11\x90\x09b\xe9N\x00N*\
N\xfbR\xa1\x8f\xdb\x88L[\xfcQ\xfa0\x02\x08\x00\
\x00\x00\x00\x06\x00\x00\x00*Please s\
elect at least o\
ne task to expor\
t.\x07\x00\x00\x00\x0bEditTaskT\
ab\x01\x03\x00\x00\x00\x04_UR6\x08\x00\x00\x00\
\x00\x06\x00\x00\x00\x06Record\x07\x00\x00\x00\
\x0bEditTaskTab\x01\x03\x00\x00\
\x00\x22_UR6\x5c\x06\x89\x86v\xd6_SRM\
\x81\x1ag,\x90;\x8f\x910\x02f/T&~\xe7\
~\xed\xff\x1f\x08\x00\x00\x00\x00\x06\x00\x00\x008Re\
cord will overri\
de the current s\
cript logic. Con\
tinue?\x07\x00\x00\x00\x0bEditT\
askTab\x01\x03\x00\x00\x00@W(z\x97\
S\xe3\x00 \x00'\x00{\x00h\x00w\x00n\x00d\
\x00_\x00n\x00a\x00m\x00e\x00}\x00'\x00 \
Y\x04N\x8em;R\xa8r\xb6`\x01e\xf6\xff\x0c\
\x5c\x06_\x00Y\xcb_UR60\x02\x08\x00\x00\x00\
\x00\x06\x00\x00\x00>Recording \
will start when \
window '{hwnd_na\
me}' becomes act\
ive.\x07\x00\x00\x00\x0bEditTas\
kTab\x01\x03\x00\x00\x00\x04\x8f\xd0\x88L\x08\x00\
\x00\x00\x00\x06\x00\x00\x00\x03Run\x07\x00\x00\x00\x0b\
EditTaskTab\x01\x03\x00\x00\x00\
\x04O\xdd[X\x08\x00\x00\x00\x00\x06\x00\x00\x00\x04S\
ave\x07\x00\x00\x00\x0bEditTask\
Tab\x01\x03\x00\x00\x00\x08O\xdd[Xf\xf4e\
9\x08\x00\x00\x00\x00\x06\x00\x00\x00\x0cSave \
Changes\x07\x00\x00\x00\x0bEdit\
TaskTab\x01\x03\x00\x00\x00\x0a\x81\x1ag\
,T\x0dy\xf0\xff\x1a\x08\x00\x00\x00\x00\x06\x00\x00\x00\
\x0cScript Name:\x07\x00\x00\
\x00\x0bEditTaskTab\x01\x03\x00\
\x00\x00\x1c\x81\x1ag,]\xf2b\x10R\x9f[\xfcQ\
\xfaR0N\x0b\x8f}e\x87N\xf6Y90\x02\x08\
\x00\x00\x00\x00\x06\x00\x00\x001Script \
exported success\
fully to Downloa\
ds folder.\x07\x00\x00\x00\x0bE\
ditTaskTab\x01\x03\x00\x00\x00\x12\
\x81\x1ag,T\x0dy\xf0N:_\xc5Xk\x98y\
0\x02\x08\x00\x00\x00\x00\x06\x00\x00\x00\x18Scri\
pt name is requi\
red.\x07\x00\x00\x00\x0bEditTas\
kTab\x01\x03\x00\x00\x00\x0ed\x1c}\x22j!\
g\x7f\x00.\x00.\x00.\x08\x00\x00\x00\x00\x06\x00\x00\
\x00\x13Search templat\
es...\x07\x00\x00\x00\x0bEditTa\
skTab\x01\x03\x00\x00\x00\x0c\x90\x09b\xe9\x81\
\x1ag,e\x87N\xf6\x08\x00\x00\x00\x00\x06\x00\x00\x00\
\x12Select Script F\
ile\x07\x00\x00\x00\x0bEditTask\
Tab\x01\x03\x00\x00\x00\x12\x90\x09b\xe9\x89\x81[\
\xfcQ\xfav\x84N\xfbR\xa1\xff\x1a\x08\x00\x00\x00\x00\
\x06\x00\x00\x00\x17Select task\
s to export:\x07\x00\x00\x00\
\x0bEditTaskTab\x01\x03\x00\x00\
\x00\x04P\x5ckb\x08\x00\x00\x00\x00\x06\x00\x00\x00\x04\
Stop\x07\x00\x00\x00\x0bEditTas\
kTab\x01\x03\x00\x00\x00\x04b\x10R\x9f\x08\x00\
\x00\x00\x00\x06\x00\x00\x00\x07Success\x07\
\x00\x00\x00\x0bEditTaskTab\x01\
\x03\x00\x00\x00\x12N\xfbR\xa1T\x0dy\xf0N\x0d\x80\
\xfdN:zz0\x02\x08\x00\x00\x00\x00\x06\x00\x00\x00\
\x16Task Name is re\
quired.\x07\x00\x00\x00\x0bEdit\
TaskTab\x01\x03\x00\x00\x00\x0eN\xfbR\
\xa1Y\x0dR6b\x10R\x9f0\x02\x08\x00\x00\x00\x00\
\x06\x00\x00\x00\x19Task copied\
 successfully.\x07\x00\
\x00\x00\x0bEditTaskTab\x01\x03\
\x00\x00\x00\x0eN\xfbR\xa1R\x1b^\xfab\x10R\x9f\
0\x02\x08\x00\x00\x00\x00\x06\x00\x00\x00\x1aTask\
 created success\
fully.\x07\x00\x00\x00\x0bEditT\
askTab\x01\x03\x00\x00\x00\x0eN\xfbR\xa1\
R \x96db\x10R\x9f0\x02\x08\x00\x00\x00\x00\x06\
\x00\x00\x00\x1aTask deleted\
 successfully.\x07\x00\
\x00\x00\x0bEditTaskTab\x01\x03\
\x00\x00\x00\x10N\xfbR\xa1e\x87N\xf6]\xf2[X\
W(0\x02\x08\x00\x00\x00\x00\x06\x00\x00\x00\x19Ta\
sk file already \
exists.\x07\x00\x00\x00\x0bEdit\
TaskTab\x01\x03\x00\x00\x00\x0eN\xfbR\
\xa1\x91\xcd^\xfab\x10R\x9f0\x02\x08\x00\x00\x00\x00\
\x06\x00\x00\x00\x1aTask rebuil\
t successfully.\x07\
\x00\x00\x00\x0bEditTaskTab\x01\
\x03\x00\x00\x00\x08j!g\x7fS9\x91M\x08\x00\x00\
\x00\x00\x06\x00\x00\x00\x11Template \
Matching\x07\x00\x00\x00\x0bEdi\
tTaskTab\x01\x03\x00\x00\x00$_S\
RMN\xfbR\xa1g\x09g*O\xdd[Xv\x84\
f\xf4e90\x02f/T&\x89\x81O\xdd[X\
\xff\x1f\x08\x00\x00\x00\x00\x06\x00\x00\x00?The \
current task has\
 unsaved changes\
. Do you want to\
 save them?\x07\x00\x00\x00\x0b\
EditTaskTab\x01\x03\x00\x00\x00\
*e\x87N\xf6]\xf2\x88\xabY\x16\x90\xe8O\xeee\
90\x02f/T&\x89\x81\x89\x86v\xd6g*O\
\xdd[Xv\x84f\xf4e9\xff\x1f\x08\x00\x00\x00\x00\
\x06\x00\x00\x00PThe file wa\
s modified exter\
nally. Do you wa\
nt to overwrite \
your unsaved cha\
nges?\x07\x00\x00\x00\x0bEditTa\
skTab\x01\x03\x00\x00\x00\x06rHg,\xff\
\x1a\x08\x00\x00\x00\x00\x06\x00\x00\x00\x08Versi\
on:\x07\x00\x00\x00\x0bEditTask\
Tab\x01\x03\x00\x00\x00\x04\x8bfTJ\x08\x00\x00\
\x00\x00\x06\x00\x00\x00\x07Warning\x07\x00\
\x00\x00\x0bEditTaskTab\x01\x03\
\x00\x00\x00\x04z\x97S\xe3\x08\x00\x00\x00\x00\x06\x00\x00\
\x00\x06Window\x07\x00\x00\x00\x0bEdi\
tTaskTab\x01\x03\x00\x00\x00\x12\x00A\
\x00D\x00B\x00 \x00S\x00h\x00e\x00l\x00l\
\x08\x00\x00\x00\x00\x06\x00\x00\x00\x09adb_sh\
ell\x07\x00\x00\x00\x0bEditTask\
Tab\x01\x03\x00\x00\x00\x12\x00A\x00D\x00B\x00\
 \x00U\x00I\x00 [\xfcQ\xfa\x08\x00\x00\x00\x00\
\x06\x00\x00\x00\x0badb_ui_dump\
\x07\x00\x00\x00\x0bEditTaskTab\
\x01\x03\x00\x00\x00\x0cm\xfbR\xa0e\x87g,O\xee\
kc\x08\x00\x00\x00\x00\x06\x00\x00\x00\x0cadd_\
text_fix\x07\x00\x00\x00\x0bEdi\
tTaskTab\x01\x03\x00\x00\x00\x04\x8f\xd4\
V\xde\x08\x00\x00\x00\x00\x06\x00\x00\x00\x04back\
\x07\x00\x00\x00\x0bEditTaskTab\
\x01\x03\x00\x00\x00\x06w\xe9_bhF\x08\x00\x00\x00\
\x00\x06\x00\x00\x00\x03box\x07\x00\x00\x00\x0bEd\
itTaskTab\x01\x03\x00\x00\x00\x0al\
4^s\x5cEN-hF\x08\x00\x00\x00\x00\x06\x00\
\x00\x00\x18box_in_horizo\
ntal_center\x07\x00\x00\x00\x0b\
EditTaskTab\x01\x03\x00\x00\x00\
\x06\x5cO^UhF\x08\x00\x00\x00\x00\x06\x00\x00\x00\
\x0dbox_of_screen\x07\x00\
\x00\x00\x0bEditTaskTab\x01\x03\
\x00\x00\x00\x0e\x7f)e>T\x0ev\x84\x5cO^U\
hF\x08\x00\x00\x00\x00\x06\x00\x00\x00\x14box_\
of_screen_scaled\
\x07\x00\x00\x00\x0bEditTaskTab\
\x01\x03\x00\x00\x00\x0e\x8b\xa1{\x97\x98\x9c\x82rv~\
R\x06k\xd4\x08\x00\x00\x00\x00\x06\x00\x00\x00\x1aca\
lculate_color_pe\
rcentage\x07\x00\x00\x00\x0bEdi\
tTaskTab\x01\x03\x00\x00\x00\x06n\x05\
\x96dhF\x08\x00\x00\x00\x00\x06\x00\x00\x00\x09cl\
ear_box\x07\x00\x00\x00\x0bEdit\
TaskTab\x01\x03\x00\x00\x00\x04p\xb9Q\
\xfb\x08\x00\x00\x00\x00\x06\x00\x00\x00\x05click\
\x07\x00\x00\x00\x0bEditTaskTab\
\x01\x03\x00\x00\x00\x06p\xb9Q\xfbhF\x08\x00\x00\x00\
\x00\x06\x00\x00\x00\x09click_box\x07\
\x00\x00\x00\x0bEditTaskTab\x01\
\x03\x00\x00\x00\x14Y\x82g\x9cT\x0dy\xf0S9\x91\
MR\x19p\xb9Q\xfbhF\x08\x00\x00\x00\x00\x06\x00\
\x00\x00\x17click_box_if_\
name_match\x07\x00\x00\x00\x0bE\
ditTaskTab\x01\x03\x00\x00\x00\x08\
v\xf8[\xf9p\xb9Q\xfb\x08\x00\x00\x00\x00\x06\x00\x00\
\x00\x0eclick_relative\
\x07\x00\x00\x00\x0bEditTaskTab\
\x01\x03\x00\x00\x00\x06Rj\x8d4g\x7f\x08\x00\x00\x00\
\x00\x06\x00\x00\x00\x09clipboard\x07\
\x00\x00\x00\x0bEditTaskTab\x01\
\x03\x00\x00\x00\x0cR\x1b^\xfa_\xebcwe\xb9_\
\x0f\x08\x00\x00\x00\x00\x06\x00\x00\x00\x0fcreat\
e_shortcut\x07\x00\x00\x00\x0bE\
ditTaskTab\x01\x03\x00\x00\x00\x08\
y\x81u(N\xfbR\xa1\x08\x00\x00\x00\x00\x06\x00\x00\
\x00\x07disable\x07\x00\x00\x00\x0bEd\
itTaskTab\x01\x03\x00\x00\x00\x06~\
\xd8R6hF\x08\x00\x00\x00\x00\x06\x00\x00\x00\x0ad\
raw_boxes\x07\x00\x00\x00\x0bEd\
itTaskTab\x01\x03\x00\x00\x00\x08T\
/u(N\xfbR\xa1\x08\x00\x00\x00\x00\x06\x00\x00\x00\
\x06enable\x07\x00\x00\x00\x0bEdit\
TaskTab\x01\x03\x00\x00\x00\x0axnO\
\xddW(g\x00RM\x08\x00\x00\x00\x00\x06\x00\x00\x00\
\x0fensure_in_front\
\x07\x00\x00\x00\x0bEditTaskTab\
\x01\x03\x00\x00\x00\x0cry_\x81f/T&[X\
W(\x08\x00\x00\x00\x00\x06\x00\x00\x00\x0efeat\
ure_exists\x07\x00\x00\x00\x0bE\
ditTaskTab\x01\x03\x00\x00\x00\x04\
g\xe5b~\x08\x00\x00\x00\x00\x06\x00\x00\x00\x04fi\
nd\x07\x00\x00\x00\x0bEditTaskT\
ab\x01\x03\x00\x00\x00\x12W(hFQ\x85g\xe5\
b~g\x00OsS9\x91M\x08\x00\x00\x00\x00\x06\
\x00\x00\x00\x16find_best_ma\
tch_in_box\x07\x00\x00\x00\x0bE\
ditTaskTab\x01\x03\x00\x00\x00\x0a\
g\xe5b~Y\x1aN*hF\x08\x00\x00\x00\x00\x06\
\x00\x00\x00\x0afind_boxes\x07\x00\
\x00\x00\x0bEditTaskTab\x01\x03\
\x00\x00\x00\x08g\xe5b~ry_\x81\x08\x00\x00\x00\
\x00\x06\x00\x00\x00\x0cfind_featu\
re\x07\x00\x00\x00\x0bEditTaskT\
ab\x01\x03\x00\x00\x00\x0eg\xe5b~ry_\x81\
^v\x8b\xbe\x7fn\x08\x00\x00\x00\x00\x06\x00\x00\x00\x14\
find_feature_and\
_set\x07\x00\x00\x00\x0bEditTas\
kTab\x01\x03\x00\x00\x00\x12W(hFQ\x85\
g\xe5b~\x99\x96N*S9\x91M\x08\x00\x00\x00\
\x00\x06\x00\x00\x00\x17find_first\
_match_in_box\x07\x00\x00\
\x00\x0bEditTaskTab\x01\x03\x00\
\x00\x00\x08g\xe5b~N\x00N*\x08\x00\x00\x00\x00\
\x06\x00\x00\x00\x08find_one\x07\x00\x00\
\x00\x0bEditTaskTab\x01\x03\x00\
\x00\x00\x0cc\x09T\x0dy\xf0\x83\xb7S\xd6hF\x08\
\x00\x00\x00\x00\x06\x00\x00\x00\x0fget_box\
_by_name\x07\x00\x00\x00\x0bEdi\
tTaskTab\x01\x03\x00\x00\x00\x0ec\x09\
T\x0dy\xf0\x83\xb7S\xd6ry_\x81\x08\x00\x00\x00\
\x00\x06\x00\x00\x00\x13get_featur\
e_by_name\x07\x00\x00\x00\x0bEd\
itTaskTab\x01\x03\x00\x00\x00\x08\x83\
\xb7S\xd6r\xb6`\x01\x08\x00\x00\x00\x00\x06\x00\x00\x00\
\x0aget_status\x07\x00\x00\x00\x0b\
EditTaskTab\x01\x03\x00\x00\x00\
\x10\x90\x1a\x8f\xc7|{T\x0d\x83\xb7S\xd6N\xfbR\
\xa1\x08\x00\x00\x00\x00\x06\x00\x00\x00\x11get_t\
ask_by_class\x07\x00\x00\x00\
\x0bEditTaskTab\x01\x03\x00\x00\
\x00\x0a\x8flR0h\x07{~\x98u\x08\x00\x00\x00\
\x00\x06\x00\x00\x00\x09go_to_tab\x07\
\x00\x00\x00\x0bEditTaskTab\x01\
\x03\x00\x00\x00\x08\x5cO^U\x9a\xd8^\xa6\x08\x00\x00\
\x00\x00\x06\x00\x00\x00\x10height_of\
_screen\x07\x00\x00\x00\x0bEdit\
TaskTab\x01\x03\x00\x00\x00\x08O\xe1`\
oX\x9eR\xa0\x08\x00\x00\x00\x00\x06\x00\x00\x00\x08i\
nfo_add\x07\x00\x00\x00\x0bEdit\
TaskTab\x01\x03\x00\x00\x00\x0eO\xe1`\
om\xfbR\xa0R0R\x17\x88h\x08\x00\x00\x00\x00\
\x06\x00\x00\x00\x10info_add_to\
_list\x07\x00\x00\x00\x0bEditTa\
skTab\x01\x03\x00\x00\x00\x08O\xe1`on\
\x05\x96d\x08\x00\x00\x00\x00\x06\x00\x00\x00\x0ainf\
o_clear\x07\x00\x00\x00\x0bEdit\
TaskTab\x01\x03\x00\x00\x00\x08O\xe1`\
o\x83\xb7S\xd6\x08\x00\x00\x00\x00\x06\x00\x00\x00\x08i\
nfo_get\x07\x00\x00\x00\x0bEdit\
TaskTab\x01\x03\x00\x00\x00\x08O\xe1`\
o\x90\x12X\x9e\x08\x00\x00\x00\x00\x06\x00\x00\x00\x09i\
nfo_incr\x07\x00\x00\x00\x0bEdi\
tTaskTab\x01\x03\x00\x00\x00\x08O\xe1\
`o\x8b\xbe\x7fn\x08\x00\x00\x00\x00\x06\x00\x00\x00\x08\
info_set\x07\x00\x00\x00\x0bEdi\
tTaskTab\x01\x03\x00\x00\x00\x08\x8f\x93\
Qee\x87g,\x08\x00\x00\x00\x00\x06\x00\x00\x00\x0a\
input_text\x07\x00\x00\x00\x0bE\
ditTaskTab\x01\x03\x00\x00\x00\x0c\
f/T&N:\x00A\x00D\x00B\x08\x00\x00\x00\
\x00\x06\x00\x00\x00\x06is_adb\x07\x00\x00\x00\
\x0bEditTaskTab\x01\x03\x00\x00\
\x00\x0cf/T&N:mO\x89\xc8Vh\x08\x00\
\x00\x00\x00\x06\x00\x00\x00\x0ais_brows\
er\x07\x00\x00\x00\x0bEditTaskT\
ab\x01\x03\x00\x00\x00\x08\x8b\xb0_U\x8c\x03\x8b\xd5\
\x08\x00\x00\x00\x00\x06\x00\x00\x00\x09log_de\
bug\x07\x00\x00\x00\x0bEditTask\
Tab\x01\x03\x00\x00\x00\x08\x8b\xb0_U\x95\x19\x8b\
\xef\x08\x00\x00\x00\x00\x06\x00\x00\x00\x09log_e\
rror\x07\x00\x00\x00\x0bEditTas\
kTab\x01\x03\x00\x00\x00\x08\x8b\xb0_UO\xe1\
`o\x08\x00\x00\x00\x00\x06\x00\x00\x00\x08log_\
info\x07\x00\x00\x00\x0bEditTas\
kTab\x01\x03\x00\x00\x00\x08\x8b\xb0_U\x8bf\
TJ\x08\x00\x00\x00\x00\x06\x00\x00\x00\x0blog_\
warning\x07\x00\x00\x00\x0bEdit\
TaskTab\x01\x03\x00\x00\x00\x08N-\x95\
.p\xb9Q\xfb\x08\x00\x00\x00\x00\x06\x00\x00\x00\x0cm\
iddle_click\x07\x00\x00\x00\x0b\
EditTaskTab\x01\x03\x00\x00\x00\
\x0cv\xf8[\xf9N-\x95.p\xb9Q\xfb\x08\x00\x00\
\x00\x00\x06\x00\x00\x00\x15middle_cl\
ick_relative\x07\x00\x00\x00\
\x0bEditTaskTab\x01\x03\x00\x00\
\x00\x08\x9f h\x07c\x09N\x0b\x08\x00\x00\x00\x00\x06\
\x00\x00\x00\x0amouse_down\x07\x00\
\x00\x00\x0bEditTaskTab\x01\x03\
\x00\x00\x00\x08\x9f h\x07g~_\x00\x08\x00\x00\x00\
\x00\x06\x00\x00\x00\x08mouse_up\x07\x00\
\x00\x00\x0bEditTaskTab\x01\x03\
\x00\x00\x00\x08y\xfbR\xa8\x9f h\x07\x08\x00\x00\x00\
\x00\x06\x00\x00\x00\x04move\x07\x00\x00\x00\x0bE\
ditTaskTab\x01\x03\x00\x00\x00\x0c\
v\xf8[\xf9y\xfbR\xa8\x9f h\x07\x08\x00\x00\x00\
\x00\x06\x00\x00\x00\x0dmove_relat\
ive\x07\x00\x00\x00\x0bEditTask\
Tab\x01\x03\x00\x00\x00\x06N\x0bN\x00^'\x08\
\x00\x00\x00\x00\x06\x00\x00\x00\x0anext_fr\
ame\x07\x00\x00\x00\x0bEditTask\
Tab\x01\x03\x00\x00\x00\x04\x90\x1aw\xe5\x08\x00\x00\
\x00\x00\x06\x00\x00\x00\x0cnotificat\
ion\x07\x00\x00\x00\x0bEditTask\
Tab\x01\x03\x00\x00\x00\x0e\x00O\x00C\x00Re\
\x87[W\x8b\xc6R+\x08\x00\x00\x00\x00\x06\x00\x00\x00\
\x03ocr\x07\x00\x00\x00\x0bEditTas\
kTab\x01\x03\x00\x00\x00\x08\x8d\x85Q\xfak\xd4\
O\x8b\x08\x00\x00\x00\x00\x06\x00\x00\x00\x0cout_\
of_ratio\x07\x00\x00\x00\x0bEdi\
tTaskTab\x01\x03\x00\x00\x00\x04f\x82\
P\x5c\x08\x00\x00\x00\x00\x06\x00\x00\x00\x05paus\
e\x07\x00\x00\x00\x0bEditTaskTa\
b\x01\x03\x00\x00\x00\x08S\xf3\x95.p\xb9Q\xfb\x08\
\x00\x00\x00\x00\x06\x00\x00\x00\x0bright_c\
lick\x07\x00\x00\x00\x0bEditTas\
kTab\x01\x03\x00\x00\x00\x04b*V\xfe\x08\x00\
\x00\x00\x00\x06\x00\x00\x00\x0ascreensh\
ot\x07\x00\x00\x00\x0bEditTaskT\
ab\x01\x03\x00\x00\x00\x04n\xdaR\xa8\x08\x00\x00\x00\
\x00\x06\x00\x00\x00\x06scroll\x07\x00\x00\x00\
\x0bEditTaskTab\x01\x03\x00\x00\
\x00\x08v\xf8[\xf9n\xdaR\xa8\x08\x00\x00\x00\x00\x06\
\x00\x00\x00\x0fscroll_relat\
ive\x07\x00\x00\x00\x0bEditTask\
Tab\x01\x03\x00\x00\x00\x08S\xd1\x90\x01c\x09\x95\
.\x08\x00\x00\x00\x00\x06\x00\x00\x00\x08send_\
key\x07\x00\x00\x00\x0bEditTask\
Tab\x01\x03\x00\x00\x00\x08c\x09N\x0bc\x09\x95\
.\x08\x00\x00\x00\x00\x06\x00\x00\x00\x0dsend_\
key_down\x07\x00\x00\x00\x0bEdi\
tTaskTab\x01\x03\x00\x00\x00\x08g~\
_\x00c\x09\x95.\x08\x00\x00\x00\x00\x06\x00\x00\x00\x0b\
send_key_up\x07\x00\x00\x00\x0b\
EditTaskTab\x01\x03\x00\x00\x00\
\x04O\x11w \x08\x00\x00\x00\x00\x06\x00\x00\x00\x05s\
leep\x07\x00\x00\x00\x0bEditTas\
kTab\x01\x03\x00\x00\x00\x08O\x11w h\xc0\
g\xe5\x08\x00\x00\x00\x00\x06\x00\x00\x00\x0bslee\
p_check\x07\x00\x00\x00\x0bEdit\
TaskTab\x01\x03\x00\x00\x00\x08T/R\
\xa8\x8b\xbeY\x07\x08\x00\x00\x00\x00\x06\x00\x00\x00\x0cs\
tart_device\x07\x00\x00\x00\x0b\
EditTaskTab\x01\x03\x00\x00\x00\
\x04n\xd1R\xa8\x08\x00\x00\x00\x00\x06\x00\x00\x00\x05s\
wipe\x07\x00\x00\x00\x0bEditTas\
kTab\x01\x03\x00\x00\x00\x08v\xf8[\xf9n\xd1\
R\xa8\x08\x00\x00\x00\x00\x06\x00\x00\x00\x0eswip\
e_relative\x07\x00\x00\x00\x0bE\
ditTaskTab\x01\x03\x00\x00\x00\x04\
\x7f\xfb\x8b\xd1\x08\x00\x00\x00\x00\x06\x00\x00\x00\x02tr\
\x07\x00\x00\x00\x0bEditTaskTab\
\x01\x03\x00\x00\x00\x04\x89\xe6S\xd1\x08\x00\x00\x00\x00\x06\
\x00\x00\x00\x07trigger\x07\x00\x00\x00\x0b\
EditTaskTab\x01\x03\x00\x00\x00\
\x04`bY\x0d\x08\x00\x00\x00\x00\x06\x00\x00\x00\x07u\
npause\x07\x00\x00\x00\x0bEditT\
askTab\x01\x03\x00\x00\x00\x0c{I_\x85\
^vp\xb9Q\xfbhF\x08\x00\x00\x00\x00\x06\x00\x00\
\x00\x0ewait_click_box\
\x07\x00\x00\x00\x0bEditTaskTab\
\x01\x03\x00\x00\x00\x0e{I_\x85^vp\xb9Q\xfb\
ry_\x81\x08\x00\x00\x00\x00\x06\x00\x00\x00\x12wa\
it_click_feature\
\x07\x00\x00\x00\x0bEditTaskTab\
\x01\x03\x00\x00\x00\x14{I_\x85^vp\xb9Q\xfb\
\x00O\x00C\x00Re\x87[W\x08\x00\x00\x00\x00\x06\
\x00\x00\x00\x0ewait_click_o\
cr\x07\x00\x00\x00\x0bEditTaskT\
ab\x01\x03\x00\x00\x00\x08{I_\x85ry_\x81\
\x08\x00\x00\x00\x00\x06\x00\x00\x00\x0cwait_f\
eature\x07\x00\x00\x00\x0bEditT\
askTab\x01\x03\x00\x00\x00\x0e{I_\x85\
\x00O\x00C\x00Re\x87[W\x08\x00\x00\x00\x00\x06\
\x00\x00\x00\x08wait_ocr\x07\x00\x00\x00\
\x0bEditTaskTab\x01\x03\x00\x00\
\x00\x08{I_\x85v\xf4R0\x08\x00\x00\x00\x00\x06\
\x00\x00\x00\x0await_until\x07\x00\
\x00\x00\x0bEditTaskTab\x01\x03\
\x00\x00\x00\x08\x5cO^U[\xbd^\xa6\x08\x00\x00\x00\
\x00\x06\x00\x00\x00\x0fwidth_of_s\
creen\x07\x00\x00\x00\x0bEditTa\
skTab\x01\x03\x00\x00\x00\x08\x91\xcd\x7fn\x91\
M\x7fn\x08\x00\x00\x00\x00\x06\x00\x00\x00\x0cRes\
et Config\x07\x00\x00\x00\x10Gl\
obalConfigCard\x01\x03\
\x00\x00\x00\x08\x91\xcd\x7fn\x91M\x7fn\x08\x00\x00\x00\
\x00\x06\x00\x00\x00\x0cReset Conf\
ig\x07\x00\x00\x00\x0fGlobalCon\
figTab\x01\x03\x00\x00\x00\x04S\xd6m\x88\
\x08\x00\x00\x00\x00\x06\x00\x00\x00\x06Cancel\
\x07\x00\x00\x00\x0bHwndChooser\
\x01\x03\x00\x00\x00\x08\x90\x09b\xe9z\x97S\xe3\x08\x00\
\x00\x00\x00\x06\x00\x00\x00\x0dChoose W\
indow\x07\x00\x00\x00\x0bHwndCh\
ooser\x01\x03\x00\x00\x00\x04xn\x8b\xa4\x08\
\x00\x00\x00\x00\x06\x00\x00\x00\x07Confirm\
\x07\x00\x00\x00\x0bHwndChooser\
\x01\x03\x00\x00\x00\x0c\x00{\x00}\x00 ]\xf2\x90\x09\
b\xe9\x08\x00\x00\x00\x00\x06\x00\x00\x00\x0b{} S\
elected\x07\x00\x00\x00\x0bHwnd\
Chooser\x01\x03\x00\x00\x00\x04S\xd6m\
\x88\x08\x00\x00\x00\x00\x06\x00\x00\x00\x06Cance\
l\x07\x00\x00\x00\x13ImportWarn\
ingDialog\x01\x03\x00\x00\x00\x04x\
n\x8b\xa4\x08\x00\x00\x00\x00\x06\x00\x00\x00\x07Con\
firm\x07\x00\x00\x00\x13ImportW\
arningDialog\x01\x03\x00\x00\
\x00\x1cb\x11N\x86\x89\xe3\x98\xce\x96i^v^\x0c\
g\x1b[\xfcQekd\x81\x1ag,0\x02\x08\x00\
\x00\x00\x00\x06\x00\x00\x006I unders\
tand the risks a\
nd want to impor\
t this script.\x07\x00\
\x00\x00\x13ImportWarning\
Dialog\x01\x03\x00\x00\x00x\x8b\xf7xn\
O\xdd`\xa8O\xe1N\xfb\x81\x1ag,S\xd1^\x03\
\x80\x05\xff\x0cg*~\xcf\x9a\x8c\x8b\xc1v\x84\x81\x1a\
g,S\xef\x80\xfdO\x1a\xff\x08OFN\x0d\x96P\
N\x8e\xff\x09z\x83S\xd6`\xa8v\x84\x8d&b7\
\x00/epcn\x00/\x91\xd1\x94\xb1\xff\x0cx4\
WO`\xa8v\x84epcn\xff\x0cb\x16c_\
WO\x00/c\xa7R6`\xa8v\x84\x8b\xa1{\x97\
g:0\x02\x08\x00\x00\x00\x00\x06\x00\x00\x00\xabMa\
ke sure that you\
 trust the scrip\
t publisher, unv\
erified script c\
an and not limit\
ed to steal your\
 account/ data m\
oney, destroy yo\
ur data, harm/ c\
ontrolling your \
computer.\x07\x00\x00\x00\x13Im\
portWarningDialo\
g\x01\x03\x00\x00\x00\x04\x8bfTJ\x08\x00\x00\x00\x00\
\x06\x00\x00\x00\x07Warning\x07\x00\x00\x00\
\x13ImportWarningDi\
alog\x01\x03\x00\x00\x00\x10b@g\x09e\x87\
N\xf6\x00 \x00(\x00*\x00)\x08\x00\x00\x00\x00\x06\
\x00\x00\x00\x0dAll Files (*\
)\x07\x00\x00\x00\x14LabelAndFi\
leSelector\x01\x03\x00\x00\x00\x04\
mO\x89\xc8\x08\x00\x00\x00\x00\x06\x00\x00\x00\x06Br\
owse\x07\x00\x00\x00\x14LabelAn\
dFileSelector\x01\x03\x00\
\x00\x00\x08\x90\x09b\xe9e\x87N\xf6\x08\x00\x00\x00\x00\
\x06\x00\x00\x00\x0bSelect File\
\x07\x00\x00\x00\x14LabelAndFil\
eSelector\x01\x03\x00\x00\x00\x10\x90\
\x09b\xe9e\x87N\xf6b\x16e\x87N\xf6Y9\x08\
\x00\x00\x00\x00\x06\x00\x00\x00\x15Select \
File or Folder\x07\x00\
\x00\x00\x14LabelAndFileS\
elector\x01\x03\x00\x00\x00\x0a\x90\x09b\
\xe9e\x87N\xf6Y9\x08\x00\x00\x00\x00\x06\x00\x00\x00\
\x0dSelect Folder\x07\x00\
\x00\x00\x14LabelAndFileS\
elector\x01\x03\x00\x00\x00\x06S\xbb\x8b\
\xbe\x7fn\x08\x00\x00\x00\x00\x06\x00\x00\x00\x0cGo \
to Config\x07\x00\x00\x00\x0eLa\
belAndGlobal\x01\x03\x00\x00\
\x00\x02T&\x08\x00\x00\x00\x00\x06\x00\x00\x00\x02No\
\x07\x00\x00\x00\x14LabelAndSwi\
tchButton\x01\x03\x00\x00\x00\x02f\
/\x08\x00\x00\x00\x00\x06\x00\x00\x00\x03Yes\x07\x00\
\x00\x00\x14LabelAndSwitc\
hButton\x01\x03\x00\x00\x00\x0e\x00D\x00\
i\x00s\x00c\x00o\x00r\x00d\x08\x00\x00\x00\x00\
\x06\x00\x00\x00\x07Discord\x07\x00\x00\x00\
\x08LinksBar\x01\x03\x00\x00\x00\x08^\
8\x89\xc1\x95\xee\x98\x98\x08\x00\x00\x00\x00\x06\x00\x00\x00\
\x03FAQ\x07\x00\x00\x00\x08LinksBa\
r\x01\x03\x00\x00\x00\x0c\x00G\x00i\x00t\x00H\x00\
u\x00b\x08\x00\x00\x00\x00\x06\x00\x00\x00\x06Git\
Hub\x07\x00\x00\x00\x08LinksBar\
\x01\x03\x00\x00\x00\x0cR\x06N\xabN\x0b\x8f}\x94\xfe\
c\xa5\x08\x00\x00\x00\x00\x06\x00\x00\x00\x05Shar\
e\x07\x00\x00\x00\x08LinksBar\x01\x03\
\x00\x00\x00\x18R\x06N\xab\x94\xfec\xa5]\xf2~\xcf\
Y\x0dR6R0RjR\x07g\x7f\x08\x00\x00\x00\
\x00\x06\x00\x00\x00\x1eShare Link\
 copied to clipb\
oard\x07\x00\x00\x00\x08LinksBa\
r\x01\x03\x00\x00\x00\x04\x8d^R\xa9\x08\x00\x00\x00\x00\
\x06\x00\x00\x00\x07Sponsor\x07\x00\x00\x00\
\x08LinksBar\x01\x03\x00\x00\x00\x08Q\
h\x90\xe8~\xa7R+\x08\x00\x00\x00\x00\x06\x00\x00\x00\
\x0aAll Levels\x07\x00\x00\x00\x09\
LogWindow\x01\x03\x00\x00\x00\x04n\
\x05zz\x08\x00\x00\x00\x00\x06\x00\x00\x00\x05Cle\
ar\x07\x00\x00\x00\x09LogWindow\
\x01\x03\x00\x00\x00\x04Qs\x95\xed\x08\x00\x00\x00\x00\x06\
\x00\x00\x00\x05Close\x07\x00\x00\x00\x09Lo\
gWindow\x01\x03\x00\x00\x00\x04b\xd6R\
\xa8\x08\x00\x00\x00\x00\x06\x00\x00\x00\x04Drag\x07\
\x00\x00\x00\x09LogWindow\x01\x03\x00\
\x00\x00\x0e\x8f\xc7n\xe4e\xe5_\xd7\x00.\x00.\x00\
.\x08\x00\x00\x00\x00\x06\x00\x00\x00\x0eFilte\
r logs...\x07\x00\x00\x00\x09Lo\
gWindow\x01\x03\x00\x00\x00\x08bS_\
\x00e\xe5_\xd7\x08\x00\x00\x00\x00\x06\x00\x00\x00\x09O\
pen Logs\x07\x00\x00\x00\x09Log\
Window\x01\x03\x00\x00\x00\x04f\x82P\x5c\
\x08\x00\x00\x00\x00\x06\x00\x00\x00\x05Pause\x07\
\x00\x00\x00\x09LogWindow\x01\x03\x00\
\x00\x00\x04\x7fn\x98v\x08\x00\x00\x00\x00\x06\x00\x00\x00\
\x03Pin\x07\x00\x00\x00\x09LogWind\
ow\x01\x03\x00\x00\x00\x04~\xe7~\xed\x08\x00\x00\x00\
\x00\x06\x00\x00\x00\x06Resume\x07\x00\x00\x00\
\x09LogWindow\x01\x03\x00\x00\x00\x08\
S\xd6m\x88\x7fn\x98v\x08\x00\x00\x00\x00\x06\x00\x00\
\x00\x05Unpin\x07\x00\x00\x00\x09LogW\
indow\x01\x03\x00\x00\x00\x08g\xe5w\x0be\
\xe5_\xd7\x08\x00\x00\x00\x00\x06\x00\x00\x00\x08Vie\
w Log\x07\x00\x00\x00\x09LogWin\
dow\x01\x03\x00\x00\x00 {I_\x85\x00 \x00\
o\x00k\x00-\x00s\x00c\x00r\x00i\x00p\x00\
t\x00.\x00l\x00o\x00g\x08\x00\x00\x00\x00\x06\x00\
\x00\x00\x19Waiting for o\
k-script.log\x07\x00\x00\x00\
\x09LogWindow\x01\x03\x00\x00\x00\x02\
ga\x08\x00\x00\x00\x00\x06\x00\x00\x00\x07reco\
rds\x07\x00\x00\x00\x09LogWindo\
w\x01\x03\x00\x00\x00\x04QsN\x8e\x08\x00\x00\x00\x00\
\x06\x00\x00\x00\x05About\x07\x00\x00\x00\x0aM\
ainWindow\x01\x03\x00\x00\x00\x08b\
*V\xfee\xb9_\x0f\x08\x00\x00\x00\x00\x06\x00\x00\x00\
\x07Capture\x07\x00\x00\x00\x0aMai\
nWindow\x01\x03\x00\x00\x00\x08b*V\
\xfe\x95\x19\x8b\xef\x08\x00\x00\x00\x00\x06\x00\x00\x00\x0dC\
apture Error\x07\x00\x00\x00\
\x0aMainWindow\x01\x03\x00\x00\x00\
\x08_\x00S\xd1]\xe5Qw\x08\x00\x00\x00\x00\x06\x00\
\x00\x00\x05Debug\x07\x00\x00\x00\x0aMai\
nWindow\x01\x03\x00\x00\x00\x04\x95\x19\x8b\
\xef\x08\x00\x00\x00\x00\x06\x00\x00\x00\x05Error\
\x07\x00\x00\x00\x0aMainWindow\x01\
\x03\x00\x00\x00\x04\x90\x00Q\xfa\x08\x00\x00\x00\x00\x06\x00\
\x00\x00\x04Exit\x07\x00\x00\x00\x0aMain\
Window\x01\x03\x00\x00\x00\x04c\xd0y:\
\x08\x00\x00\x00\x00\x06\x00\x00\x00\x04Info\x07\x00\
\x00\x00\x0aMainWindow\x01\x03\x00\
\x00\x00\x06]\xf2f\x82P\x5c\x08\x00\x00\x00\x00\x06\x00\
\x00\x00\x0ePause Success\
.\x07\x00\x00\x00\x0aMainWindow\
\x01\x03\x00\x00\x00\x1a\x8b\xf7h\xc0g\xe5n8b\x0f\
z\x97S\xe3f/T&kcxn\x90\x09b\xe9\
\x08\x00\x00\x00\x00\x06\x00\x00\x00;Please\
 check whether t\
he game window i\
s selected corre\
ctly!\x07\x00\x00\x00\x0aMainWi\
ndow\x01\x03\x00\x00\x00\x06kc_\x0frH\
\x08\x00\x00\x00\x00\x06\x00\x00\x00\x07Releas\
e\x07\x00\x00\x00\x0aMainWindow\
\x01\x03\x00\x00\x00\x08\x8f\xd0\x88LN\xe3x\x01\x08\x00\
\x00\x00\x00\x06\x00\x00\x00\x08Run Code\
\x07\x00\x00\x00\x0aMainWindow\x01\
\x03\x00\x00\x00\x08\x8b\xa1R\x12N\xfbR\xa1\x08\x00\x00\
\x00\x00\x06\x00\x00\x00\x08Schedule\x07\
\x00\x00\x00\x0aMainWindow\x01\x03\
\x00\x00\x00\x04\x81\x1ag,\x08\x00\x00\x00\x00\x06\x00\x00\
\x00\x06Script\x07\x00\x00\x00\x0aMai\
nWindow\x01\x03\x00\x00\x00\x04\x8b\xbe\x7f\
n\x08\x00\x00\x00\x00\x06\x00\x00\x00\x08Setti\
ngs\x07\x00\x00\x00\x0aMainWind\
ow\x01\x03\x00\x00\x00\x08T/R\xa8b\x10R\x9f\
\x08\x00\x00\x00\x00\x06\x00\x00\x00\x0eStart \
Success.\x07\x00\x00\x00\x0aMai\
nWindow\x01\x03\x00\x00\x00\x04N\xfbR\
\xa1\x08\x00\x00\x00\x00\x06\x00\x00\x00\x05Tasks\
\x07\x00\x00\x00\x0aMainWindow\x01\
\x03\x00\x00\x00\x04j!g\x7f\x08\x00\x00\x00\x00\x06\x00\
\x00\x00\x09Templates\x07\x00\x00\x00\
\x0aMainWindow\x01\x03\x00\x00\x00\
8\x8f\xd9f/N\x00N*QM\x8d9\x8foN\
\xf6\x00,\x00 Y\x82g\x9cO`N\xceN\xfbO\
UW0e\xb9\x8d-Np\x00,\x00 \x8b\xf7u\
3\x8b\xf7\x90\x00k>\x00!\x08\x00\x00\x00\x00\x06\x00\
\x00\x00ZThis is a fre\
e software. If y\
ou purchased thi\
s anywhere, requ\
est a refund fro\
m the seller.\x07\x00\x00\
\x00\x0aMainWindow\x01\x03\x00\x00\
\x00\x08[\x9ee\xf6\x89\xe6S\xd1\x08\x00\x00\x00\x00\x06\
\x00\x00\x00\x08Triggers\x07\x00\x00\x00\
\x0aMainWindow\x01\x03\x00\x00\x00\
\x08f\xf4e\xb0rHg,\x08\x00\x00\x00\x00\x06\x00\
\x00\x00\x06Update\x07\x00\x00\x00\x0aMa\
inWindow\x01\x03\xff\xff\xff\xff\x08\x00\
\x00\x00\x00\x06\x00\x00\x00\x06\xe6\xbf\x80\xe6\xb4\xbb\x07\x00\
\x00\x00\x0aMainWindow\x01\x03\x00\
\x00\x00\x0cR \x96d\x00 \x00(\x00D\x00)\x08\
\x00\x00\x00\x00\x06\x00\x00\x00\x0aDelete \
(D)\x07\x00\x00\x00\x0cMarkUpWi\
ndow\x01\x03\x00\x00\x00\x0c~\xd8R6\x00 \
\x00(\x00R\x00)\x08\x00\x00\x00\x00\x06\x00\x00\x00\x08\
Draw (R)\x07\x00\x00\x00\x0cMar\
kUpWindow\x01\x03\x00\x00\x00\x0ah\
\x07l\xe8\x7f\x16\x8f\x91Vh\x08\x00\x00\x00\x00\x06\x00\
\x00\x00\x0dMarkup Editor\
\x07\x00\x00\x00\x0cMarkUpWindo\
w\x01\x03\x00\x00\x00\x0eO\xeee9\x00 \x00(S\
\xccQ\xfb\x00)\x08\x00\x00\x00\x00\x06\x00\x00\x00\x15M\
odify (Double Cl\
ick)\x07\x00\x00\x00\x0cMarkUpW\
indow\x01\x03\x00\x00\x00\x10S\xf3\x95.p\
\xb9Q\xfbY\x0dR6\x98\x9c\x82r\x08\x00\x00\x00\x00\
\x06\x00\x00\x00\x19Right click\
 to copy color\x07\x00\
\x00\x00\x0cMarkUpWindow\x01\
\x03\x00\x00\x00\x04xn\x8b\xa4\x08\x00\x00\x00\x00\x06\x00\
\x00\x00\x07Confirm\x07\x00\x00\x00\x0dM\
essageWindow\x01\x03\x00\x00\
\x00\x04m\xfbR\xa0\x08\x00\x00\x00\x00\x06\x00\x00\x00\x03\
Add\x07\x00\x00\x00\x10ModifyLi\
stDialog\x01\x03\x00\x00\x00\x08S\xef\
u(\x90\x09\x98y\x08\x00\x00\x00\x00\x06\x00\x00\x00\x11\
Available Option\
s\x07\x00\x00\x00\x10ModifyList\
Dialog\x01\x03\x00\x00\x00\x04S\xd6m\x88\
\x08\x00\x00\x00\x00\x06\x00\x00\x00\x06Cancel\
\x07\x00\x00\x00\x10ModifyListD\
ialog\x01\x03\x00\x00\x00\x10p\xb9Q\xfb\x90\
\x09\x98yN\xe5m\xfbR\xa00\x02\x08\x00\x00\x00\x00\
\x06\x00\x00\x00\x1aClick an op\
tion to add it.\x07\
\x00\x00\x00\x10ModifyListDi\
alog\x01\x03\x00\x00\x00\x04xn\x8b\xa4\x08\x00\
\x00\x00\x00\x06\x00\x00\x00\x07Confirm\x07\
\x00\x00\x00\x10ModifyListDi\
alog\x01\x03\x00\x00\x00\x04\x7f\x16\x8f\x91\x08\x00\
\x00\x00\x00\x06\x00\x00\x00\x04Edit\x07\x00\x00\x00\
\x10ModifyListDialo\
g\x01\x03\x00\x00\x00\x04O\xeee9\x08\x00\x00\x00\x00\
\x06\x00\x00\x00\x06Modify\x07\x00\x00\x00\x10\
ModifyListDialog\
\x01\x03\x00\x00\x00\x04N\x0by\xfb\x08\x00\x00\x00\x00\x06\
\x00\x00\x00\x09Move Down\x07\x00\x00\
\x00\x10ModifyListDial\
og\x01\x03\x00\x00\x00\x04N\x0ay\xfb\x08\x00\x00\x00\
\x00\x06\x00\x00\x00\x07Move Up\x07\x00\x00\
\x00\x10ModifyListDial\
og\x01\x03\x00\x00\x00\x04y\xfb\x96d\x08\x00\x00\x00\
\x00\x06\x00\x00\x00\x06Remove\x07\x00\x00\x00\
\x10ModifyListDialo\
g\x01\x03\x00\x00\x00\x0ed\x1c}\x22\x90\x09\x98y\x00\
.\x00.\x00.\x08\x00\x00\x00\x00\x06\x00\x00\x00\x11S\
earch options...\
\x07\x00\x00\x00\x10ModifyListD\
ialog\x01\x03\x00\x00\x00\x08]\xf2\x90\x09\x90\
\x09\x98y\x08\x00\x00\x00\x00\x06\x00\x00\x00\x10Sel\
ected Options\x07\x00\x00\
\x00\x10ModifyListDial\
og\x01\x03\x00\x00\x00\x04O\xeee9\x08\x00\x00\x00\
\x00\x06\x00\x00\x00\x06Modify\x07\x00\x00\x00\
\x0eModifyListItem\x01\
\x03\x00\x00\x00\x12\xff\x08\x000\x00 \x00=\x00 N\
\x0dT/u(\xff\x09\x08\x00\x00\x00\x00\x06\x00\x00\x00\
\x0e(0 = disabled)\x07\
\x00\x00\x00\x18ModifySchedu\
leTaskDialog\x01\x03\x00\x00\
\x00\x0a\x002\x004\x5c\x0fe\xf6R6\x08\x00\x00\x00\
\x00\x06\x00\x00\x00\x0324h\x07\x00\x00\x00\x18Mo\
difyScheduleTask\
Dialog\x01\x03\x00\x00\x00\x1cN\xfbR\xa1\
[\x8cb\x10T\x0e\x81\xeaR\xa8\x90\x00Q\xfa\x00 \
\x00(\x00-\x00e\x00)\x08\x00\x00\x00\x00\x06\x00\x00\
\x00\x1eAuto exit afte\
r task done (-e)\
\x07\x00\x00\x00\x18ModifySched\
uleTaskDialog\x01\x03\x00\
\x00\x00\x04S\xd6m\x88\x08\x00\x00\x00\x00\x06\x00\x00\x00\
\x06Cancel\x07\x00\x00\x00\x18Modi\
fyScheduleTaskDi\
alog\x01\x03\x00\x00\x00\x06\x81\xea[\x9aNI\
\x08\x00\x00\x00\x00\x06\x00\x00\x00\x06Custom\
\x07\x00\x00\x00\x18ModifySched\
uleTaskDialog\x01\x03\x00\
\x00\x00\x0e\x81\xea[\x9aNIe\xf6\x95\xf4\x8b\xbe\x7f\
n\x08\x00\x00\x00\x00\x06\x00\x00\x00\x0fCusto\
m Interval\x07\x00\x00\x00\x18M\
odifyScheduleTas\
kDialog\x01\x03\x00\x00\x00\x04k\xcfY\
)\x08\x00\x00\x00\x00\x06\x00\x00\x00\x05Daily\
\x07\x00\x00\x00\x18ModifySched\
uleTaskDialog\x01\x03\x00\
\x00\x00\x02Y)\x08\x00\x00\x00\x00\x06\x00\x00\x00\x04D\
ays\x07\x00\x00\x00\x18ModifySc\
heduleTaskDialog\
\x01\x03\x00\x00\x00\x02e\xf6\x08\x00\x00\x00\x00\x06\x00\x00\
\x00\x04Hour\x07\x00\x00\x00\x18Modif\
yScheduleTaskDia\
log\x01\x03\x00\x00\x00\x04\x5c\x0fe\xf6\x08\x00\x00\
\x00\x00\x06\x00\x00\x00\x05Hours\x07\x00\x00\x00\
\x18ModifyScheduleT\
askDialog\x01\x03\x00\x00\x00\x02R\
\x06\x08\x00\x00\x00\x00\x06\x00\x00\x00\x06Minut\
e\x07\x00\x00\x00\x18ModifySche\
duleTaskDialog\x01\x03\
\x00\x00\x00\x04O\xeee9\x08\x00\x00\x00\x00\x06\x00\x00\
\x00\x06Modify\x07\x00\x00\x00\x18Mod\
ifyScheduleTaskD\
ialog\x01\x03\x00\x00\x00\x0cO\xeee9\x8b\
\xa1R\x12N\xfbR\xa1\x08\x00\x00\x00\x00\x06\x00\x00\x00\
\x14Modify Schedule\
 Task\x07\x00\x00\x00\x18Modify\
ScheduleTaskDial\
og\x01\x03\x00\x00\x00\x04k\xcfg\x08\x08\x00\x00\x00\
\x00\x06\x00\x00\x00\x07Monthly\x07\x00\x00\
\x00\x18ModifySchedule\
TaskDialog\x01\x03\x00\x00\x00\x04\
N\x00k!\x08\x00\x00\x00\x00\x06\x00\x00\x00\x04On\
ce\x07\x00\x00\x00\x18ModifySch\
eduleTaskDialog\x01\
\x03\x00\x00\x00\x08_\x00Y\xcbe\xf6\x95\xf4\x08\x00\x00\
\x00\x00\x06\x00\x00\x00\x0aStart Tim\
e\x07\x00\x00\x00\x18ModifySche\
duleTaskDialog\x01\x03\
\x00\x00\x00\x08T/R\xa8\x90\x09\x98y\x08\x00\x00\x00\
\x00\x06\x00\x00\x00\x0fStartup Op\
tions\x07\x00\x00\x00\x18Modify\
ScheduleTaskDial\
og\x01\x03\x00\x00\x00\x12N\xfbR\xa1}\x22_\x15\
\x00 \x00(\x00-\x00t\x00)\x08\x00\x00\x00\x00\x06\
\x00\x00\x00\x0fTask Index (\
-t)\x07\x00\x00\x00\x18ModifySc\
heduleTaskDialog\
\x01\x03\x00\x00\x00\x08N\xfbR\xa1T\x0dy\xf0\x08\x00\
\x00\x00\x00\x06\x00\x00\x00\x09Task Nam\
e\x07\x00\x00\x00\x18ModifySche\
duleTaskDialog\x01\x03\
\x00\x00\x00\x08\x8d\x85e\xf6e\xf6\x95\xf4\x08\x00\x00\x00\
\x00\x06\x00\x00\x00\x07Timeout\x07\x00\x00\
\x00\x18ModifySchedule\
TaskDialog\x01\x03\x00\x00\x00\x08\
\x89\xe6S\xd1|{W\x8b\x08\x00\x00\x00\x00\x06\x00\x00\
\x00\x0cTrigger Type\x07\x00\
\x00\x00\x18ModifySchedul\
eTaskDialog\x01\x03\x00\x00\x00\
\x04k\xcfTh\x08\x00\x00\x00\x00\x06\x00\x00\x00\x06W\
eekly\x07\x00\x00\x00\x18Modify\
ScheduleTaskDial\
og\x01\x03\x00\x00\x00\x16\x5c\x0fe\xf6\xff\x08\x000\
\x00 \x00=\x00 e\xe0\x96PR6\xff\x09\x08\x00\
\x00\x00\x00\x06\x00\x00\x00\x15hours (0\
 = unlimited)\x07\x00\x00\
\x00\x18ModifySchedule\
TaskDialog\x01\x03\x00\x00\x00 \
O`xn[\x9a\x89\x81R \x96d\x81\x1ag,\
\x00 \x00\x22\x00{\x00}\x00\x22\x00 T\x17\xff\x1f\
\x08\x00\x00\x00\x00\x06\x00\x00\x000Are yo\
u sure you want \
to delete the sc\
ript \x22{}\x22?\x07\x00\x00\x00\x0eO\
neTimeTaskTab\x01\x03\x00\
\x00\x00\x08\x90\x09b\xe9z\x97S\xe3\x08\x00\x00\x00\x00\
\x06\x00\x00\x00\x0dChoose Wind\
ow\x07\x00\x00\x00\x0eOneTimeTa\
skTab\x01\x03\x00\x00\x00\x06]\xf2[\x8cb\
\x10\x08\x00\x00\x00\x00\x06\x00\x00\x00\x09Compl\
eted\x07\x00\x00\x00\x0eOneTime\
TaskTab\x01\x03\x00\x00\x00\x08xn\x8b\
\xa4R \x96d\x08\x00\x00\x00\x00\x06\x00\x00\x00\x0eC\
onfirm Delete\x07\x00\x00\
\x00\x0eOneTimeTaskTab\
\x01\x03\x00\x00\x00\x08R \x96d\x81\x1ag,\x08\x00\
\x00\x00\x00\x06\x00\x00\x00\x0dDelete S\
cript\x07\x00\x00\x00\x0eOneTim\
eTaskTab\x01\x03\x00\x00\x00\x04O\xe1\
`o\x08\x00\x00\x00\x00\x06\x00\x00\x00\x04Info\
\x07\x00\x00\x00\x0eOneTimeTask\
Tab\x01\x03\x00\x00\x00\x06\x8f\xd0\x88LN-\x08\
\x00\x00\x00\x00\x06\x00\x00\x00\x07Running\
\x07\x00\x00\x00\x0eOneTimeTask\
Tab\x01\x03\x00\x00\x00\x02P<\x08\x00\x00\x00\x00\
\x06\x00\x00\x00\x05Value\x07\x00\x00\x00\x0eO\
neTimeTaskTab\x01\x03\x00\
\x00\x00\x04\x95\x19\x8b\xef\x08\x00\x00\x00\x00\x06\x00\x00\x00\
\x03app\x07\x00\x00\x00\x10QCoreAp\
plication\x01\x03\x00\x00\x00\x0ex\
n[\x9a\x89\x81R \x96dN\xfbR\xa1\x08\x00\x00\
\x00\x00\x06\x00\x00\x00$Are you s\
ure you want to \
delete task\x07\x00\x00\x00\x0f\
ScheduleTaskTab\x01\
\x03\x00\x00\x00\x04S\xd6m\x88\x08\x00\x00\x00\x00\x06\x00\
\x00\x00\x06Cancel\x07\x00\x00\x00\x0fSc\
heduleTaskTab\x01\x03\x00\
\x00\x00\x08R\x1b^\xfaN\xfbR\xa1\x08\x00\x00\x00\x00\
\x06\x00\x00\x00\x0bCreate Task\
\x07\x00\x00\x00\x0fScheduleTas\
kTab\x01\x03\x00\x00\x00\x04R \x96d\x08\x00\
\x00\x00\x00\x06\x00\x00\x00\x06Delete\x07\x00\
\x00\x00\x0fScheduleTaskT\
ab\x01\x03\x00\x00\x00\x08R \x96dN\xfbR\xa1\
\x08\x00\x00\x00\x00\x06\x00\x00\x00\x0bDelete\
 Task\x07\x00\x00\x00\x0fSchedu\
leTaskTab\x01\x03\x00\x00\x00\x04\x95\
\x19\x8b\xef\x08\x00\x00\x00\x00\x06\x00\x00\x00\x05Err\
or\x07\x00\x00\x00\x0fScheduleT\
askTab\x01\x03\x00\x00\x00\x0cR\x1b^\xfa\
N\xfbR\xa1Y1\x8d%\x08\x00\x00\x00\x00\x06\x00\x00\
\x00\x15Failed to crea\
te task\x07\x00\x00\x00\x0fSche\
duleTaskTab\x01\x03\x00\x00\x00\
\x0cR \x96dN\xfbR\xa1Y1\x8d%\x08\x00\x00\
\x00\x00\x06\x00\x00\x00\x15Failed to\
 delete task\x07\x00\x00\x00\
\x0fScheduleTaskTab\
\x01\x03\x00\x00\x00\x0cR\xa0\x8f}N\xfbR\xa1Y1\
\x8d%\x08\x00\x00\x00\x00\x06\x00\x00\x00\x14Fail\
ed to load tasks\
\x07\x00\x00\x00\x0fScheduleTas\
kTab\x01\x03\x00\x00\x00\x0cO\xeee9N\xfb\
R\xa1Y1\x8d%\x08\x00\x00\x00\x00\x06\x00\x00\x00\x15\
Failed to modify\
 task\x07\x00\x00\x00\x0fSchedu\
leTaskTab\x01\x03\x00\x00\x00\x1cO\
\xeee9N\xfbR\xa1Y1\x8d%\xff\x1ae\xe0l\
\xd5R \x96de\xe7N\xfbR\xa1\x08\x00\x00\x00\x00\
\x06\x00\x00\x00-Failed to m\
odify task: cann\
ot delete old ta\
sk\x07\x00\x00\x00\x0fScheduleT\
askTab\x01\x03\x00\x00\x00\x12bS_\x00\
O\xeee9[\xf9\x8b\xddhFY1\x8d%\x08\x00\
\x00\x00\x00\x06\x00\x00\x00\x1cFailed t\
o open modify di\
alog\x07\x00\x00\x00\x0fSchedul\
eTaskTab\x01\x03\x00\x00\x00\x10R\x07\
cbN\xfbR\xa1r\xb6`\x01Y1\x8d%\x08\x00\
\x00\x00\x00\x06\x00\x00\x00\x15Failed t\
o toggle task\x07\x00\x00\
\x00\x0fScheduleTaskTa\
b\x01\x03\x00\x00\x00\x04R7e\xb0\x08\x00\x00\x00\x00\
\x06\x00\x00\x00\x07Refresh\x07\x00\x00\x00\
\x0fScheduleTaskTab\
\x01\x03\x00\x00\x00\x08R7e\xb0Y1\x8d%\x08\x00\
\x00\x00\x00\x06\x00\x00\x00\x0eRefresh \
failed\x07\x00\x00\x00\x0fSched\
uleTaskTab\x01\x03\x00\x00\x00\x08\
\x8b\xa1R\x12N\xfbR\xa1\x08\x00\x00\x00\x00\x06\x00\x00\
\x00\x0eSchedule Tasks\
\x07\x00\x00\x00\x0fScheduleTas\
kTab\x01\x03\x00\x00\x00\x04b\x10R\x9f\x08\x00\
\x00\x00\x00\x06\x00\x00\x00\x07Success\x07\
\x00\x00\x00\x0fScheduleTask\
Tab\x01\x03\x00\x00\x00\x0cN\xfbR\xa1R\x1b^\
\xfab\x10R\x9f\x08\x00\x00\x00\x00\x06\x00\x00\x00\x19T\
ask created succ\
essfully\x07\x00\x00\x00\x0fSch\
eduleTaskTab\x01\x03\x00\x00\
\x00\x0cN\xfbR\xa1R \x96db\x10R\x9f\x08\x00\
\x00\x00\x00\x06\x00\x00\x00\x19Task del\
eted successfull\
y\x07\x00\x00\x00\x0fScheduleTa\
skTab\x01\x03\x00\x00\x00\x0aN\xfbR\xa1]\
\xf2y\x81u(\x08\x00\x00\x00\x00\x06\x00\x00\x00\x0dT\
ask disabled\x07\x00\x00\x00\
\x0fScheduleTaskTab\
\x01\x03\x00\x00\x00\x0aN\xfbR\xa1]\xf2T/u(\
\x08\x00\x00\x00\x00\x06\x00\x00\x00\x0cTask e\
nabled\x07\x00\x00\x00\x0fSched\
uleTaskTab\x01\x03\x00\x00\x00\x0c\
N\xfbR\xa1O\xeee9b\x10R\x9f\x08\x00\x00\x00\
\x00\x06\x00\x00\x00\x1aTask modif\
ied successfully\
\x07\x00\x00\x00\x0fScheduleTas\
kTab\x01\x03\x00\x00\x00\x10\x7f\x13[XN-\
g*b~R0N\xfbR\xa1\x08\x00\x00\x00\x00\x06\
\x00\x00\x00\x17Task not fou\
nd in cache\x07\x00\x00\x00\x0f\
ScheduleTaskTab\x01\
\x03\x00\x00\x00\x0aN\xfbR\xa1]\xf2R7e\xb0\x08\
\x00\x00\x00\x00\x06\x00\x00\x00\x0fTasks r\
efreshed\x07\x00\x00\x00\x0fSch\
eduleTaskTab\x01\x03\x00\x00\
\x00\x04d\xcdO\x5c\x08\x00\x00\x00\x00\x06\x00\x00\x00\x07\
Actions\x07\x00\x00\x00\x11Sche\
duleTaskTable\x01\x03\x00\
\x00\x00\x06\x81\xea[\x9aNI\x08\x00\x00\x00\x00\x06\x00\
\x00\x00\x06Custom\x07\x00\x00\x00\x11Sc\
heduleTaskTable\x01\
\x03\x00\x00\x00\x04k\xcfY)\x08\x00\x00\x00\x00\x06\x00\
\x00\x00\x05Daily\x07\x00\x00\x00\x11Sch\
eduleTaskTable\x01\x03\
\x00\x00\x00\x04R \x96d\x08\x00\x00\x00\x00\x06\x00\x00\
\x00\x06Delete\x07\x00\x00\x00\x11Sch\
eduleTaskTable\x01\x03\
\x00\x00\x00\x06]\xf2y\x81u(\x08\x00\x00\x00\x00\x06\
\x00\x00\x00\x08Disabled\x07\x00\x00\x00\
\x11ScheduleTaskTab\
le\x01\x03\x00\x00\x00\x06]\xf2T/u(\x08\x00\
\x00\x00\x00\x06\x00\x00\x00\x07Enabled\x07\
\x00\x00\x00\x11ScheduleTask\
Table\x01\x03\x00\x00\x00\x04O\xeee9\x08\
\x00\x00\x00\x00\x06\x00\x00\x00\x06Modify\x07\
\x00\x00\x00\x11ScheduleTask\
Table\x01\x03\x00\x00\x00\x04k\xcfg\x08\x08\
\x00\x00\x00\x00\x06\x00\x00\x00\x07Monthly\
\x07\x00\x00\x00\x11ScheduleTas\
kTable\x01\x03\x00\x00\x00\x08N\x0bk!\
\x8f\xd0\x88L\x08\x00\x00\x00\x00\x06\x00\x00\x00\x08Ne\
xt Run\x07\x00\x00\x00\x11Sched\
uleTaskTable\x01\x03\x00\x00\
\x00\x04N\x00k!\x08\x00\x00\x00\x00\x06\x00\x00\x00\x04\
Once\x07\x00\x00\x00\x11Schedul\
eTaskTable\x01\x03\x00\x00\x00\x04\
\x5c1~\xea\x08\x00\x00\x00\x00\x06\x00\x00\x00\x05Re\
ady\x07\x00\x00\x00\x11Schedule\
TaskTable\x01\x03\x00\x00\x00\x06\x8f\
\xd0\x88LN-\x08\x00\x00\x00\x00\x06\x00\x00\x00\x07R\
unning\x07\x00\x00\x00\x11Sched\
uleTaskTable\x01\x03\x00\x00\
\x00\x04r\xb6`\x01\x08\x00\x00\x00\x00\x06\x00\x00\x00\x06\
Status\x07\x00\x00\x00\x11Sched\
uleTaskTable\x01\x03\x00\x00\
\x00\x08N\xfbR\xa1T\x0dy\xf0\x08\x00\x00\x00\x00\x06\
\x00\x00\x00\x09Task Name\x07\x00\x00\
\x00\x11ScheduleTaskTa\
ble\x01\x03\x00\x00\x00\x08\x89\xe6S\xd1|{W\
\x8b\x08\x00\x00\x00\x00\x06\x00\x00\x00\x0cTrigg\
er Type\x07\x00\x00\x00\x11Sche\
duleTaskTable\x01\x03\x00\
\x00\x00\x04g*w\xe5\x08\x00\x00\x00\x00\x06\x00\x00\x00\
\x07Unknown\x07\x00\x00\x00\x11Sch\
eduleTaskTable\x01\x03\
\x00\x00\x00\x04k\xcfTh\x08\x00\x00\x00\x00\x06\x00\x00\
\x00\x06Weekly\x07\x00\x00\x00\x11Sch\
eduleTaskTable\x01\x03\
\x00\x00\x006\x00A\x00D\x00Bb*V\xfe\x00(\
e/c\x01T\x0eS\xf0\x00,\x00 Q|[\xb9\
`'\x9a\xd8\x00,\x00 \x90\x1f^\xa6ab\x00,\
\x00 ^\xf6\x8f\xdf\x9a\xd8\x00)\x08\x00\x00\x00\x00\x06\
\x00\x00\x00@ADB(Supports\
 Background, Slo\
w, High Compatib\
ility, High Late\
ncy)\x07\x00\x00\x00\x15SelectC\
aptureListView\x01\x03\
\x00\x00\x00\x22\x00B\x00i\x00t\x00B\x00l\x00t\
\x00 \x00-\x00 g\x00_\xeb\xff\x0cQ|[\xb9\
`'g\x00]\xee\x08\x00\x00\x00\x00\x06\x00\x00\x00\x06\
BitBlt\x07\x00\x00\x00\x15Selec\
tCaptureListView\
\x01\x03\x00\x00\x006\x00B\x00i\x00t\x00B\x00l\
\x00t\x00_\x00R\x00e\x00n\x00d\x00e\x00r\
\x00F\x00u\x00l\x00l\x00 \x00-\x00 ab\
\xff\x0cQ|[\xb9`'g\x00Y}\x08\x00\x00\x00\
\x00\x06\x00\x00\x00\x11BitBlt_Ren\
derFull\x07\x00\x00\x00\x15Sele\
ctCaptureListVie\
w\x01\x03\x00\x00\x00\x0amO\x89\xc8Vhb*V\
\xfe\x08\x00\x00\x00\x00\x06\x00\x00\x00\x0fBrows\
er Capture\x07\x00\x00\x00\x15S\
electCaptureList\
View\x01\x03\x00\x00\x00\x18\x00D\x00X\x00G\
\x00I\x00 \x00-\x00 g\x00ab\xff\x0cY\x07\
u(\x08\x00\x00\x00\x00\x06\x00\x00\x00\x04DXGI\
\x07\x00\x00\x00\x15SelectCaptu\
reListView\x01\x03\x00\x00\x00*\
j!b\xdfVhz\x97S\xe3\x00(e/c\x01\
T\x0eS\xf0\x00,\x00 \x90\x1f^\xa6_\xeb\x00,\
\x00 ^\xf6\x8f\xdfON\x00)\x08\x00\x00\x00\x00\x06\
\x00\x00\x007Emulator Win\
dow(Supports Bac\
kground, Fast, L\
ow Latency)\x07\x00\x00\x00\x15\
SelectCaptureLis\
tView\x01\x03\x00\x00\x00\x08n8b\x0fz\
\x97S\xe3\x08\x00\x00\x00\x00\x06\x00\x00\x00\x0bGam\
e Window\x07\x00\x00\x00\x15Sel\
ectCaptureListVi\
ew\x01\x03\x00\x00\x00>S\x9fu\x1f\x00(\x00M\
\x00u\x00M\x00u\x00P\x00l\x00a\x00y\x00e\
\x00r\x001\x002\x00 \x00v\x00e\x00r\x00s\
\x00i\x00o\x00n\x00 \x00>\x00=\x00 \x004\
\x00.\x000\x00)\x08\x00\x00\x00\x00\x06\x00\x00\x00!\
Ipc (MuMuPlayer1\
2 version >= 4.0\
)\x07\x00\x00\x00\x15SelectCapt\
ureListView\x01\x03\x00\x00\x00\
\x1e\x00W\x00G\x00C\x00 \x00-\x00 \x00>\x00\
=\x00W\x00i\x00n\x001\x000\xff\x0c_\xeb\x08\
\x00\x00\x00\x00\x06\x00\x00\x00\x03WGC\x07\x00\x00\x00\
\x15SelectCaptureLi\
stView\x01\x03\x00\x00\x00&\x00A\x00D\
\x00B\x00I\x00n\x00t\x00e\x00r\x00a\x00c\
\x00t\x00i\x00o\x00n\x00 \x00-\x00 T\x0e\
S\xf0\x08\x00\x00\x00\x00\x06\x00\x00\x00\x0eADBI\
nteraction\x07\x00\x00\x00\x19S\
electInteraction\
ListView\x01\x03\x00\x00\x00.\x00B\
\x00r\x00o\x00w\x00s\x00e\x00r\x00I\x00n\
\x00t\x00e\x00r\x00a\x00c\x00t\x00i\x00o\
\x00n\x00 \x00-\x00 T\x0eS\xf0\x08\x00\x00\x00\
\x00\x06\x00\x00\x00\x12BrowserInt\
eraction\x07\x00\x00\x00\x19Sel\
ectInteractionLi\
stView\x01\x03\x00\x00\x004\x00G\x00e\
\x00n\x00s\x00h\x00i\x00n\x00 \x00-\x00 \
T\x0eS\xf0\xff\x0ce/c\x01\x90\xe8R\x06\x00 \
\x00U\x00n\x00i\x00t\x00y\x00 n8b\x0f\
\x08\x00\x00\x00\x00\x06\x00\x00\x00\x07Genshi\
n\x07\x00\x00\x00\x19SelectInte\
ractionListView\x01\
\x03\x00\x00\x00:\x00P\x00o\x00s\x00t\x00M\x00\
e\x00s\x00s\x00a\x00g\x00e\x00 \x00-\x00\
 T\x0eS\xf0\xff\x0cQ|[\xb9Y'Y\x1ae\
p^\x94u(T\x8c\x5c\x11epn8b\x0f\x08\
\x00\x00\x00\x00\x06\x00\x00\x00\x0bPostMes\
sage\x07\x00\x00\x00\x19SelectI\
nteractionListVi\
ew\x01\x03\x00\x00\x00.\x00P\x00y\x00D\x00i\
\x00r\x00e\x00c\x00t\x00 \x00-\x00 RM\
S\xf0\xff\x0c\x00P\x00y\x00n\x00p\x00u\x00t\
\x00 Y\x07u(\x08\x00\x00\x00\x00\x06\x00\x00\x00\x08\
PyDirect\x07\x00\x00\x00\x19Sel\
ectInteractionLi\
stView\x01\x03\x00\x00\x00\x22\x00P\x00y\
\x00n\x00p\x00u\x00t\x00 \x00-\x00 RM\
S\xf0\xff\x0cQ|[\xb9`'g\x00Y}\x08\x00\
\x00\x00\x00\x06\x00\x00\x00\x06Pynput\x07\x00\
\x00\x00\x19SelectInterac\
tionListView\x01\x03\x00\x00\
\x00\x04QsN\x8e\x08\x00\x00\x00\x00\x06\x00\x00\x00\x05\
About\x07\x00\x00\x00\x0aSettin\
gTab\x01\x03\x00\x00\x00\x08\x8foN\xf6\x8b\xbe\
\x7fn\x08\x00\x00\x00\x00\x06\x00\x00\x00\x0aApp \
Config\x07\x00\x00\x00\x0aSetti\
ngTab\x01\x03\x00\x00\x00\x08\x8foN\xf6\x8b\
\xbe\x7fn\x08\x00\x00\x00\x00\x06\x00\x00\x00\x0cApp\
 Settings\x07\x00\x00\x00\x0aSe\
ttingTab\x01\x03\x00\x00\x00\x08^\x94\
u(N;\x98\x98\x08\x00\x00\x00\x00\x06\x00\x00\x00\x11\
Application Them\
e\x07\x00\x00\x00\x0aSettingTab\
\x01\x03\x00\x00\x00\x12e9S\xd8^\x94u(z\x0b\
^\x8fv\x84Y\x16\x89\xc2\x08\x00\x00\x00\x00\x06\x00\x00\
\x00(Change the app\
earance of the a\
pplication\x07\x00\x00\x00\x0aS\
ettingTab\x01\x03\x00\x00\x00\x08h\
\xc0g\xe5f\xf4e\xb0\x08\x00\x00\x00\x00\x06\x00\x00\x00\
\x0cCheck update\x07\x00\x00\
\x00\x0aSettingTab\x01\x03\x00\x00\
\x00\x10\x91M\x7fnW(\x91\xcdT/T\x0eu\x1f\
eH\x08\x00\x00\x00\x00\x06\x00\x00\x00(Conf\
iguration takes \
effect after res\
tart\x07\x00\x00\x00\x0aSetting\
Tab\x01\x03\x00\x00\x00\x04m\xf1\x82r\x08\x00\x00\
\x00\x00\x06\x00\x00\x00\x04Dark\x07\x00\x00\x00\x0a\
SettingTab\x01\x03\x00\x00\x00D\
S\xd1s\xb0e\xb0R\x9f\x80\xfd^v[fN`\
g\x09Qs\x00P\x00y\x00Q\x00t\x00-\x00F\
\x00l\x00u\x00e\x00n\x00t\x00-\x00W\x00i\
\x00d\x00g\x00e\x00t\x00sv\x84g\x09u(\
c\xd0y:\x08\x00\x00\x00\x00\x06\x00\x00\x00EDi\
scover new featu\
res and learn us\
eful tips about \
PyQt-Fluent-Widg\
ets\x07\x00\x00\x00\x0aSettingT\
ab\x01\x03\x00\x00\x00\x04^.R\xa9\x08\x00\x00\x00\
\x00\x06\x00\x00\x00\x04Help\x07\x00\x00\x00\x0aS\
ettingTab\x01\x03\x00\x00\x00\x04\x8b\
\xed\x8a\x00\x08\x00\x00\x00\x00\x06\x00\x00\x00\x08Lan\
guage\x07\x00\x00\x00\x0aSettin\
gTab\x01\x03\x00\x00\x00\x04mE\x82r\x08\x00\
\x00\x00\x00\x06\x00\x00\x00\x05Light\x07\x00\x00\
\x00\x0aSettingTab\x01\x03\x00\x00\
\x00\x0cbS_\x00^.R\xa9\x98u\x97b\x08\x00\
\x00\x00\x00\x06\x00\x00\x00\x0eOpen hel\
p page\x07\x00\x00\x00\x0aSetti\
ngTab\x01\x03\x00\x00\x00\x0c\x90\x09b\xe9O\
`v\x84\x8b\xed\x8a\x00\x08\x00\x00\x00\x00\x06\x00\x00\x00\
\x1bSet your prefer\
red language\x07\x00\x00\x00\
\x0aSettingTab\x01\x03\x00\x00\x00\
\x12\x8b\xbe\x7fn\x00U\x00Iv\x84\x99\x96\x90\x09\x8b\
\xed\x8a\x00\x08\x00\x00\x00\x00\x06\x00\x00\x00\x22Set\
 your preferred \
language for UI\x07\
\x00\x00\x00\x0aSettingTab\x01\x03\
\x00\x00\x00\x04\x8b\xbe\x7fn\x08\x00\x00\x00\x00\x06\x00\x00\
\x00\x08Settings\x07\x00\x00\x00\x0aS\
ettingTab\x01\x03\x00\x00\x00\x08f\
\xf4e\xb0b\x10R\x9f\x08\x00\x00\x00\x00\x06\x00\x00\x00\
\x14Updated success\
fully\x07\x00\x00\x00\x0aSettin\
gTab\x01\x03\x00\x00\x00\x0cO\x7fu(|\xfb\
~\xdf\x8b\xbe\x7fn\x08\x00\x00\x00\x00\x06\x00\x00\x00\x12\
Use system setti\
ng\x07\x00\x00\x00\x0aSettingTa\
b\x01\x03\x00\x00\x00\x04rHg,\x08\x00\x00\x00\x00\
\x06\x00\x00\x00\x07Version\x07\x00\x00\x00\
\x0aSettingTab\x01\x03\x00\x00\x00\
\x08f\x82P\x5cQh\x90\xe8\x08\x00\x00\x00\x00\x06\x00\
\x00\x00\x09Pause All\x07\x00\x00\x00\
\x0bStartButton\x01\x03\x00\x00\
\x00\x08_\x00Y\xcbQh\x90\xe8\x08\x00\x00\x00\x00\x06\
\x00\x00\x00\x09Start All\x07\x00\x00\
\x00\x0bStartButton\x01\x03\x00\
\x00\x00\x04b*V\xfe\x08\x00\x00\x00\x00\x06\x00\x00\x00\
\x07Capture\x07\x00\x00\x00\x09Sta\
rtCard\x01\x03\x00\x00\x00\x08[\xfcQ\xfa\
e\xe5_\xd7\x08\x00\x00\x00\x00\x06\x00\x00\x00\x0bEx\
port Logs\x07\x00\x00\x00\x09St\
artCard\x01\x03\x00\x00\x00\x0en8b\
\x0fz\x97S\xe3]\xf2e\xad_\x00\x08\x00\x00\x00\x00\
\x06\x00\x00\x00\x18Game Window\
 Disconnected\x07\x00\x00\
\x00\x09StartCard\x01\x03\x00\x00\x00\
\x08[\x89\x88\xc5v\xee_U\x08\x00\x00\x00\x00\x06\x00\
\x00\x00\x0eInstall Folde\
r\x07\x00\x00\x00\x09StartCard\x01\
\x03\x00\x00\x00\x04f\x82P\x5c\x08\x00\x00\x00\x00\x06\x00\
\x00\x00\x05Pause\x07\x00\x00\x00\x09Sta\
rtCard\x01\x03\x00\x00\x00\x22]\xf2f\x82\
P\x5c\xff\x1a\x00P\x00CrHn8b\x0fz\x97\
S\xe3_\xc5\x98{W(RMS\xf0\xff\x01\x08\x00\
\x00\x00\x00\x06\x00\x00\x00(Paused: \
PC Game Window M\
ust Be in Front!\
\x07\x00\x00\x00\x09StartCard\x01\x03\
\x00\x00\x00\x04R7e\xb0\x08\x00\x00\x00\x00\x06\x00\x00\
\x00\x07Refresh\x07\x00\x00\x00\x09St\
artCard\x01\x03\x00\x00\x00\x06\x8f\xd0\x88\
LN-\x08\x00\x00\x00\x00\x06\x00\x00\x00\x07Run\
ning\x07\x00\x00\x00\x09StartCa\
rd\x01\x03\x00\x00\x00\x04_\x00Y\xcb\x08\x00\x00\x00\
\x00\x06\x00\x00\x00\x05Start\x07\x00\x00\x00\x09\
StartCard\x01\x03\x00\x00\x00\x08T\
/R\xa8n8b\x0f\x08\x00\x00\x00\x00\x06\x00\x00\x00\
\x0aStart Game\x07\x00\x00\x00\x09\
StartCard\x01\x03\x00\x00\x00\x0c[\
\x9ee\xf6\x89\xe6S\xd1N\xfbR\xa1\x08\x00\x00\x00\x00\
\x06\x00\x00\x00\x0dTrigger Tas\
ks\x07\x00\x00\x00\x09StartCard\
\x01\x03\x00\x00\x00\x10p\xb9Q\xfb\x90\x09b\xe9N\xfb\
R\xa1_\x00Y\xcb\x08\x00\x00\x00\x00\x06\x00\x00\x00\x1e\
Waiting for task\
 to be enabled\x07\x00\
\x00\x00\x09StartCard\x01\x03\x00\x00\
\x000\x00,\x00 xn\x8b\xa4n8b\x0fz\x97\
S\xe3f/T&\x88\xabb\xc9O8\x00,\x96\x90\
\x85\xcf\x00,b\x16\x80\x05W(\x5cO^UY\x16\
\x00.\x08\x00\x00\x00\x00\x06\x00\x00\x00?, ch\
eck if game wind\
ows is minimized\
, resized or out\
 of screen.\x07\x00\x00\x00\x0f\
StartController\x01\
\x03\x00\x00\x00.\x00,\x00 e/c\x01v\x84g\
\x00\x5c\x0fR\x06\x8f\xa8s\x87f/\x00 \x00 \x00\
{\x00m\x00i\x00n\x00_\x00s\x00i\x00z\x00\
e\x00}\x08\x00\x00\x00\x00\x06\x00\x00\x00,, t\
he supported min\
 resolution is {\
min_size}\x07\x00\x00\x00\x0fSt\
artController\x01\x03\x00\
\x00\x002e/c\x01v\x84z\x97S\xe3k\xd4O\
\x8bf/\x00{\x00s\x00u\x00p\x00p\x00o\x00\
r\x00t\x00e\x00d\x00_\x00r\x00a\x00t\x00\
i\x00o\x00}\x08\x00\x00\x00\x00\x06\x00\x00\x00*,\
 the supported r\
atio is {support\
ed_ratio}\x07\x00\x00\x00\x0fSt\
artController\x01\x03\x00\
\x00\x00&f>y:\x8b\xbe\x7fn\x81\xeaR\xa8\x00\
H\x00D\x00R]\xf2bS_\x00\x00,\x00 \x8b\
\xf7QHQs\x95\xed\x00!\x08\x00\x00\x00\x00\x06\x00\
\x00\x00.Auto HDR is e\
nabled, please t\
urn it off first\
.\x07\x00\x00\x00\x0fStartContr\
oller\x01\x03\x00\x00\x002f>y:\x8b\
\xbe\x7fn\x81\xeaR\xa8\x00H\x00D\x00R]\xf2b\
S_\x00\x00,\x00 S\xef\x80\xfd[\xfc\x81\xf4N\
\xfbR\xa1\x8f\xd0\x88L_\x02^8\x00!\x08\x00\x00\
\x00\x00\x06\x00\x00\x004Auto HDR \
is enabled, task\
s might not work\
 correctly!\x07\x00\x00\x00\x0f\
StartController\x01\
\x03\x00\x00\x00\x22e\xe0l\xd5T/R\xa8n8b\
\x0f\x00,\x00 \x8b\xf7xn\x8b\xa4n8b\x0f]\
\xf2[\x89\x88\xc5\x00!\x08\x00\x00\x00\x00\x06\x00\x00\x00\
1Can't start gam\
e, make sure the\
 game is install\
ed\x07\x00\x00\x00\x0fStartCont\
roller\x01\x03\x00\x00\x00\x18b*V\xfe\
Y1\x8d%\x00,\x8b\xf7h\xc0g\xe5n8b\x0f\
z\x97S\xe3\x08\x00\x00\x00\x00\x06\x00\x00\x00(Ca\
pture failed, pl\
ease check game \
window\x07\x00\x00\x00\x0fStart\
Controller\x01\x03\x00\x00\x00\x1a\
j!b\xdfVhg*\x8f\xdec\xa5\x00,\x00 \
\x8b\xf7QHT/R\xa8\x00!\x08\x00\x00\x00\x00\x06\
\x00\x00\x004Emulator is \
not connected, s\
tart the emulato\
r first!\x07\x00\x00\x00\x0fSta\
rtController\x01\x03\x00\x00\
\x00\x10\x00G\x00P\x00U\x00 \x9aqR\xa8\x8bf\
TJ\x08\x00\x00\x00\x00\x06\x00\x00\x00\x12GPU \
Driver Warning\x07\x00\
\x00\x00\x0fStartControll\
er\x01\x03\x00\x00\x00\x1ee\xe0l\xd5T/R\xa8\
n8b\x0f\x00,\x00 \x8b\xf7bKR\xa8bS\
_\x00n8b\x0f\x08\x00\x00\x00\x00\x06\x00\x00\x004\
Game path does n\
ot exist, Please\
 open game manua\
lly!\x07\x00\x00\x00\x0fStartCo\
ntroller\x01\x03\x00\x00\x00(N\x0d\
e/c\x01_SRMR\x06\x8f\xa8s\x87\x00{\
\x00r\x00e\x00s\x00o\x00l\x00u\x00t\x00i\
\x00o\x00n\x00}\x08\x00\x00\x00\x00\x06\x00\x00\x00-\
Game resolution \
{resolution} is \
not supported\x07\x00\x00\
\x00\x0fStartControlle\
r\x01\x03\x00\x00\x00Pj!g\x7fV\xferGR\
\xa0\x8f}Y1\x8d%\x00,\x8b\xf7\x91\xcde\xb0[\
\x89\x88\xc5\x00.\x00(N\x0d\x89\x81e>W(N\
\x0b\x8f}v\xee_U{IS\xef\x80\xfdO\x1a\x88\
\xab\x81\xeaR\xa8R \x96dV\xferGv\x84v\
\xee_U\x00.\x00)\x08\x00\x00\x00\x00\x06\x00\x00\x00\
\x5cImage resource \
load failed, ple\
ase try install \
again.(Don't put\
 the app in Down\
loads folder)\x07\x00\x00\
\x00\x0fStartControlle\
r\x01\x03\x00\x00\x00\x0eg*\x90\x09b\xe9n8b\
\x0fz\x97S\xe3\x08\x00\x00\x00\x00\x06\x00\x00\x00\x11N\
o game selected!\
\x07\x00\x00\x00\x0fStartContro\
ller\x01\x03\x00\x00\x000\x00P\x00CrH\
\x97\x00\x89\x81{\xa1t\x06TXgC\x96P\xff\x0c\
\x8b\xf7N\xe5{\xa1t\x06TXgC\x96P\x91\xcd\
T/kd^\x94u(\xff\x01\x08\x00\x00\x00\x00\x06\
\x00\x00\x00TPC version r\
equires admin pr\
ivileges, Please\
 restart this ap\
p with admin pri\
vileges!\x07\x00\x00\x00\x0fSta\
rtController\x01\x03\x00\x00\
\x00DR\x06\x8f\xa8s\x87\x00{\x00r\x00e\x00s\
\x00o\x00l\x00u\x00t\x00i\x00o\x00n\x00}\
h\xc0g\xe5Y1\x8d%\x00,\x00 \x90\xe8R\x06\
N\xfbR\xa1S\xef\x80\xfde\xe0l\xd5kc^8\
\x8f\xd0\x88L\x00!\x08\x00\x00\x00\x00\x06\x00\x00\x00J\
Resolution {reso\
lution} check fa\
iled, some tasks\
 might not work \
correctly!\x07\x00\x00\x00\x0fS\
tartController\x01\x03\
\x00\x00\x00&_SRMn8b\x0fb\x16j!\
b\xdfVhN\x0de/c\x01\x90\x09b\xe9v\x84\
b*V\xfee\xb9_\x0f\x00!\x08\x00\x00\x00\x00\x06\
\x00\x00\x00DSelected cap\
ture method is n\
ot supported by \
the game or your\
 system!\x07\x00\x00\x00\x0fSta\
rtController\x01\x03\x00\x00\
\x00\x22T/R\xa8n8b\x0fY1\x8d%\x00,\
\x00 \x8b\xf7QHbKR\xa8T/R\xa8n8\
b\x0f\x00!\x08\x00\x00\x00\x00\x06\x00\x00\x00*St\
art game failed,\
 please start ga\
me first\x07\x00\x00\x00\x0fSta\
rtController\x01\x03\x00\x00\
\x00\x0aT/R\xa8\x8d\x85e\xf6\x00!\x08\x00\x00\x00\
\x00\x06\x00\x00\x00\x13Start game\
 timeout!\x07\x00\x00\x00\x0fSt\
artController\x01\x03\x00\
\x00\x002n8b\x0fz\x97S\xe3g\x00\x5c\x0fS\
\x16b\x16\x80\x05\x90\xe8R\x06W(\x5cO^UY\
\x16\x00,N\x0d\x89\x81O\x7fu(r\xecS`Q\
h\x5cO\x00!\x08\x00\x00\x00\x00\x06\x00\x00\x00KW\
indow is minimiz\
ed or out of scr\
een, and do NOT \
use full-screen \
exclusive!\x07\x00\x00\x00\x0fS\
tartController\x01\x03\
\x00\x00\x000z\x97S\xe3\x88\xabg\x00\x5c\x0fS\x16\
b\x16W(\x5cO^UY\x16\x00,\x00 N\x0d\
\x89\x81O\x7fu(r\xecS`Qh\x5cOj!\
_\x0f\x00!\x08\x00\x00\x00\x00\x06\x00\x00\x00OWi\
ndow is minimize\
d or out of scre\
en, and don't us\
e full-screen ex\
clusive mode!\x07\x00\x00\
\x00\x0fStartControlle\
r\x01\x03\x00\x00\x008\x00W\x00i\x00n\x00d\x00\
o\x00w\x00sf>y:\x8b\xbe\x7fnY\x1cp\
o\x00/b\xa4w<j!_\x0f]\xf2bS_\
\x00\x00,\x00 \x8b\xf7QHQs\x95\xed\x00!\x08\
\x00\x00\x00\x00\x06\x00\x00\x009Windows\
 night light is \
enabled, please \
turn it off firs\
t.\x07\x00\x00\x00\x0fStartCont\
roller\x01\x03\x00\x00\x008\x00W\x00i\
\x00n\x00d\x00o\x00w\x00sf>y:\x8b\xbe\
\x7fnY\x1cpo\x00/b\xa4w<j!_\x0f\
]\xf2bS_\x00\x00,\x00 \x8b\xf7QHQs\
\x95\xed\x00!\x08\x00\x00\x00\x00\x06\x00\x00\x00?Wi\
ndows night ligh\
t is enabled, ta\
sks might not wo\
rk correctly!\x07\x00\x00\
\x00\x0fStartControlle\
r\x01\x03\x00\x00\x00@\x00{\x00v\x00e\x00n\x00\
d\x00o\x00r\x00}\x00 \x00{\x00f\x00e\x00\
a\x00t\x00u\x00r\x00e\x00}\x00 ]\xf2T\
/u(\xff\x0cS\xef\x80\xfd[\xfc\x81\xf4R\x9f\x80\
\xfd_\x02^8\xff\x01\x08\x00\x00\x00\x00\x06\x00\x00\x00\
9{vendor} {featu\
re} is enabled a\
nd may cause mal\
functions!\x07\x00\x00\x00\x0fS\
tartController\x01\x03\
\x00\x00\x00\x22\x00{\x00}g*\x8f\xdec\xa5\xff\x0c\
\x8b\xf7\x90\x09b\xe9kcxnv\x84n8b\x0f\
z\x97S\xe30\x02\x08\x00\x00\x00\x00\x06\x00\x00\x003\
{} is not connec\
ted, please sele\
ct the game wind\
ow.\x07\x00\x00\x00\x0fStartCon\
troller\x01\x03\x00\x00\x00\x06R\xa0\x8f\
}N-\x08\x00\x00\x00\x00\x06\x00\x00\x00\x07Loa\
ding\x07\x00\x00\x00\x12StartLo\
adingDialog\x01\x03\x00\x00\x00\
2kcW(T/R\xa8\x00,\x00 \x00{\x00\
s\x00e\x00c\x00o\x00n\x00d\x00s\x00_\x00\
l\x00e\x00f\x00t\x00}y\xd2T\x0e\x8d\x85e\
\xf6\x00.\x08\x00\x00\x00\x00\x06\x00\x00\x00/Sta\
rting, timeout a\
fter {seconds_le\
ft} seconds.\x07\x00\x00\x00\
\x12StartLoadingDia\
log\x01\x03\x00\x00\x00\x06[\x89SSrH\x08\
\x00\x00\x00\x00\x06\x00\x00\x00\x07Android\
\x07\x00\x00\x00\x08StartTab\x01\x03\x00\
\x00\x00\x04b*V\xfe\x08\x00\x00\x00\x00\x06\x00\x00\x00\
\x07Capture\x07\x00\x00\x00\x08Sta\
rtTab\x01\x03\x00\x00\x00\x08b*V\xfee\
\xb9_\x0f\x08\x00\x00\x00\x00\x06\x00\x00\x00\x0eCap\
ture Method\x07\x00\x00\x00\x08\
StartTab\x01\x03\x00\x00\x00\x0c\x90\x09\
b\xe9N\xa4N\x92e\xb9_\x0f\x08\x00\x00\x00\x00\x06\
\x00\x00\x00\x12Choose Inter\
action\x07\x00\x00\x00\x08Start\
Tab\x01\x03\x00\x00\x00\x08\x90\x09b\xe9z\x97S\
\xe3\x08\x00\x00\x00\x00\x06\x00\x00\x00\x0dChoos\
e Window\x07\x00\x00\x00\x08Sta\
rtTab\x01\x03\x00\x00\x00\x06]\xf2\x8f\xdec\
\xa5\x08\x00\x00\x00\x00\x06\x00\x00\x00\x09Conne\
cted\x07\x00\x00\x00\x08StartTa\
b\x01\x03\x00\x00\x00\x08_\x00S\xd1]\xe5Qw\x08\
\x00\x00\x00\x00\x06\x00\x00\x00\x05Debug\x07\x00\
\x00\x00\x08StartTab\x01\x03\x00\x00\x00\
\x0a\x8c\x03\x8b\xd5`\xacmnz\x97\x08\x00\x00\x00\x00\
\x06\x00\x00\x00\x0dDebug Overl\
ay\x07\x00\x00\x00\x08StartTab\x01\
\x03\x00\x00\x00\x0ay\x81u(h\x07\x8b\xb0hF\x08\
\x00\x00\x00\x00\x06\x00\x00\x00\x0dDisable\
 Boxes\x07\x00\x00\x00\x08Start\
Tab\x01\x03\x00\x00\x00\x06]\xf2e\xad_\x00\x08\
\x00\x00\x00\x00\x06\x00\x00\x00\x0cDisconn\
ected\x07\x00\x00\x00\x08StartT\
ab\x01\x03\x00\x00\x00\x06j!b\xdfVh\x08\x00\
\x00\x00\x00\x06\x00\x00\x00\x08Emulator\
\x07\x00\x00\x00\x08StartTab\x01\x03\x00\
\x00\x00\x0aT/u(h\x07\x8b\xb0hF\x08\x00\x00\
\x00\x00\x06\x00\x00\x00\x0cEnable Bo\
xes\x07\x00\x00\x00\x08StartTab\
\x01\x03\x00\x00\x00\x08[\xfcQ\xfae\xe5_\xd7\x08\x00\
\x00\x00\x00\x06\x00\x00\x00\x0bExport L\
ogs\x07\x00\x00\x00\x08StartTab\
\x01\x03\x00\x00\x00\x0e\x96\x90\x85\xcf`\xacmnz\x97\
e\xe5_\xd7\x08\x00\x00\x00\x00\x06\x00\x00\x00\x13Hi\
de Log on Overla\
y\x07\x00\x00\x00\x08StartTab\x01\x03\
\x00\x00\x00\x08[\x89\x88\xc5v\xee_U\x08\x00\x00\x00\
\x00\x06\x00\x00\x00\x0eInstall Fo\
lder\x07\x00\x00\x00\x08StartTa\
b\x01\x03\x00\x00\x00\x08e\xe5_\xd7v\xee_U\x08\
\x00\x00\x00\x00\x06\x00\x00\x00\x0aLog Fol\
der\x07\x00\x00\x00\x08StartTab\
\x01\x03\x00\x00\x00\x08bS_\x00e\xe5_\xd7\x08\x00\
\x00\x00\x00\x06\x00\x00\x00\x09Open Log\
s\x07\x00\x00\x00\x08StartTab\x01\x03\
\x00\x00\x00\x06\x00P\x00CrH\x08\x00\x00\x00\x00\x06\
\x00\x00\x00\x02PC\x07\x00\x00\x00\x08Start\
Tab\x01\x03\x00\x00\x00\x04R7e\xb0\x08\x00\x00\
\x00\x00\x06\x00\x00\x00\x07Refresh\x07\x00\
\x00\x00\x08StartTab\x01\x03\x00\x00\x00\
\x08kcW(R7e\xb0\x08\x00\x00\x00\x00\x06\x00\
\x00\x00\x0aRefreshing\x07\x00\x00\
\x00\x08StartTab\x01\x03\x00\x00\x00\x08\
b*V\xfev\xee_U\x08\x00\x00\x00\x00\x06\x00\x00\
\x00\x11Screenshot Fol\
der\x07\x00\x00\x00\x08StartTab\
\x01\x03\x00\x00\x00\x10W(`\xacmnz\x97f>\
y:e\xe5_\xd7\x08\x00\x00\x00\x00\x06\x00\x00\x00\x13\
Show Log on Over\
lay\x07\x00\x00\x00\x08StartTab\
\x01\x03\x00\x00\x00\x08g\xe5w\x0be\xe5_\xd7\x08\x00\
\x00\x00\x00\x06\x00\x00\x00\x08View Log\
\x07\x00\x00\x00\x08StartTab\x01\x03\x00\
\x00\x006\x00N\x00P\x00Uc\xa8t\x06\x95\x19\x8b\
\xef\xff\x0c`\xa8S\xef\x80\xfd\x97\x00\x89\x81f\xf4e\
\xb0\x00I\x00n\x00t\x00e\x00l\x00 \x00N\x00\
P\x00U\x9aqR\xa8\xff\x01\x08\x00\x00\x00\x00\x06\x00\
\x00\x00CNPU inferring\
 Error, you migh\
t need to update\
 the Intel NPU d\
river!\x07\x00\x00\x00\x04Task\x01\
\x03\x00\x00\x00\x04\x95\x19\x8b\xef\x08\x00\x00\x00\x00\x06\x00\
\x00\x00\x05Error\x07\x00\x00\x00\x0bTas\
kButtons\x01\x03\x00\x00\x00*n8\
b\x0fz\x97S\xe3g*\x8f\xdec\xa5\xff\x0c\x8b\xf7\
\x90\x09b\xe9n8b\x0fz\x97S\xe3T\x8cb*\
V\xfee\xb9_\x0f0\x02\x08\x00\x00\x00\x00\x06\x00\x00\
\x00OGame window is\
 not connected, \
please select th\
e game window an\
d capture method\
.\x07\x00\x00\x00\x0bTaskButton\
s\x01\x03\x00\x00\x00\x04f\x82P\x5c\x08\x00\x00\x00\x00\
\x06\x00\x00\x00\x05Pause\x07\x00\x00\x00\x0bT\
askButtons\x01\x03\x00\x00\x00\x04\
~\xe7~\xed\x08\x00\x00\x00\x00\x06\x00\x00\x00\x06Re\
sume\x07\x00\x00\x00\x0bTaskBut\
tons\x01\x03\x00\x00\x00\x04_\x00Y\xcb\x08\x00\
\x00\x00\x00\x06\x00\x00\x00\x05Start\x07\x00\x00\
\x00\x0bTaskButtons\x01\x03\x00\
\x00\x00\x04P\x5ckb\x08\x00\x00\x00\x00\x06\x00\x00\x00\
\x04Stop\x07\x00\x00\x00\x0bTaskBu\
ttons\x01\x03\x00\x00\x00\x18O`xn[\
\x9a\x89\x81R \x96d\x00 \x00{\x00}\x00 T\
\x17\x00?\x08\x00\x00\x00\x00\x06\x00\x00\x00\x22Are\
 you sure you wa\
nt to delete {}\x07\
\x00\x00\x00\x08TaskCard\x01\x03\x00\x00\
\x00\x04R \x96d\x08\x00\x00\x00\x00\x06\x00\x00\x00\x06\
Delete\x07\x00\x00\x00\x08TaskC\
ard\x01\x03\x00\x00\x00\x08R \x96dN\xfbR\
\xa1\x08\x00\x00\x00\x00\x06\x00\x00\x00\x0bDelet\
e Task\x07\x00\x00\x00\x08TaskC\
ard\x01\x03\x00\x00\x00\x06g*T/u(\x08\
\x00\x00\x00\x00\x06\x00\x00\x00\x08Disable\
d\x07\x00\x00\x00\x08TaskCard\x01\x03\
\x00\x00\x00\x04\x7f\x16\x8f\x91\x08\x00\x00\x00\x00\x06\x00\x00\
\x00\x04Edit\x07\x00\x00\x00\x08TaskC\
ard\x01\x03\x00\x00\x00\x06]\xf2T/u(\x08\
\x00\x00\x00\x00\x06\x00\x00\x00\x07Enabled\
\x07\x00\x00\x00\x08TaskCard\x01\x03\x00\
\x00\x00\x08O\x7fu(\x8b\xf4f\x0e\x08\x00\x00\x00\x00\
\x06\x00\x00\x00\x0cInstruction\
s\x07\x00\x00\x00\x08TaskCard\x01\x03\
\x00\x00\x00\x04f\x82P\x5c\x08\x00\x00\x00\x00\x06\x00\x00\
\x00\x05Pause\x07\x00\x00\x00\x08Task\
Card\x01\x03\x00\x00\x00\x08\x91\xcd\x7fn\x91M\
\x7fn\x08\x00\x00\x00\x00\x06\x00\x00\x00\x0cRese\
t Config\x07\x00\x00\x00\x08Tas\
kCard\x01\x03\x00\x00\x00\x04~\xe7~\xed\x08\
\x00\x00\x00\x00\x06\x00\x00\x00\x06Resume\x07\
\x00\x00\x00\x08TaskCard\x01\x03\x00\x00\
\x00\x04_\x00Y\xcb\x08\x00\x00\x00\x00\x06\x00\x00\x00\x05\
Start\x07\x00\x00\x00\x08TaskCa\
rd\x01\x03\x00\x00\x00\x04P\x5ckb\x08\x00\x00\x00\
\x00\x06\x00\x00\x00\x04Stop\x07\x00\x00\x00\x08T\
askCard\x01\x03\x00\x00\x00&{I_\
\x85\x00 \x00{\x00t\x00a\x00s\x00k\x00_\x00\
n\x00a\x00m\x00e\x00}\x00 N\xfbR\xa1[\
\x8cb\x10\x08\x00\x00\x00\x00\x06\x00\x00\x00,Wai\
ting for {task_n\
ame} task to be \
completed\x07\x00\x00\x00\x08Ta\
skCard\x01\x03\x00\x00\x00\x04y\x81u(\
\x08\x00\x00\x00\x00\x06\x00\x00\x00\x07Disabl\
e\x07\x00\x00\x00\x0cTaskOpButt\
on\x01\x03\x00\x00\x00\x04T/u(\x08\x00\x00\x00\
\x00\x06\x00\x00\x00\x06Enable\x07\x00\x00\x00\
\x0cTaskOpButton\x01\x03\x00\
\x00\x00\x08\x90\x09b\xe9z\x97S\xe3\x08\x00\x00\x00\x00\
\x06\x00\x00\x00\x0dChoose Wind\
ow\x07\x00\x00\x00\x07TaskTab\x01\x03\
\x00\x00\x00\x04Qs\x95\xed\x08\x00\x00\x00\x00\x06\x00\x00\
\x00\x05Close\x07\x00\x00\x00\x07Task\
Tab\x01\x03\x00\x00\x00\x06]\xf2[\x8cb\x10\x08\
\x00\x00\x00\x00\x06\x00\x00\x00\x09Complet\
ed\x07\x00\x00\x00\x07TaskTab\x01\x03\
\x00\x00\x00\x08R\x1b^\xfaN\xfbR\xa1\x08\x00\x00\x00\
\x00\x06\x00\x00\x00\x0bCreate Tas\
k\x07\x00\x00\x00\x07TaskTab\x01\x03\x00\
\x00\x00\x04O\xe1`o\x08\x00\x00\x00\x00\x06\x00\x00\x00\
\x04Info\x07\x00\x00\x00\x07TaskTa\
b\x01\x03\x00\x00\x00\x06\x8f\xd0\x88LN-\x08\x00\x00\
\x00\x00\x06\x00\x00\x00\x07Running\x07\x00\
\x00\x00\x07TaskTab\x01\x03\x00\x00\x00\x06\
]\xf2\x8f\xd0\x88L\x08\x00\x00\x00\x00\x06\x00\x00\x00\x0c\
Time Elapsed\x07\x00\x00\x00\
\x07TaskTab\x01\x03\x00\x00\x00\x02P<\
\x08\x00\x00\x00\x00\x06\x00\x00\x00\x05Value\x07\
\x00\x00\x00\x07TaskTab\x01\x03\x00\x00\x00\
\x04S\xd6m\x88\x08\x00\x00\x00\x00\x06\x00\x00\x00\x06C\
ancel\x07\x00\x00\x00\x13Templa\
teInputDialog\x01\x03\x00\
\x00\x00\x04xn\x8b\xa4\x08\x00\x00\x00\x00\x06\x00\x00\x00\
\x07Confirm\x07\x00\x00\x00\x13Tem\
plateInputDialog\
\x01\x03\x00\x00\x00\x1axn[\x9a\x89\x81R \x96d\
\x00 \x00'\x00{\x00}\x00'\x00 T\x17\xff\x1f\
\x08\x00\x00\x00\x00\x06\x00\x00\x00%Are yo\
u sure you want \
to delete '{}'?\x07\
\x00\x00\x00\x0bTemplateTab\x01\
\x03\x00\x00\x00\x04S\xd6m\x88\x08\x00\x00\x00\x00\x06\x00\
\x00\x00\x06Cancel\x07\x00\x00\x00\x0bTe\
mplateTab\x01\x03\x00\x00\x00\x08x\
n\x8b\xa4R \x96d\x08\x00\x00\x00\x00\x06\x00\x00\x00\
\x0eConfirm Delete\x07\
\x00\x00\x00\x0bTemplateTab\x01\
\x03\x00\x00\x00\x04R \x96d\x08\x00\x00\x00\x00\x06\x00\
\x00\x00\x06Delete\x07\x00\x00\x00\x0bTe\
mplateTab\x01\x03\x00\x00\x00\x0ab\
*V\xfeY1\x8d%0\x02\x08\x00\x00\x00\x00\x06\x00\
\x00\x00\x18Failed to cap\
ture frame.\x07\x00\x00\x00\x0b\
TemplateTab\x01\x03\x00\x00\x00\
\x10u\x1fb\x10h\x07{~g\x9aN>e\x87N\
\xf6\x08\x00\x00\x00\x00\x06\x00\x00\x00\x18Gener\
ate label enum f\
ile\x07\x00\x00\x00\x0bTemplate\
Tab\x01\x03\x00\x00\x00\x0cV\xferG]\xf2R\
 \x96d0\x02\x08\x00\x00\x00\x00\x06\x00\x00\x00\x0eI\
mage deleted.\x07\x00\x00\
\x00\x0bTemplateTab\x01\x03\x00\
\x00\x00>v\xf8[\xf9\x8d\xef_\x84e\xe0eH0\
\x02y:O\x8b\xff\x1a\x00o\x00k\x00_\x00t\x00\
a\x00s\x00k\x00s\x00/\x00L\x00a\x00b\x00\
e\x00l\x00E\x00n\x00u\x00m\x00.\x00p\x00\
y\x08\x00\x00\x00\x00\x06\x00\x00\x005Inval\
id relative path\
. Example: ok_ta\
sks/LabelEnum.py\
\x07\x00\x00\x00\x0bTemplateTab\
\x01\x03\x00\x00\x00\x04h\x07l\xe8\x08\x00\x00\x00\x00\x06\
\x00\x00\x00\x06Markup\x07\x00\x00\x00\x0bT\
emplateTab\x01\x03\x00\x00\x00\x12\
l\xa1g\x09h\x07l\xe8\x97\x00\x89\x81O\xdd[X\
0\x02\x08\x00\x00\x00\x00\x06\x00\x00\x00\x17No a\
nnotations to sa\
ve.\x07\x00\x00\x00\x0bTemplate\
Tab\x01\x03\x00\x00\x00\x1eb*V\xfee\xb9_\
\x0fN\x0dS\xefu(0\x02\x8b\xf7QHT/R\
\xa8b*V\xfe0\x02\x08\x00\x00\x00\x00\x06\x00\x00\x00\
8No capture meth\
od available. Pl\
ease start captu\
re first.\x07\x00\x00\x00\x0bTe\
mplateTab\x01\x03\x00\x00\x00\x08f\
\x82e\xe0j!g\x7f\x08\x00\x00\x00\x00\x06\x00\x00\x00\
\x10No templates ye\
t\x07\x00\x00\x00\x0bTemplateTa\
b\x01\x03\x00\x00\x00\x04xn[\x9a\x08\x00\x00\x00\x00\
\x06\x00\x00\x00\x02OK\x07\x00\x00\x00\x0bTemp\
lateTab\x01\x03\x00\x00\x00\x18\x8d\xef_\
\x84v\xf8[\xf9N\x8e]\xe5O\x5cS:h9v\
\xee_U0\x02\x08\x00\x00\x00\x00\x06\x00\x00\x00'P\
ath is relative \
to the workspace\
 root.\x07\x00\x00\x00\x0bTempl\
ateTab\x01\x03\x00\x00\x00:v\xf8[\xf9\
\x8d\xef_\x84\xff\x0cO\x8bY\x82\xff\x1a\x00o\x00k\
\x00_\x00t\x00a\x00s\x00k\x00s\x00/\x00L\
\x00a\x00b\x00e\x00l\x00E\x00n\x00u\x00m\
\x00.\x00p\x00y\x08\x00\x00\x00\x00\x06\x00\x00\x00)\
Relative path, e\
.g. ok_tasks/Lab\
elEnum.py\x07\x00\x00\x00\x0bTe\
mplateTab\x01\x03\x00\x00\x00\x04O\
\xdd[X\x08\x00\x00\x00\x00\x06\x00\x00\x00\x04Sav\
e\x07\x00\x00\x00\x0bTemplateTa\
b\x01\x03\x00\x00\x00\x06O\xdd[XR0\x08\x00\x00\
\x00\x00\x06\x00\x00\x00\x07Save To\x07\x00\
\x00\x00\x0bTemplateTab\x01\x03\
\x00\x00\x00\x12O\xdd[Xb\x10R\x9fR0\x00:\
\x00 \x00{\x00}\x08\x00\x00\x00\x00\x06\x00\x00\x00\x22\
Save completed s\
uccessfully to: \
{}\x07\x00\x00\x00\x0bTemplateT\
ab\x01\x03\x00\x00\x00\x04b*V\xfe\x08\x00\x00\x00\
\x00\x06\x00\x00\x00\x0aScreenshot\
\x07\x00\x00\x00\x0bTemplateTab\
\x01\x03\x00\x00\x00\x12b*V\xfe]\xf2O\xdd[X\
\x00:\x00 \x00{\x00}\x08\x00\x00\x00\x00\x06\x00\x00\
\x00\x14Screenshot sav\
ed: {}\x07\x00\x00\x00\x0bTempl\
ateTab\x01\x03\x00\x00\x00\x16c\x09T\x0d\
y\xf0b\x16R\x06|{d\x1c}\x22\x00.\x00.\
\x00.\x08\x00\x00\x00\x00\x06\x00\x00\x00\x1dSear\
ch by name or ca\
tegory...\x07\x00\x00\x00\x0bTe\
mplateTab\x01\x03\x00\x00\x00\x04b\
\x10R\x9f\x08\x00\x00\x00\x00\x06\x00\x00\x00\x07Suc\
cess\x07\x00\x00\x00\x0bTemplat\
eTab\x01\x03\x00\x00\x00\x08b*S\xd6\x5cO\
^U\x08\x00\x00\x00\x00\x06\x00\x00\x00\x0fTake\
 Screenshot\x07\x00\x00\x00\x0b\
TemplateTab\x01\x03\x00\x00\x00\
\x1a\x00a\x00s\x00s\x00e\x00t\x00s\x00 \x00\
(r\xecz\xcb^\x94u(\x00)\x08\x00\x00\x00\x00\
\x06\x00\x00\x00\x17assets (sta\
ndalone app)\x07\x00\x00\x00\
\x0bTemplateTab\x01\x03\x00\x00\
\x00.\x00o\x00k\x00_\x00t\x00a\x00s\x00k\
\x00s\x00/\x00a\x00s\x00s\x00e\x00t\x00s\
\x00 \x00(\x81\xea[\x9aNI\x81\x1ag,\x00)\
\x08\x00\x00\x00\x00\x06\x00\x00\x00 ok_tas\
ks/assets (custo\
m scripts)\x07\x00\x00\x00\x0bT\
emplateTab\x01\x03\x00\x00\x00,\
xn[\x9af\xf4e\xb0R0\x00{\x00v\x00e\
\x00r\x00s\x00i\x00o\x00n\x00}\x00{\x00t\
\x00y\x00p\x00e\x00}T\x17\xff\x1f\x08\x00\x00\x00\
\x00\x06\x00\x00\x004Are you su\
re you want to u\
pdate to {versio\
n} {type}?\x07\x00\x00\x00\x0bV\
ersionCard\x01\x03\x00\x00\x00\x0c\
h\xc0g\xe5f\xf4e\xb0\x95\x19\x8b\xef\x08\x00\x00\x00\
\x00\x06\x00\x00\x00\x17Check for \
update error!\x07\x00\x00\
\x00\x0bVersionCard\x01\x03\x00\
\x00\x00\x0ah\xc0g\xe5e\xb0rHg,\x08\x00\x00\
\x00\x00\x06\x00\x00\x00\x11Check for\
 updates\x07\x00\x00\x00\x0bVer\
sionCard\x01\x03\x00\x00\x00\x08h\xc0\
g\xe5f\xf4e\xb0\x08\x00\x00\x00\x00\x06\x00\x00\x00\x14\
Checking for upd\
ates\x07\x00\x00\x00\x0bVersion\
Card\x01\x03\x00\x00\x00\x06_\x00S\xd1rH\
\x08\x00\x00\x00\x00\x06\x00\x00\x00\x05Debug\x07\
\x00\x00\x00\x0bVersionCard\x01\
\x03\x00\x00\x004N\x0b\x8f}N-\x00:\x00 \x00\
{\x00p\x00r\x00o\x00g\x00r\x00e\x00s\x00\
s\x00}\x00 \x00{\x00p\x00e\x00r\x00c\x00\
e\x00n\x00t\x00}\x00%\x08\x00\x00\x00\x00\x06\x00\
\x00\x00!Downloading {\
progress} {perce\
nt}%\x07\x00\x00\x00\x0bVersion\
Card\x01\x03\x00\x00\x00\x0aS\xd1s\xb0e\xb0\
rHg,\x08\x00\x00\x00\x00\x06\x00\x00\x00\x12Fo\
und new version!\
\x07\x00\x00\x00\x0bVersionCard\
\x01\x03\x00\x00\x00\x04O\xe1`o\x08\x00\x00\x00\x00\x06\
\x00\x00\x00\x04Info\x07\x00\x00\x00\x0bVer\
sionCard\x01\x03\x00\x00\x00\x06kc\
_\x0frH\x08\x00\x00\x00\x00\x06\x00\x00\x00\x07Re\
lease\x07\x00\x00\x00\x0bVersio\
nCard\x01\x03\x00\x00\x00\x14v\xeeRM]\
\xf2~\xcff/g\x00e\xb0rHg,\xff\x01\x08\
\x00\x00\x00\x00\x06\x00\x00\x00\x1bThis is\
 the newest vers\
ion!\x07\x00\x00\x00\x0bVersion\
Card\x01\x03\x00\x00\x00\x08s\xb0W(f\xf4\
e\xb0\x08\x00\x00\x00\x00\x06\x00\x00\x00\x0aUpda\
te Now\x07\x00\x00\x00\x0bVersi\
onCard\x01\x03\x00\x00\x00$f\xf4e\xb0\
R0\x00{\x00v\x00e\x00r\x00s\x00i\x00o\
\x00n\x00}\x00{\x00t\x00y\x00p\x00e\x00}\
\x08\x00\x00\x00\x00\x06\x00\x00\x00\x1aUpdate\
 to {version} {t\
ype}\x07\x00\x00\x00\x0bVersion\
Card\x01\x03\x00\x00\x00\x04c\xd0y:\x08\x00\
\x00\x00\x00\x06\x00\x00\x00\x05Alert\x07\x00\x00\
\x00\x03app\x01\x03\x00\x00\x00\x10]\xf2~\xcff\
\xf4e\xb0R0rHg,\x00:\x08\x00\x00\x00\x00\
\x06\x00\x00\x00\x1bAlready upd\
ated to version:\
\x07\x00\x00\x00\x03app\x01\x03\x00\x00\x00.S\xe6\
N\x00N*[\x9eO\x8b]\xf2~\xcfW(\x8f\xd0\
\x88L\x00,\x00 \x8b\xf7bKR\xa8~\xd3g_\
S\xe6N\x00N*[\x9eO\x8b\x00.\x08\x00\x00\x00\
\x00\x06\x00\x00\x00#Another in\
stance is alread\
y running\x07\x00\x00\x00\x03ap\
p\x01\x03\x00\x00\x00\x0a^\x94u(T/R\xa8V\
h\x08\x00\x00\x00\x00\x06\x00\x00\x00\x0cApp L\
auncher\x07\x00\x00\x00\x03app\x01\
\x03\x00\x00\x00T^\x94u(T/R\xa8\x95\x19\x8b\
\xef0\x02\x8b\xf7\x5c\x06[\x89\x88\xc5e\x87N\xf6Y\
9m\xfbR\xa0R0\x00W\x00i\x00n\x00d\x00\
o\x00w\x00s\x00 \x00D\x00e\x00f\x00e\x00\
n\x00d\x00e\x00rv}T\x0dSU^v\x91\
\xcde\xb0[\x89\x88\xc5\x00:\x08\x00\x00\x00\x00\x06\x00\
\x00\x00fApp startup e\
rror. Please add\
 the installatio\
n folder to the \
Windows Defender\
 whitelist and r\
einstall:\x07\x00\x00\x00\x03ap\
p\x01\x03\x00\x00\x00\x04\x81\xeaR\xa8\x08\x00\x00\x00\x00\
\x06\x00\x00\x00\x04Auto\x07\x00\x00\x00\x03ap\
p\x01\x03\x00\x00\x00\x12\x81\xeaR\xa8\x8c\x03etn\
8b\x0fR\x06\x8f\xa8s\x87\x08\x00\x00\x00\x00\x06\x00\
\x00\x00\x17Auto Resize G\
ame Window\x07\x00\x00\x00\x03a\
pp\x01\x03\x00\x00\x00\x0c\x81\xeaR\xa8T/R\xa8\
n8b\x0f\x08\x00\x00\x00\x00\x06\x00\x00\x00\x0fAu\
to Start Game\x07\x00\x00\
\x00\x03app\x01\x03\x00\x00\x00\x18z\x0b^\x8fT\
/R\xa8e\xf6P\x19\x81\xeaR\xa8T/R\xa8n\
8b\x0f\x08\x00\x00\x00\x00\x06\x00\x00\x00\x1fAut\
o Start Game Whe\
n App Starts\x07\x00\x00\x00\
\x03app\x01\x03\x00\x00\x00\x1e\x81\xeaR\xa8T/\
R\xa8\x00 \x00{\x00a\x00p\x00p\x00_\x00n\
\x00a\x00m\x00e\x00}\x08\x00\x00\x00\x00\x06\x00\x00\
\x00\x15Auto Start {ap\
p_name}\x07\x00\x00\x00\x03app\x01\
\x03\x00\x00\x00\x08\x81\xeaR\xa8f\xf4e\xb0\x08\x00\x00\
\x00\x00\x06\x00\x00\x00\x0bAuto Upda\
te\x07\x00\x00\x00\x03app\x01\x03\x00\x00\x00\x18\
u1N\x8en8b\x0f\x90\x00Q\xfa\x00,\x00 \
\x81\xeaR\xa8Qs\x95\xed\x08\x00\x00\x00\x00\x06\x00\x00\
\x00\x1dAuto exit beca\
use game exited\x07\
\x00\x00\x00\x03app\x01\x03\x00\x00\x00\x14\x81\xeaR\
\xa8f\xf4e\xb0\xff\x08\x98\x84S\xd1^\x03rH\xff\
\x09\x08\x00\x00\x00\x00\x06\x00\x00\x00\x1eAutom\
atic Update (Pre\
-release)\x07\x00\x00\x00\x03ap\
p\x01\x03\x00\x00\x00\x14\x81\xeaR\xa8f\xf4e\xb0\xff\
\x08N\xc5kc_\x0frH\xff\x09\x08\x00\x00\x00\x00\
\x06\x00\x00\x00\x1eAutomatic U\
pdate(Release On\
ly)\x07\x00\x00\x00\x03app\x01\x03\x00\x00\x00\
\x08W\xfag,\x8b\xbe\x7fn\x08\x00\x00\x00\x00\x06\x00\
\x00\x00\x0dBasic Options\
\x07\x00\x00\x00\x03app\x01\x03\x00\x00\x00\x06mK\
\x8b\xd5rH\x08\x00\x00\x00\x00\x06\x00\x00\x00\x0cBe\
ta Version\x07\x00\x00\x00\x03a\
pp\x01\x03\x00\x00\x00\x04j!|\xca\x08\x00\x00\x00\
\x00\x06\x00\x00\x00\x04Blur\x07\x00\x00\x00\x03a\
pp\x01\x03\x00\x00\x00\x08\x90nc!{\x97l\xd5\
\x08\x00\x00\x00\x00\x06\x00\x00\x00\x0eBlur A\
lgorithm\x07\x00\x00\x00\x03app\
\x01\x03\x00\x00\x006j!|\xcan8b\x0f\x00 \
\x00U\x00I\x00D\x00 {IV\xfa[\x9aQ\x85\
[\xb9N\xe5^\xf6\x95\x7f\x00 \x00O\x00L\x00E\
\x00D\x00 \x5cO^U[\xffT}\x08\x00\x00\x00\
\x00\x06\x00\x00\x00&Blur Game \
UID etc to enhan\
ce OLED life\x07\x00\x00\x00\
\x03app\x01\x03\x00\x00\x00\x0c\x90nc!h\xc0\
g\xe5\x95\xf4\x96\x94\x08\x00\x00\x00\x00\x06\x00\x00\x00\x0d\
Blur Interval\x07\x00\x00\
\x00\x03app\x01\x03\x00\x00\x00\x1ee\xe0l\xd5b\
~R0\x00p\x00y\x00t\x00h\x00o\x00n\x00\
 \x00v\x00e\x00n\x00v\x08\x00\x00\x00\x00\x06\x00\
\x00\x00\x16Can't find py\
thon venv\x07\x00\x00\x00\x03ap\
p\x01\x03\x00\x00\x00\x04S\xd6m\x88\x08\x00\x00\x00\x00\
\x06\x00\x00\x00\x06Cancel\x07\x00\x00\x00\x03\
app\x01\x03\x00\x00\x00\x08b*V\xfe^'s\
\x87\x08\x00\x00\x00\x00\x06\x00\x00\x00\x12Captu\
re Frame Rate\x07\x00\x00\
\x00\x03app\x01\x03\x00\x00\x00\x08b*V\xfe^\
\xf6\x8f\xdf\x08\x00\x00\x00\x00\x06\x00\x00\x00\x0fCap\
ture Latency\x07\x00\x00\x00\
\x03app\x01\x03\x00\x00\x00\x04V\xfdQ\x85\x08\x00\
\x00\x00\x00\x06\x00\x00\x00\x05China\x07\x00\x00\
\x00\x03app\x01\x03\x00\x00\x00\x18\x90\x09b\xe9T\
/R\xa8Vh[\x89\x88\xc5f\xf4e\xb0v\x84e\
\xb9_\x0f\x08\x00\x00\x00\x00\x06\x00\x00\x00(Cho\
ose how the laun\
cher installs up\
dates\x07\x00\x00\x00\x03app\x01\x03\x00\
\x00\x00\x0e\x91M\x7fn^\x94u(T/R\xa8V\
h\x08\x00\x00\x00\x00\x06\x00\x00\x00\x1aConfi\
gure the app lau\
ncher\x07\x00\x00\x00\x03app\x01\x03\x00\
\x00\x00\x04xn\x8b\xa4\x08\x00\x00\x00\x00\x06\x00\x00\x00\
\x07Confirm\x07\x00\x00\x00\x03app\
\x01\x03\x00\x00\x00\x12R\x1b^\xfa\x00v\x00e\x00n\
\x00vY1\x8d%\x00.\x08\x00\x00\x00\x00\x06\x00\x00\
\x00\x13Create venv fa\
iled.\x07\x00\x00\x00\x03app\x01\x03\x00\
\x00\x00\x0cR \x96dO\x9d\x8dVb\x10R\x9f\x08\
\x00\x00\x00\x00\x06\x00\x00\x00\x1cDelete \
dependencies suc\
cess!\x07\x00\x00\x00\x03app\x01\x03\x00\
\x00\x00\x04\x8b\xcae\xad\x08\x00\x00\x00\x00\x06\x00\x00\x00\
\x09Diagnosis\x07\x00\x00\x00\x03a\
pp\x01\x03\x00\x00\x00\x0cT/u(j!|\xca\
\x90nc!\x08\x00\x00\x00\x00\x06\x00\x00\x00\x0bEn\
able Blur\x07\x00\x00\x00\x03ap\
p\x01\x03\x00\x00\x00\x04\x95\x19\x8b\xef\x08\x00\x00\x00\x00\
\x06\x00\x00\x00\x05Error\x07\x00\x00\x00\x03a\
pp\x01\x03\x00\x00\x00\x0a[\x8cb\x10T\x0e\x90\x00\
Q\xfa\x08\x00\x00\x00\x00\x06\x00\x00\x00\x0fExit\
 After Task\x07\x00\x00\x00\x03\
app\x01\x03\x00\x00\x00\x1an8b\x0f\x90\x00Q\
\xfae\xf6\x00,\x00 \x81\xeaR\xa8\x90\x00Q\xfa^\
\x94u(\x08\x00\x00\x00\x00\x06\x00\x00\x00\x18Exi\
t App when Game \
Exits\x07\x00\x00\x00\x03app\x01\x03\x00\
\x00\x00\x22u1N\x8en8b\x0f]\xf2~\xcf\x90\
\x00Q\xfa\x00,\x00 ^\x94u(\x81\xeaR\xa8\x90\
\x00Q\xfa\xff\x01\x08\x00\x00\x00\x00\x06\x00\x00\x00\x18E\
xit because game\
 exited\x07\x00\x00\x00\x03app\x01\
\x03\x00\x00\x00\x1a[\x8cb\x10N\xfbR\xa1T\x0e\x90\
\x00Q\xfan8b\x0fT\x8c\x00A\x00p\x00p\x08\
\x00\x00\x00\x00\x06\x00\x00\x00?Exit th\
e Game and the A\
pp after Success\
fully Executing \
the Task\x07\x00\x00\x00\x03app\
\x01\x03\x00\x00\x00\x0e\x8f\xd0\x88L~\xd3g_T\x0e\
\x90\x00Q\xfa\x08\x00\x00\x00\x00\x06\x00\x00\x00\x14Ex\
it_After_Executi\
on\x07\x00\x00\x00\x03app\x01\x03\x00\x00\x00\x12\
\x8b\xfbS\xd6rHg,R\x17\x88hY1\x8d%\
\x00!\x08\x00\x00\x00\x00\x06\x00\x00\x00 Fetc\
h remote version\
 list error!\x07\x00\x00\x00\
\x03app\x01\x03\x00\x00\x00\x06`;^'ep\
\x08\x00\x00\x00\x00\x06\x00\x00\x00\x0bFrame \
Count\x07\x00\x00\x00\x03app\x01\x03\x00\
\x00\x00\x0az\x97S\xe3R\x06\x8f\xa8s\x87\x08\x00\x00\
\x00\x00\x06\x00\x00\x00\x0fGame Reso\
lution\x07\x00\x00\x00\x03app\x01\x03\
\x00\x00\x00\x08n8b\x0fX\xf0\x97\xf3\x08\x00\x00\x00\
\x00\x06\x00\x00\x00\x0aGame Sound\
\x07\x00\x00\x00\x03app\x01\x03\x00\x00\x00\x04mw\
Y\x16\x08\x00\x00\x00\x00\x06\x00\x00\x00\x06Glob\
al\x07\x00\x00\x00\x03app\x01\x03\x00\x00\x00\x06\
_\xebcw\x95.\x08\x00\x00\x00\x00\x06\x00\x00\x00\x06\
HotKey\x07\x00\x00\x00\x03app\x01\x03\
\x00\x00\x00(X\x9eR\xa0\x95\xf4\x96\x94N\xe5\x96M\
ON\x00C\x00P\x00U\x00/\x00G\x00P\x00U\
m\x88\x80\x17\x00(k\xeby\xd2\x00)\x08\x00\x00\x00\
\x00\x06\x00\x00\x00JIncrease D\
elay between Tri\
gger Tasks to Re\
duce CPU/GPU Usa\
ge(Milliseconds)\
\x07\x00\x00\x00\x03app\x01\x03\x00\x00\x00\x04O\xe1\
`o\x08\x00\x00\x00\x00\x06\x00\x00\x00\x04Info\
\x07\x00\x00\x00\x03app\x01\x03\x00\x00\x00\x08Q\x85\
[\xb9XkQE\x08\x00\x00\x00\x00\x06\x00\x00\x00\x07\
Inpaint\x07\x00\x00\x00\x03app\x01\
\x03\x00\x00\x006[\x89\x88\xc5O\x9d\x8dVY1\x8d\
%\x00,\x00 \x8b\xf7\x5c\x1d\x8b\xd5f\xf4cbf\
\xf4e\xb0n\x90\x00,\x00 b\x16\x91\xcde\xb0N\
\x0b\x8f}[\x8cetrH\x00!\x08\x00\x00\x00\x00\
\x06\x00\x00\x00]Install dep\
endencies failed\
, try changing t\
he update source\
, or re-download\
 the full versio\
n!\x07\x00\x00\x00\x03app\x01\x03\x00\x00\x006\
[\x89\x88\xc5v\xee_U\x00{\x00p\x00a\x00t\
\x00h\x00}_\xc5\x98{f/\x82\xf1e\x87v\xee\
_U\xff\x0c\x8b\xf7y\xfbR\xa8R0\x82\xf1e\x87\
v\xee_U0\x02\x08\x00\x00\x00\x00\x06\x00\x00\x00A\
Install dir {pat\
h} must be an En\
glish path, move\
 to another path\
.\x07\x00\x00\x00\x03app\x01\x03\x00\x00\x00\x10T\
/R\xa8T\x0eQs\x95\xedT/R\xa8Vh\x08\
\x00\x00\x00\x00\x06\x00\x00\x00\x19Kill La\
uncher After Sta\
rt\x07\x00\x00\x00\x03app\x01\x03\x00\x00\x00\x10\
O\x7fu(\x00D\x00X\x001\x001T/R\xa8\
\x08\x00\x00\x00\x00\x06\x00\x00\x00\x10Launch\
 with DX11\x07\x00\x00\x00\x03a\
pp\x01\x03\x00\x00\x00\x06T/R\xa8Vh\x08\x00\
\x00\x00\x00\x06\x00\x00\x00\x08Launcher\
\x07\x00\x00\x00\x03app\x01\x03\x00\x00\x00\x08bK\
R\xa8f\xf4e\xb0\x08\x00\x00\x00\x00\x06\x00\x00\x00\x0d\
Manual Update\x07\x00\x00\
\x00\x03app\x01\x03\x00\x00\x00\x04Q\x85[X\x08\
\x00\x00\x00\x00\x06\x00\x00\x00\x06Memory\x07\
\x00\x00\x00\x03app\x01\x03\x00\x00\x00\x1au(N\
\x8e\x90nc!\x91M\x7fnS:W\xdfv\x84Y\
\x04t\x06e\xb9_\x0f\x08\x00\x00\x00\x00\x06\x00\x00\x00\
'Method used to \
obscure configur\
ed areas\x07\x00\x00\x00\x03app\
\x01\x03\x00\x00\x00\x1ep\xb9Q\xfbQs\x95\xedc\x09\
\x94\xaee\xf6g\x00\x5c\x0fS\x16R0|\xfb~\xdf\
bXv\xd8\x08\x00\x00\x00\x00\x06\x00\x00\x00+Mi\
nimize Window to\
 System Tray whe\
n Closing\x07\x00\x00\x00\x03ap\
p\x01\x03\x00\x00\x00\x10n8b\x0fW(T\x0eS\
\xf0e\xf6\x97Y\x97\xf3\x08\x00\x00\x00\x00\x06\x00\x00\x00\
\x1dMute Game while\
 in Background\x07\x00\
\x00\x00\x03app\x01\x03\x00\x00\x00\x14g\x09e\xb0\
rHg,\x00{\x00}S\xeff\xf4e\xb0\x00!\
\x08\x00\x00\x00\x00\x06\x00\x00\x00\x18New Ve\
rsion {} Availab\
le\x07\x00\x00\x00\x03app\x01\x03\x00\x00\x00\x02\
T&\x08\x00\x00\x00\x00\x06\x00\x00\x00\x02No\x07\x00\
\x00\x00\x03app\x01\x03\x00\x00\x00\x02e\xe0\x08\x00\
\x00\x00\x00\x06\x00\x00\x00\x04None\x07\x00\x00\x00\
\x03app\x01\x03\x00\x00\x00\x0ce\x87[W\x8b\xc6\
R+^\xf6\x8f\xdf\x08\x00\x00\x00\x00\x06\x00\x00\x00\x0b\
OCR Latency\x07\x00\x00\x00\x03\
app\x01\x03\x00\x00\x00\x0abS_\x00T/R\
\xa8Vh\x08\x00\x00\x00\x00\x06\x00\x00\x00\x0dOpe\
n Launcher\x07\x00\x00\x00\x03a\
pp\x01\x03\x00\x00\x00\x18bS_\x00^\x94u(\
T/R\xa8VhN\xe5{\xa1t\x06f\xf4e\xb0\
\x08\x00\x00\x00\x00\x06\x00\x00\x00'Open t\
he app launcher \
to manage update\
s\x07\x00\x00\x00\x03app\x01\x03\x00\x00\x00\x04d\
\xcdO\x5c\x08\x00\x00\x00\x00\x06\x00\x00\x00\x09Ope\
ration\x07\x00\x00\x00\x03app\x01\x03\
\x00\x00\x00\x16]\xf2f\x82P\x5c\xff\x1an8b\x0f\
]\xf2~\xcf\x90\x00Q\xfa\xff\x01\x08\x00\x00\x00\x00\x06\
\x00\x00\x00\x1aPaused becau\
se game exited\x07\x00\
\x00\x00\x03app\x01\x03\x00\x00\x00(]\xf2f\x82\
P\x5c\xff\x1an8b\x0fz\x97S\xe3g\x00\x5c\x0f\
S\x16b\x16\x80\x05\x90\xe8R\x06W(\x5cO^U\
Y\x16\xff\x01\x08\x00\x00\x00\x00\x06\x00\x00\x009Pa\
used because gam\
e window is mini\
mized or out of \
screen!\x07\x00\x00\x00\x03app\x01\
\x03\x00\x00\x00\x08`'\x80\xfdmK\x8b\xd5\x08\x00\x00\
\x00\x00\x06\x00\x00\x00\x10Performan\
ce Test\x07\x00\x00\x00\x03app\x01\
\x03\x00\x00\x00F\x8b\xf7W(\x00M\x00u\x00M\x00\
Uj!b\xdfVh\x00[\x8b\xbe\x7fn\x00]\x00\
-\x00>\x00[QvN\xd6\x8b\xbe\x7fn\x00]N\
-Qs\x95\xed\x00[T\x0eS\xf0c\x02g:e\
\xf6O\xddm;\x8f\xd0\x88L\x00]\x08\x00\x00\x00\x00\
\x06\x00\x00\x00CPlease turn\
 off enable back\
ground keep aliv\
e in MuMuPlayer \
settings\x07\x00\x00\x00\x03app\
\x01\x03\x00\x00\x00\x08Y\x04t\x06^'s\x87\x08\x00\
\x00\x00\x00\x06\x00\x00\x00\x12Process \
Frame Rate\x07\x00\x00\x00\x03a\
pp\x01\x03\x00\x00\x00\x1cY\x04t\x06T\x0e\x90n\
c!\x5cBv\x84f\xf4e\xb0\x95\xf4\x96\x94\xff\x08\
y\xd2\xff\x09\x08\x00\x00\x00\x00\x06\x00\x00\x00)Se\
conds between pr\
ocessed overlay \
updates\x07\x00\x00\x00\x03app\x01\
\x03\x00\x00\x00\x06z3[\x9arH\x08\x00\x00\x00\x00\
\x06\x00\x00\x00\x0eStable Vers\
ion\x07\x00\x00\x00\x03app\x01\x03\x00\x00\x00\
\x0eT/R\xa8z\x0b^\x8f_\x02^8\x00:\x08\
\x00\x00\x00\x00\x06\x00\x00\x00\x14Start A\
pp Exception:\x07\x00\x00\
\x00\x03app\x01\x03\x00\x00\x00\x0c_\x00Y\xcbN\
\x0b\x8f}O\x9d\x8dV\x08\x00\x00\x00\x00\x06\x00\x00\x00\
\x11Start downloadi\
ng\x07\x00\x00\x00\x03app\x01\x03\x00\x00\x00\x18\
v{_Ue\xf6\x81\xeaR\xa8T/R\xa8^\x94\
u(T/R\xa8Vh\x08\x00\x00\x00\x00\x06\x00\x00\
\x001Start the laun\
cher automatical\
ly when you sign\
 in\x07\x00\x00\x00\x03app\x01\x03\x00\x00\x00\
\x0a_\x00Y\xcb\x00/P\x5ckb\x08\x00\x00\x00\x00\
\x06\x00\x00\x00\x0aStart/Stop\x07\
\x00\x00\x00\x03app\x01\x03\x00\x00\x00\x06]\xf2P\
\x5ckb\x08\x00\x00\x00\x00\x06\x00\x00\x00\x07Sto\
pped\x07\x00\x00\x00\x03app\x01\x03\x00\x00\
\x00&b\x10R\x9fbg\x88LN\xfbR\xa1\x00,\
\x00 kcW(\x90\x00Q\xfan8b\x0fT\x8c\
\x00A\x00p\x00p\x00!\x08\x00\x00\x00\x00\x06\x00\x00\
\x001Successfully E\
xecuted Task, Ex\
iting Game and A\
pp!\x07\x00\x00\x00\x03app\x01\x03\x00\x00\x00\
$R\x07cbN\x0dT\x0cv\x84\x00 \x00W\x00\
i\x00n\x00d\x00o\x00w\x00s\x00 b*V\
\xfee\xb9_\x0f\x08\x00\x00\x00\x00\x06\x00\x00\x000S\
witch between di\
fferent Windows \
capture methods\x07\
\x00\x00\x00\x03app\x01\x03\x00\x00\x00\x16v\xeeh\
\x07z\x97S\xe3o\xc0m;\xff\x1a`bY\x0d_\
UR6\x08\x00\x00\x00\x00\x06\x00\x00\x00'Tar\
get window activ\
e: Recording res\
umed\x07\x00\x00\x00\x03app\x01\x03\x00\x00\
\x00\x18v\xeeh\x07z\x97S\xe3\x97^o\xc0m;\
\xff\x1af\x82P\x5c_UR6\x08\x00\x00\x00\x00\x06\
\x00\x00\x00(Target windo\
w inactive: Reco\
rding paused\x07\x00\x00\x00\
\x03app\x01\x03\x00\x00\x00\x0ce\x87[W\x8b\xc6\
R+~\xd3g\x9c\x08\x00\x00\x00\x00\x06\x00\x00\x00\x05\
Texts\x07\x00\x00\x00\x03app\x01\x03\x00\
\x00\x00\x14_SRMrHg,\x00{\x00}_\
\xc5\x98{f\xf4e\xb0\x08\x00\x00\x00\x00\x06\x00\x00\x00\
&The current ver\
sion {} must be \
updated\x07\x00\x00\x00\x03app\x01\
\x03\x00\x00\x00\x0a\x89\xe6S\xd1Vh\x95\xf4\x96\x94\x08\
\x00\x00\x00\x00\x06\x00\x00\x00\x10Trigger\
 Interval\x07\x00\x00\x00\x03ap\
p\x01\x03\x00\x00\x00\x0af\xf4e\xb0Q\x85[\xb9\x00\
:\x08\x00\x00\x00\x00\x06\x00\x00\x00\x08Updat\
es:\x07\x00\x00\x00\x03app\x01\x03\x00\x00\x00\
\x14O\x7fu(\x00D\x00i\x00r\x00e\x00c\x00\
t\x00M\x00L\x08\x00\x00\x00\x00\x06\x00\x00\x00\x0cU\
se DirectML\x07\x00\x00\x00\x03\
app\x01\x03\x00\x00\x000Y\x82g\x9cO`g\
\x09N\x00N*f>[X\x8f\x83Y'v\x84f\
>Sa\x00,\x00 S\xefN\xe5\x90\x09f/g\
ee9U\x84`'\x80\xfd\x08\x00\x00\x00\x00\x06\x00\
\x00\x00\x1eUse GPU to Im\
prove Performanc\
e\x07\x00\x00\x00\x03app\x01\x03\x00\x00\x00\x08z\
\x97S\xe3\x8b\xbe\x7fn\x08\x00\x00\x00\x00\x06\x00\x00\x00\
\x0dWindow Config\x07\x00\
\x00\x00\x03app\x01\x03\x00\x00\x00\x18\x00W\x00i\
\x00n\x00d\x00o\x00w\x00s\x00 b*V\xfe\
e\xb9_\x0f\x08\x00\x00\x00\x00\x06\x00\x00\x00\x0fWi\
ndows Capture\x07\x00\x00\
\x00\x03app\x01\x03\x00\x00\x00\x02f/\x08\x00\x00\
\x00\x00\x06\x00\x00\x00\x03Yes\x07\x00\x00\x00\x03a\
pp\x01\x03\x00\x00\x00\x0c\x00{\x00}\x00 T/\
R\xa8Vh\x08\x00\x00\x00\x00\x06\x00\x00\x00\x0b{}\
 Launcher\x07\x00\x00\x00\x03ap\
p\x01\
\x00\x00\xc8c\
<\
\xb8d\x18\xca\xef\x9c\x95\xcd!\x1c\xbf`\xa1\xbd\xdd\xa7\
\x00\x00\x00\x05ja_JPB\x00\x00\x13\xf0\x00\x00\
\x05;\x00\x00\x09y\x00\x00\x05;\x00\x00!\x87\x00\x00\
\x05;\x00\x00\x92\x85\x00\x00\x05C\x00\x00\x86\x86\x00\x00\
\x05O\x00\x00E\x86\x00\x00\x05O\x00\x00\xab\x0e\x00\x00\
\x07\xb2\x00\x00=>\x00\x005\xa8\x00\x00\x0b\x97\x00\x00\
5\xa8\x00\x00SL\x00\x00E\x82\x00\x00\x18i\x00\x00\
G\xa4\x00\x00\x06\x1f\x00\x00G\xa4\x00\x00P\x16\x00\x00\
Ih\x00\x00\x18\xf7\x00\x00Ja\x00\x00F\x19\x00\x00\
Q\xc9\x00\x00\x1f\xea\x00\x00S\x82\x00\x00!^\x00\x00\
V\xfe\x00\x00H\x8b\x00\x00Y\xbe\x00\x00$N\x00\x00\
[\xb3\x00\x00g\xf5\x00\x00_\xc3\x00\x00E\xb7\x00\x00\
_\xc3\x00\x00\xb3\xfd\x00\x00hp\x00\x00Y\xe1\x00\x00\
ih\x00\x00,\x18\x00\x00u\xa2\x00\x009\xb7\x00\x04\
<4\x00\x00\x92=\x00\x04\x8c\xaf\x00\x00\x9co\x00\x04\
\x93\xc2\x00\x00\x9f6\x00\x04\x98,\x00\x00\x12\xb4\x00\x04\
\x9c\xb9\x00\x00f:\x00\x04\xa8\x8b\x00\x00\x07`\x00\x04\
\xa8\x8b\x00\x00l\xe3\x00\x04\xa9\x03\x00\x00\x0d\xc0\x00\x04\
\xa9\x03\x00\x00T\xe5\x00\x04\xb8w\x00\x00G\xc3\x00\x04\
\xbb\x04\x00\x00QT\x00\x04\xbb\x04\x00\x00\x8a\xbe\x00\x04\
\xcf\x04\x00\x00J\x9f\x00\x04\xd0%\x00\x00\x1dQ\x00\x04\
\xec0\x00\x00m\xba\x00\x04\xf6\xc2\x00\x00\x0d\xf3\x00\x04\
\xf6\xc2\x00\x00U\x18\x00\x05\x04\xcf\x00\x00J\xc6\x00\x05\
\x04\xcf\x00\x00Y\x5c\x00\x05\x04\xcf\x00\x00\x8d\x9b\x00\x05\
\x04\xcf\x00\x00\x99\x16\x00\x05\x04\xcf\x00\x00\xa6\xbc\x00\x05\
VE\x00\x00\xab.\x00\x05d\x95\x00\x00\x0f&\x00\x05\
d\x95\x00\x00V\x80\x00\x05d\x95\x00\x00b\xe0\x00\x05\
\x98\xc5\x00\x00$u\x00\x05\x98\xc5\x00\x00\x93\xa7\x00\x05\
\xab`\x00\x00&\xd0\x00\x05\xab`\x00\x00\x89\xb9\x00\x05\
\xab`\x00\x00\x8b\xea\x00\x06\x87\x9b\x00\x00+\xec\x00\x06\
\xd0D\x00\x000\xd4\x00\x07F\xc5\x00\x008\xc2\x00\x0a\
\xf2\xce\x00\x00hB\x00\x0bN\x8e\x00\x00\x7fq\x00\x16\
\xad\x8d\x00\x00\x16\xa1\x00\x18Y\x81\x00\x00~\xa6\x00\x18\
\xed\xf2\x00\x00\xa1\xc1\x00&\x9ed\x00\x004\xd3\x00+\
d\x91\x00\x00q\x8e\x00=G\xa5\x00\x00nw\x00=\
\xfa\x15\x00\x00\x08\xab\x00C\x00\xa7\x00\x00w\xfe\x00D\
'\xc5\x00\x008\xee\x00G\x96\xc4\x00\x00I\xb5\x00G\
\x96\xc4\x00\x00k\x10\x00H,\x94\x00\x00\x9af\x00I\
\xf0A\x00\x00\xa1.\x00J+\x82\x00\x00Gq\x00J\
6\x95\x00\x00G\x9a\x00J6\x95\x00\x00\x8d\x18\x00J\
d\x95\x00\x002\xa1\x00J\x809\x00\x00\x0d\x8a\x00J\
\x809\x00\x00T\xaf\x00J\x809\x00\x00a\x87\x00J\
\xb9\xb7\x00\x00JI\x00J\xb9\xb7\x00\x00\x84'\x00J\
\xb9\xb7\x00\x00\x98\x18\x00L\x99b\x00\x00Ju\x00L\
\x99b\x00\x00[Q\x00L\x99b\x00\x00\x88E\x00L\
\x99b\x00\x00\xa3\x1d\x00N\xbf\xa5\x00\x00\x1e\x08\x00O\
l\x93\x00\x00\x0e(\x00Ol\x93\x00\x00UM\x00R\
\xfd\xf4\x00\x00\x07\x8e\x00R\xfd\xf4\x00\x00n\x0e\x00T\
l\x95\x00\x00 \xab\x00V\x80\x04\x00\x00\xa6\xdc\x00V\
\x8c\x95\x00\x00H`\x00V\x8c\x95\x00\x00qc\x00V\
\x8c\x95\x00\x00\x899\x00V\x8c\x95\x00\x00\x8b<\x00V\
\xae\xc2\x00\x00\x22E\x00X\xb7\xb9\x00\x00c\x0e\x00Y\
\xe8\x85\x00\x00Ft\x00Z\x8a#\x00\x00L\xe3\x00Z\
\xa8\x94\x00\x00rh\x00Z\xa8\x94\x00\x00\x89\x90\x00Z\
\xa8\x94\x00\x00\x8b\xc4\x00Z\xcf\xb3\x00\x00\xb1\xf6\x00Z\
\xec5\x00\x00\x07\xbd\x00\x5cV\xfe\x00\x00H\xd8\x00\x5c\
\x83\xb5\x00\x00Y\xb7\x00\x5c\x83\xb5\x00\x00\x8e\x18\x00i\
2\xb4\x00\x00/\x10\x00j/\x9b\x00\x00-\xf7\x00v\
vN\x00\x00'\xc0\x00v\x8c\x95\x00\x00:$\x00z\
+\xc0\x00\x00<\x11\x00z\xe0e\x00\x00<\xc5\x00}\
\x9e\x01\x00\x00w`\x00\x81(i\x00\x00d|\x00\x85\
7\xe7\x00\x00EM\x00\x8d\x9c\x0e\x00\x00h\xb0\x00\x97\
\x96\x04\x00\x00a\xe6\x00\x97\x96\x04\x00\x00\x8a\x95\x00\xaf\
\x88w\x00\x00\x01\x99\x00\xc0\xb8\x84\x00\x001\xe0\x00\xcd\
&\x11\x00\x00\x00A\x01\x10\xaa^\x00\x00L\xac\x01!\
\xadg\x00\x00]T\x01*\xd0\x97\x00\x00\x0a#\x01*\
\xd0\x97\x00\x00?\xbf\x01*\xd0\x97\x00\x00?\xfe\x01*\
\xd0\x97\x00\x00\x8bf\x016$q\x00\x00\x80\xbf\x01<\
\xdf5\x00\x00\xb3%\x01?\xf9>\x00\x00\xa2,\x01@\
\x1dG\x00\x00I3\x01C`n\x00\x00%\x0d\x01L\
\x05#\x00\x00\x97\x8d\x01c\xaa\x09\x00\x00\x10\xe6\x01c\
\xaa\x09\x00\x00X\x92\x01d\xa2o\x00\x00)\xef\x01t\
#\xfd\x00\x00\x93\xfc\x01\x80\xad\x22\x00\x00q#\x01\x80\
\xad\x22\x00\x00\x85\xe2\x01\xaa\xde>\x00\x00\xa7\xde\x01\xb8\
\x13D\x00\x00\x18\x15\x01\xc1\xf0\x05\x00\x00`|\x01\xca\
E\x8f\x00\x00\x06\xb3\x01\xcaE\x8f\x00\x00\x8e\xa6\x01\xd4\
VT\x00\x00\xacB\x01\xd7k\xaa\x00\x00\xae\xd7\x01\xe7\
\xf5T\x00\x00l~\x01\xfb0\xd4\x00\x00\x84\xc9\x02\x06\
F5\x00\x00<\x81\x02\x0b\x08\x8e\x00\x00MA\x02\x19\
\xde;\x00\x00Z\x0f\x021\xe1\x8e\x00\x00A~\x024\
\xfb\xbe\x00\x00\x1e\xb1\x028s\xd2\x00\x00,C\x028\
\xd4R\x00\x00\xa2\xec\x02;\xe2\x87\x00\x00\x9a\xe2\x02C\
\x04~\x00\x00(\xbd\x02l\x99\x03\x00\x00\xaeF\x02q\
6u\x00\x00\x9c\xdc\x02v\xb8\x09\x00\x00gx\x02\xad\
pR\x00\x00O\x99\x02\xd9@\xf9\x00\x00\xabN\x02\xdc\
 Q\x00\x00\xa4\xd6\x02\xe7 \xf5\x00\x00\x07#\x02\xe7\
 \xf5\x00\x00\x19\x8c\x02\xe7 \xf5\x00\x00\x8fA\x03\x00\
(\x14\x00\x00\xb1\x11\x03\x09\xa2\x9e\x00\x00(d\x03\x15\
*u\x00\x00\x1d\x11\x03%\xdek\x00\x00]\xb4\x03C\
L9\x00\x00\x1d}\x03K\xef\xe5\x00\x00;\x04\x03O\
\x17\x85\x00\x00>\x18\x03P\xba\x9e\x00\x00J\xed\x03S\
\xb0\xcb\x00\x00\x0c\xae\x03W\xb0\x17\x00\x00\x82\x1f\x03X\
\x11u\x00\x00lA\x03]\xe0\x17\x00\x00 \x11\x03d\
\xa1\xce\x00\x00G\xed\x03v\xe01\x00\x00xJ\x03\x8d\
\x17\xe3\x00\x00\x85'\x03\x9d\xfdE\x00\x00i\xa9\x03\xc5\
\xefz\x00\x00\x19R\x03\xcc\xfa\xa3\x00\x00\x02a\x03\xcd\
G\xa5\x00\x002\xd9\x03\xee\xf3\xfa\x00\x00$\xd3\x04\x14\
S\xf5\x00\x00\x13^\x04\x1b\xf0d\x00\x00\xad%\x04(\
U\xc4\x00\x00\xb1\x80\x04K+\x03\x00\x00PB\x04L\
\xedM\x00\x00\x99\xfe\x04d`5\x00\x007\xed\x04e\
\xafi\x00\x00\x0e\x93\x04e\xafi\x00\x00VH\x04e\
\xafi\x00\x00by\x04lu\x90\x00\x00Q\xe2\x04r\
\x80\xd4\x00\x00Y,\x04r\x80\xd4\x00\x00\x8d?\x04r\
\xd0\x03\x00\x00M\x0d\x04\x87p\xc8\x00\x002<\x04\x8f\
\x07Y\x00\x00f\x96\x04\x90\x894\x00\x00e\x1e\x04\x94\
\xa8\x84\x00\x00x\xda\x04\x98I\xbc\x00\x00\x06L\x04\x98\
I\xbc\x00\x00\x08|\x04\x98I\xbc\x00\x00\x0a\x5c\x04\x98\
I\xbc\x00\x00\x0c:\x04\x98I\xbc\x00\x00\x11@\x04\x98\
I\xbc\x00\x00\x19\x22\x04\x98I\xbc\x00\x00@<\x04\x98\
I\xbc\x00\x00A\x13\x04\x98I\xbc\x00\x00P\x8c\x04\x98\
I\xbc\x00\x00S\xef\x04\x98I\xbc\x00\x00Zy\x04\x98\
I\xbc\x00\x00\x8e;\x04\x98I\xbc\x00\x00\x8f\x11\x04\x98\
I\xbc\x00\x00\xa0\x8f\x04\x99n\x95\x00\x00D6\x04\xa0\
\xb2*\x00\x00&{\x04\xa1L\x85\x00\x00&1\x04\xa2\
\xcb\xd7\x00\x00k8\x04\xa8\xb8\xa5\x00\x00\x0cw\x04\xac\
,\xa5\x00\x00Z\xe8\x04\xac,\xa5\x00\x00a\xb6\x04\xac\
,\xa5\x00\x00\x8a:\x04\xac,\xa5\x00\x00\x8fy\x04\xac\
\xab]\x00\x00\x0d\x07\x04\xac\xab]\x00\x00T,\x04\xac\
\xab]\x00\x00aS\x04\xc2\x8f\xa2\x00\x00\x84\xf6\x04\xc4\
y%\x00\x00\x8c\xb2\x04\xcfv\x94\x00\x00\x1b\xf9\x04\xd1\
\x1fR\x00\x00\x86!\x04\xd5P\xa4\x00\x004\x9b\x04\xd5\
Z\xc4\x00\x005a\x04\xd5n\xc4\x00\x005\xd4\x04\xe0\
\x8f\xb2\x00\x00FE\x04\xe3X|\x00\x00\xa5\xc6\x04\xe6\
\xf1\xdf\x00\x00\x96\x92\x04\xedY\xc4\x00\x00\x15\xeb\x04\xf4\
\x18N\x00\x00'#\x04\xf6\x91\xc9\x00\x00\xa5\xee\x04\xfa\
\x12\xa3\x00\x00\xa9\x95\x05\x14\x8d9\x00\x00OK\x05\x17\
60\x00\x00 \xd6\x05\x1d\xcf\x09\x00\x00\x9e\x85\x05\x22\
?\xe9\x00\x00n\xbf\x05#k\x81\x00\x00\x87\x97\x05(\
J\xd3\x00\x00GA\x051\x10\xbe\x00\x00;\x89\x056\
\x8ay\x00\x00\xa0\xf9\x058\x92\xc0\x00\x00\x91,\x05<\
F\x99\x00\x00\xa9q\x05@\x5c\xa5\x00\x00\x0e^\x05@\
\x5c\xa5\x00\x00U\x83\x05B\xdd\xac\x00\x00\xb2\xeb\x05E\
\xaf\xd9\x00\x00Q\x81\x05E\xaf\xd9\x00\x00R\xd4\x05E\
\xaf\xd9\x00\x00U\xb8\x05E\xaf\xd9\x00\x00bI\x05K\
\xe0\xd4\x00\x00\x83\xf9\x05_/R\x00\x005#\x05f\
j\xa7\x00\x00\xaf\x13\x05o/\xe3\x00\x00\x5c&\x05v\
*I\x00\x00W>\x05\x80W\xc4\x00\x00j\xa8\x05\x8b\
\xa6\x84\x00\x00\x22\xe4\x05\x8cF\xc5\x00\x00R\x12\x05\x8c\
\xac5\x00\x00H\xb0\x05\x8c\xac5\x00\x00\x89f\x05\x8c\
\xac5\x00\x00\x8b\x9d\x05\x8ec\xb5\x00\x00\x9d\xb5\x05\x93\
\xca\x17\x00\x00g3\x05\x9a\x90t\x00\x00LR\x05\x9c\
}.\x00\x00\x94\xf2\x05\xa6\xecX\x00\x000\xfc\x05\xaa\
\x8b\xc3\x00\x00ct\x05\xac\xdcQ\x00\x00\x04\xbe\x05\xb4\
\x98\xde\x00\x00\x22p\x05\xbd\xf7S\x00\x003\xbd\x05\xc6\
\xa8\xa5\x00\x00NA\x05\xd4\x8fX\x00\x00.a\x05\xd6\
\x03\xff\x00\x0070\x05\xdb\xc29\x00\x00\x10\xaf\x05\xdb\
\xc29\x00\x00X[\x05\xdb\xc29\x00\x00dL\x05\xdd\
\xf9D\x00\x00\x1e3\x05\xdf\xba\xba\x00\x00\x09\x9e\x05\xe0\
Kg\x00\x00*\xfc\x05\xe7\x0c5\x00\x00n8\x06\x09\
\xcd\xf4\x00\x00|\xfe\x06#\xc0[\x00\x00<@\x06,\
\xce\xa9\x00\x00!\xad\x06.!\xe5\x00\x00<\xf4\x06.\
\x8e)\x00\x00yg\x06C\x1f\x15\x00\x00\xa9D\x06Q\
V\xe9\x00\x00\xa6\x16\x06e2`\x00\x00;\xd0\x06e\
\xa0.\x00\x00RA\x06\x80\xab\x84\x00\x00\x1ev\x06\x81\
6D\x00\x00\xaa_\x06\x95x>\x00\x00k\xde\x06\xa2\
\x1a]\x00\x00\x89\xe1\x06\xa8\xa9\xaa\x00\x00\xb2\xc1\x06\xac\
Wc\x00\x003\x7f\x06\xae\xa4>\x00\x00\x91\xa7\x06\xb0\
\xbe\xae\x00\x00\x02\x9c\x06\xb0\xbe\xae\x00\x00\xae\xab\x06\xb5\
\x04\x22\x00\x004\x10\x06\xb8\x91\xde\x00\x00%\xe6\x06\xbb\
]a\x00\x00}\xdf\x06\xc4y%\x00\x000\x0b\x06\xc9\
\xb1\x80\x00\x008\x8a\x06\xd0\xbaQ\x00\x00\xa7\x07\x06\xe3\
v\xd4\x00\x00/K\x06\xe8\xc3G\x00\x00v\xd6\x07\x02\
\x06\x83\x00\x00\xa1O\x07\x05\xe4d\x00\x00\xa54\x07\x09\
W\xa2\x00\x006J\x07\x0cHY\x00\x00\x17p\x07\x11\
\x5c$\x00\x00\x15\x86\x07\x1f\x97[\x00\x00\x1a\x8d\x074\
'\x12\x00\x00O\x11\x0773\xdb\x00\x00\xa4\x13\x07I\
o~\x00\x00\xa5c\x07P\xb3\xaa\x00\x00\x1d\xd2\x07W\
f\x07\x00\x00\x9c\x8f\x07^\xb4t\x00\x00\xa5\x96\x07h\
\x80$\x00\x00\x12\xdd\x07\x85\x93\xd1\x00\x00\x97*\x07\x9a\
\x96,\x00\x00:\xd2\x07\xa9\xbc\x84\x00\x00`\xd9\x07\xab\
\x06\x13\x00\x00a\x22\x07\xab\x08\x98\x00\x00=\xce\x07\xab\
\x1aR\x00\x00>n\x07\xb45q\x00\x00\x80\x0c\x07\xb5\
\xe2\xfb\x00\x00\x0a\xbd\x07\xb5\xe2\xfb\x00\x00\x19\xef\x07\xb7\
U\xe4\x00\x00r\xfe\x07\xdf\x0e\xf3\x00\x00\x15@\x07\xe3\
\xfd\x9b\x00\x00\x5c\xcf\x07\xe5$\xf3\x00\x00\xa2\xc7\x08\x03\
\xeft\x00\x00\x09\xc7\x08\x09\x7fd\x00\x00\x09?\x08\x0a\
br\x00\x00>\xfc\x08\x0ftN\x00\x00\xafL\x08\x18\
B%\x00\x00\xaa\xb8\x087\x99\xfd\x00\x00\x9dh\x08=\
\xe1s\x00\x00kk\x08B\xf3Q\x00\x00\xa2u\x08E\
=\x0e\x00\x00\x00\xcb\x08E=\x0e\x00\x00\x9f\x0a\x08F\
k\xe2\x00\x00\xb4\x1c\x08J\x95A\x00\x00u\x9b\x08K\
\x95\xb4\x00\x00\x82\xe9\x08N\xb2\xf5\x00\x00m\xe3\x08i\
5\xf4\x00\x00\xb2#\x08i\x8d\x8c\x00\x00+,\x08n\
\xd9n\x00\x00\x82U\x08u`l\x00\x00\xb2\x8d\x08\x81\
(\x11\x00\x00|L\x08\x89)\xf9\x00\x00N\xdc\x08\x96\
\x1e\x8c\x00\x00p0\x08\x9aE\xee\x00\x004K\x08\xa2\
\x93\xc7\x00\x00\x99\xc2\x08\xb4\xac\x0e\x00\x00sV\x08\xba\
h\xc3\x00\x00I\x8e\x08\xbd\x8c\xc8\x00\x00^\x0b\x08\xbd\
\x8c\xc8\x00\x00r\x14\x08\xc2\xb8\xc5\x00\x00K\xc0\x08\xc2\
\xb8\xc5\x00\x00\x99>\x08\xc4\x9b\xe2\x00\x00\xa9\x1a\x08\xcc\
e\x97\x00\x00\x86\xa9\x08\xce\x01\x9e\x00\x009s\x08\xd6\
t\x12\x00\x00\x86\xd6\x08\xfd\xd9#\x00\x00N\x12\x09\x06\
\xb5i\x00\x00\x95\xbf\x09\x0bI\xc9\x00\x00\x1b\x87\x09\x16\
(\xb1\x00\x00z\xb2\x09)\xe2\x83\x00\x00p\x92\x09)\
\xe2\x83\x00\x00\x85`\x09+`\xfc\x00\x00ev\x090\
\x8f%\x00\x00\x98E\x096vN\x00\x00(\x12\x09?\
h\x89\x00\x00\x0b\xcf\x09?h\x89\x00\x00S\x84\x09J\
*\xb9\x00\x00\x03e\x09Q\xd8\xce\x00\x00\x90O\x09Z\
\x7f\xad\x00\x00\x94\x96\x09\x5c\xa9e\x00\x00\x00\x00\x09`\
\x06\xb5\x00\x00\x0f\x9f\x09`\x06\xb5\x00\x00V\xb5\x09a\
~\xb5\x00\x00r\x8f\x09k\xd7]\x00\x00\x00\xfc\x09m\
\xf9T\x00\x00\x1c+\x09q\x01\xe0\x00\x00\xaf\xc5\x09\x87\
\xbc\xc5\x00\x00I\xdd\x09\x87\xbc\xc5\x00\x00pc\x09\x87\
\xbc\xc5\x00\x00\x83\x1b\x09\x88\xbd\xa3\x00\x00m\x0c\x09\x8c\
u\xff\x00\x00\x93\xcf\x09\x91\xe0\x92\x00\x006|\x09\x9c\
u\xa3\x00\x00\x17)\x09\xaa\xaa\x89\x00\x00\x93\x22\x09\xb2\
\xf0\x1e\x00\x008L\x09\xc5P\x17\x00\x00Y\x87\x09\xc5\
P\x17\x00\x00cA\x09\xc5P\x17\x00\x00r=\x09\xc5\
P\x17\x00\x00\x8d\xbf\x09\xc5\xb8\x8a\x00\x00\x9bq\x09\xd1\
\x8d\xf1\x00\x00}\x8c\x09\xd5\x1e\xb5\x00\x00\x12~\x09\xd5\
\x1e\xb5\x00\x00W\x96\x09\xd5\x1e\xb5\x00\x00c\xa4\x09\xd7\
\xa4d\x00\x00,\xf2\x09\xde\xd1\x8d\x00\x00t\x05\x09\xeb\
\xbf\xb5\x00\x00L\x1f\x09\xfd]\xb5\x00\x00\x10h\x09\xfd\
]\xb5\x00\x00X\x14\x09\xfd]\xb5\x00\x00c\xdb\x0a\x10\
d-\x00\x00\x17\xc2\x0a\x1ee\xb4\x00\x00_\x97\x0a!\
\xa6o\x00\x00\x18\x92\x0a\x22\xd2k\x00\x00:S\x0a0\
\xab\x94\x00\x00\x1cp\x0a<j+\x00\x00\x0f[\x0a=\
\x0e\x95\x00\x00Di\x0a?#\x1b\x00\x00\x11\xf9\x0a?\
#\x1b\x00\x00\x1a\xcc\x0a?#\x1b\x00\x00Z\xad\x0a?\
#\x1b\x00\x00\x8dh\x0a?j[\x00\x00\x1b\x03\x0a?\
j[\x00\x00[\x16\x0a?j[\x00\x00\x8aa\x0aZ\
\xcc\xc5\x00\x0095\x0a_\xbe\x83\x00\x001^\x0aa\
\x13>\x00\x00\x88p\x0ad\xd0\xcd\x00\x00\x06\x82\x0ad\
\xd0\xcd\x00\x00\x0a\x8f\x0ad\xd0\xcd\x00\x00\x11\xc9\x0ad\
\xd0\xcd\x00\x00@\xa9\x0ad\xd0\xcd\x00\x00AK\x0ad\
\xd0\xcd\x00\x00O\xe9\x0ad\xd0\xcd\x00\x00Q$\x0ad\
\xd0\xcd\x00\x00\x8es\x0ad\xd0\xcd\x00\x00\xa2\x09\x0ae\
\xb9\x1c\x00\x00\x19\xc4\x0ah\xf6\xd5\x00\x001\x9c\x0ai\
A\x82\x00\x00D\xab\x0am\x82\xfc\x00\x00?4\x0at\
g\x19\x00\x00\x125\x0av\x1d\x99\x00\x00 <\x0av\
Z2\x00\x00G\x13\x0awr\xd7\x00\x00\x07\xec\x0ay\
_\x07\x00\x00)\x15\x0a\x84\xfb\xa8\x00\x00+\xa8\x0a\x95\
m\xe4\x00\x000=\x0a\x96ke\x00\x00\x0e\xcb\x0a\x9a\
\xaaZ\x00\x00\x01\xdc\x0a\xa2\xfa7\x00\x00\xb3\x85\x0a\xa7\
\xd1>\x00\x00B\x14\x0a\xadgY\x00\x00\x87 \x0a\xb6\
v\xe4\x00\x00\xaf\xf1\x0a\xb9\x9c\xf3\x00\x00&\xf8\x0a\xb9\
\x9c\xf3\x00\x00^\xc2\x0a\xb9\x9c\xf3\x00\x00\x95M\x0a\xbe\
 J\x00\x00\x08\xe1\x0a\xd0_d\x00\x00\x95x\x0a\xd2\
\xc0\xe5\x00\x00.\xc6\x0a\xd8\xc4\x11\x00\x00za\x0a\xdb\
\x09\xe4\x00\x00\xa8\x97\x0a\xe1\xb0\x85\x00\x00\x9f\x8c\x0a\xe7\
\x93\x14\x00\x00p\xcd\x0a\xe8\xd6\x1e\x00\x00\x92\xab\x0a\xeb\
f\x09\x00\x00C\xe8\x0a\xffe\xee\x00\x00\x91V\x0b\x03\
\xc6\x94\x00\x00\x10(\x0b\x03\xc6\x94\x00\x00W\xd4\x0b\x09\
yE\x00\x00/\x98\x0b\x09ye\x00\x00\x8c\x84\x0b\x09\
\xa6\xc4\x00\x00E\xe7\x0b%\xf5\x11\x00\x00\x05\xea\x0b0\
8\xf9\x00\x00\x14\xd0\x0b6\x01k\x00\x00[\xd3\x0b6\
\x08+\x00\x00[\x80\x0bHB\xd9\x00\x00\x0bL\x0bH\
B\xd9\x00\x00S\x01\x0b`\xb6\xd5\x00\x00>\xb8\x0bc\
\xe2\x94\x00\x00v3\x0bd\xdd\xbd\x00\x00\x1c\xad\x0b\x88\
3H\x00\x00-\xbc\x0b\x8f\xdd\xb2\x00\x00=d\x0b\x91\
\x1f\xcc\x00\x00\x14?\x0b\x92\x14 \x00\x00+g\x0b\x99\
7\x8e\x00\x00\x81z\x0b\x9e\x96Y\x00\x00o?\x0b\xab\
\x94\x0e\x00\x00\x83\x82\x0b\xb7p\xde\x00\x00!\x07\x0b\xbd\
\xf2c\x00\x00\x97\xd0\x0b\xc0\x05\xe4\x00\x00\x94Z\x0b\xc2\
\x05\xe4\x00\x00:\x94\x0b\xc5\x09q\x00\x00\x05\xb5\x0b\xcb\
\x00\xae\x00\x00%\x96\x0b\xdb\x22C\x00\x00\x9d\x13\x0b\xe3\
\xea\x81\x00\x00\x99m\x0b\xee\x00\xe4\x00\x00F\xae\x0c\x01\
\x9e\xd1\x00\x00\xac\x98\x0c\x04\xa05\x00\x00K\xee\x0c\x05\
\x83\x83\x00\x00\x16\xf1\x0c\x05\x83\x83\x00\x00H/\x0c\x05\
\x83\x83\x00\x00\x86V\x0c\x10\xbf.\x00\x00\x8f\xa3\x0c\x13\
\xf8\xce\x00\x00\x0a\xf7\x0c\x15*\xee\x00\x00u\x1b\x0c!\
\x99\xcb\x00\x00\xa3@\x0c*$W\x00\x00@l\x0c*\
$W\x00\x00X\xec\x0c*$W\x00\x00\x83\xbf\x0c*\
$W\x00\x00\x8c\xdf\x0cB\x17\xa3\x00\x00\x84\x8f\x0cC\
\xbb\xe2\x00\x00\x9b=\x0cG\x92\xf4\x00\x00b\x18\x0cG\
\x92\xf4\x00\x00\x8a\xe3\x0cJfY\x00\x00;Q\x0cR\
V\x8e\x00\x00d\x1b\x0cV\x8c\xe5\x00\x00=\x99\x0cV\
\xb7\xad\x00\x00\x1a&\x0cX\x09e\x00\x00\xae\x0a\x0cZ\
\xcf\x1d\x00\x00\x163\x0c^T\xf9\x00\x00\x11u\x0co\
\x11\x8b\x00\x00\x05m\x0cu\x02\xbe\x00\x00Q\xb0\x0cu\
K\x99\x00\x00\x84Q\x0cz\xc3\x9e\x00\x00\x13\xfb\x0cz\
\xdb7\x00\x00\xa9\xf0\x0c{\x85\x9f\x00\x00)\x5c\x0c\x80\
\x8a\x83\x00\x00$\x9d\x0c\x84\xfes\x00\x00\xb0\x97\x0c\x88\
\xfa>\x00\x00\xac\x1d\x0c\x90\xd8\xbc\x00\x00\xa0\x06\x0c\x92\
\xbc\xa1\x00\x00{v\x0c\x97\x12\xac\x00\x00o\xf9\x0c\x9a\
\x01\xda\x00\x00*\x9d\x0c\xa1\xa9\x84\x00\x006\x0c\x0c\xa3\
\x80I\x00\x00N\xa5\x0c\xa4\x91\xb5\x00\x003&\x0c\xa8\
h\x87\x00\x00o\x86\x0c\xa9_$\x00\x00@\xd4\x0c\xbb\
\x01s\x00\x00L\x81\x0c\xbb\x01s\x00\x00o\x14\x0c\xc9\
\xa0\x0e\x00\x00o\xc9\x0c\xce\x0f\x1f\x00\x00#\x0e\x0c\xdf\
\x8d\xc8\x00\x00\x08;\x0c\xee\xd9[\x00\x00\x5c|\x0c\xf6\
\x5c\xfe\x00\x00b\xaa\x0d\x04,\xaf\x00\x009\xe0\x0d\x05\
Rs\x00\x00\x13$\x0d\x18\x90\xf2\x00\x00E\x07\x0d\x1f\
N\x94\x00\x00^:\x0d1\x07\xc5\x00\x00\xb3\xb8\x0d4\
\xb3\xee\x00\x00?r\x0dGc\xb4\x00\x00\x83I\x0dL\
\xdb\xf1\x00\x00\xb0\x14\x0dU\x94\xe2\x00\x005\x99\x0dZ\
\xca\xe7\x00\x006\xba\x0d\x5c\xa9\x15\x00\x00-N\x0d\x5c\
\xec2\x00\x006\xf5\x0d_\xd6C\x00\x00/\xcd\x0d\x89\
P\x17\x00\x00*\xd1\x0d\x89P\x17\x00\x00C\xb5\x0d\x93\
x%\x00\x00\x02\x1c\x0d\xa1\xc7\xc9\x00\x00\x85\x9a\x0d\xac\
z\xf3\x00\x00\x13\xb0\x0d\xb0\x8e\xd4\x00\x00j.\x0d\xc5\
\x9e\xbe\x00\x00i*\x0d\xd3\x034\x00\x00\xa3\xc3\x0d\xd5\
\xf0#\x00\x00R\x8d\x0d\xd8\xc9)\x00\x00\x9e7\x0d\xfc\
\x13'\x00\x007h\x0e\x0dDn\x00\x00\x1f3\x0e\x11\
\x9a\xe6\x00\x00\xa0;\x0e\x12\x05s\x00\x00\xab\xb6\x0e!\
}d\x00\x00\x8c\x0f\x0e/\xa2t\x00\x00\x14t\x0e1\
\xac*\x00\x00\x9a\x8b\x0e;\xcd\x81\x00\x00\xa8\xe4\x0eD\
\xcd+\x00\x00U\xef\x0eF\xc4\xc3\x00\x000\x8a\x0eb\
\xa1\xae\x00\x00\xa4\x9e\x0ee@\x89\x00\x00\x96\x1c\x0eg\
\x84\xbb\x00\x007\xa9\x0er\xa2\x0e\x00\x00#\xa2\x0e\xaf\
o\xc3\x00\x00\x8b\x0b\x0e\xb17\x93\x00\x00^~\x0e\xbf\
\xdf:\x00\x00\x09\x13\x0e\xcb%\xa2\x00\x00J\x0d\x0e\xd3\
\x02\xed\x00\x00t\x8d\x0e\xe1~\xa3\x00\x00\x0f\xde\x0e\xe1\
~\xa3\x00\x00V\xf4\x0e\xe8\x9b\xb2\x00\x00\xab\x81\x0e\xf3\
\x11C\x00\x00\x9e\xd7\x0f\x03\xb7\xa1\x00\x00\x98\xc2\x0f\x07\
gi\x00\x00^\xf1\x0f\x0e\x89.\x00\x00P\xc1\x0f\x19\
\x22<\x00\x00\x0dB\x0f\x19\x22<\x00\x00Tg\x0f \
s\xf1\x00\x00\x04W\x0f!o\xdd\x00\x00\x02\xcd\x0f'\
\xf1\xfb\x00\x00\x04%\x0f'\xf1\xfb\x00\x00Nr\x0f3\
\x9a\x85\x00\x00\x8f\xff\x0f9@\xe8\x00\x00\x04\x96\x0fL\
\xa1\xb3\x00\x00 u\x0fW\xb8i\x00\x00`(\x0fX\
\x1aC\x00\x00\xadc\x0fn1U\x00\x00e\xef\x0f\x85\
\xef\xbe\x00\x00'm\x0f\x8a3\xb5\x00\x00k\xa0\x0f\x93\
gi\x00\x00_D\x0f\x96\xf2!\x00\x00K,\x0f\x98\
N\xf4\x00\x00\x8d\xe8\x0f\x99+e\x00\x00\xa0\xb7\x0f\x9e\
H$\x00\x00\x9d\xe0\x0f\xa13H\x00\x00.&\x0f\xad\
N]\x00\x00\x9fX\x0f\xc0w!\x00\x00\x05\x10\x0f\xc9\
X\x97\x00\x00I\x03\x0f\xc9X\x97\x00\x00\x87h\x0f\xcc\
\xa8\xc4\x00\x00\x1b:\x0f\xd4\x9eI\x00\x00\x90\x93\x0f\xd5\
U\xb3\x00\x00r\xc3\x0f\xef/\xd4\x00\x00_\xe0\x0f\xf4\
\xee^\x00\x00,\xab\x0f\xf5]#\x00\x00\xa3ui\x00\
\x00\xb4O\x03\x00\x00\x00\x160\xd00\xfc0\xb80\xe7\
0\xf30\xa20\xc30\xd70\xc70\xfc0\xc8\x08\x00\
\x00\x00\x00\x06\x00\x00\x00\x0eVersion \
Update\x07\x00\x00\x00\x08@defa\
ult\x01\x03\x00\x00\x00<\x00{\x00k\x00e\x00\
y\x00}\x00 0oq!R\xb90g0Y0\
\x020\xdb0\xc30\xc80\xad0\xfc0n\x8a-[\
\x9a0\x92x\xba\x8a\x8d0W0f0O0`0\
U0D\xff\x01\x08\x00\x00\x00\x00\x06\x00\x00\x001{\
key} is invalid,\
 please check th\
e hotkey config!\
\x07\x00\x00\x00\x08@default\x01\x03\x00\
\x00\x00\x080\xd90\xfc0\xbfrH\x08\x00\x00\x00\x00\
\x06\x00\x00\x00\x0cBeta Versio\
n\x07\x00\x00\x00\x08AboutTab\x01\x03\
\x00\x00\x00P0\xc00\xa60\xf30\xb00\xec0\xfc\
0\xc9b\x10R\x9f\x00 \x00{\x00f\x00r\x00o\
\x00m\x00_\x00v\x00e\x00r\x00s\x00i\x00o\
\x00n\x00}\x00 \x00-\x00>\x00 \x00{\x00t\
\x00o\x00_\x00v\x00e\x00r\x00s\x00i\x00o\
\x00n\x00}\x08\x00\x00\x00\x00\x06\x00\x00\x000Do\
wngrade success \
{from_version} -\
> {to_version}\x07\x00\
\x00\x00\x08AboutTab\x01\x03\x00\x00\x00\
\x180\xc70\xd00\xc30\xb0rH0\x920\xc00\
\xa60\xf30\xed0\xfc0\xc9\x08\x00\x00\x00\x00\x06\x00\
\x00\x00\x0eDownload Debu\
g\x07\x00\x00\x00\x08AboutTab\x01\x03\
\x00\x00\x00\x140\xc00\xa60\xf30\xed0\xfc0\xc9\
0\xa80\xe90\xfc\x00:\x08\x00\x00\x00\x00\x06\x00\x00\
\x00\x0fDownload Error\
:\x07\x00\x00\x00\x08AboutTab\x01\x03\
\x00\x00\x00\x180\xea0\xea0\xfc0\xb9rH0\x92\
0\xc00\xa60\xf30\xed0\xfc0\xc9\x08\x00\x00\x00\
\x00\x06\x00\x00\x00\x10Download R\
elease\x07\x00\x00\x00\x08About\
Tab\x01\x03\x00\x00\x00\x10\x95\xa2\x90#0\xd70\
\xed0\xb80\xa70\xaf0\xc8\x08\x00\x00\x00\x00\x06\x00\
\x00\x00\x0eOther Project\
s\x07\x00\x00\x00\x08AboutTab\x01\x03\
\x00\x00\x00\x06[\x89[\x9arH\x08\x00\x00\x00\x00\x06\
\x00\x00\x00\x0eStable Versi\
on\x07\x00\x00\x00\x08AboutTab\x01\
\x03\x00\x00\x00N0\xa20\xc30\xd70\xc70\xfc0\
\xc8b\x10R\x9f\x00 \x00{\x00f\x00r\x00o\x00\
m\x00_\x00v\x00e\x00r\x00s\x00i\x00o\x00\
n\x00}\x00 \x00-\x00>\x00 \x00{\x00t\x00\
o\x00_\x00v\x00e\x00r\x00s\x00i\x00o\x00\
n\x00}\x08\x00\x00\x00\x00\x06\x00\x00\x00-Upd\
ate success {fro\
m_version} -> {t\
o_version}\x07\x00\x00\x00\x08A\
boutTab\x01\x03\x00\x00\x00V0\xb20\
\xfc0\xe0\x00I\x00D\xff\x08O\x8b\xff\x1a\x001\x00\
0\x002\x006\x003\x000\x006\x001\x002\x00\
3\x004\x005\xff\x090o0S0n0\xa20\
\xab0\xa60\xf30\xc80k}\x10N\xd80Q0\
\x890\x8c0\x01Y\x09f\xf40g0M0~0\
[0\x93\x08\x00\x00\x00\x00\x06\x00\x00\x00L\xe4\xbd\xa0\
\xe7\x9a\x84\xe6\xb8\xb8\xe6\x88\x8f\xe7\xbc\x96\xe5\x8f\xb7,\
 \xe5\xa6\x82102630612345\
, \xe5\xb0\x86\xe4\xbc\x9a\xe7\xbb\x91\xe5\xae\x9a\xe6\xad\
\xa4\xe8\xb4\xa6\xe5\x8f\xb7\xe4\xbd\xbf\xe7\x94\xa8\xe6\x97\xa0\
\xe6\xb3\x95\xe6\x9b\xb4\xe6\x94\xb9\x07\x00\x00\x00\x09Ac\
tWindow\x01\x03\x00\x00\x00\x0e0\xa20\
\xaf0\xc60\xa30\xd90\xfc0\xc8\x08\x00\x00\x00\x00\
\x06\x00\x00\x00\x06\xe6\xbf\x80\xe6\xb4\xbb\x07\x00\x00\x00\x09\
ActWindow\x01\x03\x00\x00\x00\x180\
\xa20\xaf0\xc60\xa30\xd90\xfc0\xb70\xe70\
\xf30\xb30\xfc0\xc9\x08\x00\x00\x00\x00\x06\x00\x00\x00\
\x09\xe6\xbf\x80\xe6\xb4\xbb\xe7\xa0\x81\x07\x00\x00\x00\x09A\
ctWindow\x01\x03\x00\x00\x00\x04\x8af\
u(\x08\x00\x00\x00\x00\x06\x00\x00\x00\x06\xe8\xaf\x95\xe7\
\x94\xa8\x07\x00\x00\x00\x09ActWindow\
\x01\x03\x00\x00\x00\x1e0\xb20\xfc0\xe0\x00I\x00D\
0\x92QeR\x9b0W0f0O0`0U\
0D\xff\x01\x08\x00\x00\x00\x00\x06\x00\x00\x00\x16\xe8\xaf\
\xb7\xe8\xbe\x93\xe5\x85\xa5\xe6\xb8\xb8\xe6\x88\x8f\xe7\xbc\x96\
\xe5\x8f\xb7!\x07\x00\x00\x00\x09ActWind\
ow\x01\x03\x00\x00\x00,0\xa20\xaf0\xc60\xa3\
0\xd90\xfc0\xb70\xe70\xf30\xb30\xfc0\xc9\
0\x92QeR\x9b0W0f0O0`0U\
0D\xff\x01\x08\x00\x00\x00\x00\x06\x00\x00\x00\x13\xe8\xaf\
\xb7\xe8\xbe\x93\xe5\x85\xa5\xe6\xbf\x80\xe6\xb4\xbb\xe7\xa0\x81\
!\x07\x00\x00\x00\x09ActWindow\x01\
\x03\x00\x00\x00\x1e0\xbd0\xd50\xc80\xa60\xa70\
\xa20\xa20\xaf0\xc60\xa30\xd90\xfc0\xb70\
\xe70\xf3\x08\x00\x00\x00\x00\x06\x00\x00\x00\x0c\xe8\xbd\xaf\
\xe4\xbb\xb6\xe6\xbf\x80\xe6\xb4\xbb\x07\x00\x00\x00\x09Ac\
tWindow\x01\x03\x00\x00\x00\x0a\x8a\x8d\x8a\
<Y1eW\xff\x01\x08\x00\x00\x00\x00\x06\x00\x00\x00\
\x0d\xe9\xaa\x8c\xe8\xaf\x81\xe5\xa4\xb1\xe8\xb4\xa5!\x07\x00\
\x00\x00\x09ActWindow\x01\x03\x00\x00\
\x00\x0a\x8a\x8d\x8a<b\x10R\x9f\xff\x01\x08\x00\x00\x00\
\x00\x06\x00\x00\x00\x0d\xe9\xaa\x8c\xe8\xaf\x81\xe6\x88\x90\xe5\
\x8a\x9f!\x07\x00\x00\x00\x09ActWindo\
w\x01\x03\x00\x00\x00\x04\x8f\xfdR\xa0\x08\x00\x00\x00\x00\
\x06\x00\x00\x00\x03Add\x07\x00\x00\x00\x11Add\
TextMessageBox\x01\x03\
\x00\x00\x00\x0a0\xad0\xe30\xf30\xbb0\xeb\x08\x00\
\x00\x00\x00\x06\x00\x00\x00\x06Cancel\x07\x00\
\x00\x00\x11AddTextMessag\
eBox\x01\x03\x00\x00\x00\x04x\xba\x8a\x8d\x08\x00\
\x00\x00\x00\x06\x00\x00\x00\x07Confirm\x07\
\x00\x00\x00\x11AddTextMessa\
geBox\x01\x03\x00\x00\x00&\x00'\x00{\x00\
}\x00'\x00 0\x92RJ\x96d0W0f0\
\x820\x880\x8d0W0D0g0Y0K\xff\
\x1f\x08\x00\x00\x00\x00\x06\x00\x00\x00%Are y\
ou sure you want\
 to delete '{}'?\
\x07\x00\x00\x00\x10AnnotationC\
anvas\x01\x03\x00\x00\x00\x0aRJ\x96d0\
nx\xba\x8a\x8d\x08\x00\x00\x00\x00\x06\x00\x00\x00\x0eC\
onfirm Delete\x07\x00\x00\
\x00\x10AnnotationCanv\
as\x01\x03\x00\x00\x00\x060\xc00\xfc0\xaf\x08\x00\
\x00\x00\x00\x06\x00\x00\x00\x04Dark\x07\x00\x00\x00\
\x0fAppConfigWidget\
\x01\x03\x00\x00\x00\x060\xe90\xa40\xc8\x08\x00\x00\x00\
\x00\x06\x00\x00\x00\x05Light\x07\x00\x00\x00\x0f\
AppConfigWidget\x01\
\x03\x00\x00\x00\x060\xc60\xfc0\xde\x08\x00\x00\x00\x00\
\x06\x00\x00\x00\x05Theme\x07\x00\x00\x00\x0fA\
ppConfigWidget\x01\x03\
\x00\x00\x00\x1a\x00'\x00{\x00}\x00'\x00 0k\
e\xe20k[XW(0W0~0Y\x08\x00\
\x00\x00\x00\x06\x00\x00\x00\x16Already \
exists in '{}'\x07\x00\
\x00\x00\x0aBBoxDialog\x01\x03\x00\
\x00\x00\x160\xd00\xa60\xf30\xc70\xa30\xf30\
\xb00\xdc0\xc30\xaf0\xb9\x08\x00\x00\x00\x00\x06\x00\
\x00\x00\x0cBounding Box\x07\
\x00\x00\x00\x0aBBoxDialog\x01\x03\
\x00\x00\x00\x0a0\xad0\xe30\xf30\xbb0\xeb\x08\x00\
\x00\x00\x00\x06\x00\x00\x00\x06Cancel\x07\x00\
\x00\x00\x0aBBoxDialog\x01\x03\x00\
\x00\x00\x0a0\xab0\xc60\xb40\xeaT\x0d\x08\x00\x00\
\x00\x00\x06\x00\x00\x00\x0dCategory \
name\x07\x00\x00\x00\x0aBBoxDia\
log\x01\x03\x00\x00\x00\x0a0\xab0\xc60\xb40\
\xea\x00:\x08\x00\x00\x00\x00\x06\x00\x00\x00\x09Cat\
egory:\x07\x00\x00\x00\x0aBBoxD\
ialog\x01\x03\x00\x00\x00\x06\x9a\xd80U\x00\
:\x08\x00\x00\x00\x00\x06\x00\x00\x00\x07Heigh\
t:\x07\x00\x00\x00\x0aBBoxDialo\
g\x01\x03\x00\x00\x00\x0eT\x0dRM0o_\xc5\x98\
\x080g0Y\x08\x00\x00\x00\x00\x06\x00\x00\x00\x0dN\
ame required\x07\x00\x00\x00\
\x0aBBoxDialog\x01\x03\x00\x00\x00\
\x04\x00O\x00K\x08\x00\x00\x00\x00\x06\x00\x00\x00\x02O\
K\x07\x00\x00\x00\x0aBBoxDialog\
\x01\x03\x00\x00\x00\x04^E\x00:\x08\x00\x00\x00\x00\x06\
\x00\x00\x00\x06Width:\x07\x00\x00\x00\x0aB\
BoxDialog\x01\x03\x00\x00\x00&0\
\xb90\xbf0\xfc0\xc80\xe10\xcb0\xe50\xfc0\
k0\xb70\xe70\xfc0\xc80\xab0\xc30\xc80\
\x92\x8f\xfdR\xa0\x08\x00\x00\x00\x00\x06\x00\x00\x00\x17A\
dd Start Menu Sh\
ortcut\x07\x00\x00\x00\x0aConfi\
gCard\x01\x03\x00\x00\x00\x0e\x8a-[\x9a0\
\x920\xea0\xbb0\xc30\xc8\x08\x00\x00\x00\x00\x06\x00\
\x00\x00\x0cReset Config\x07\
\x00\x00\x00\x0aConfigCard\x01\x03\
\x00\x00\x00\x0a0\xad0\xe30\xf30\xbb0\xeb\x08\x00\
\x00\x00\x00\x06\x00\x00\x00\x06Cancel\x07\x00\
\x00\x00\x0eCopyTaskDialo\
g\x01\x03\x00\x00\x00\x04x\xba\x8a\x8d\x08\x00\x00\x00\x00\
\x06\x00\x00\x00\x07Confirm\x07\x00\x00\x00\
\x0eCopyTaskDialog\x01\
\x03\x00\x00\x00\x0e0\xbf0\xb90\xaf0\x920\xb30\
\xd40\xfc\x08\x00\x00\x00\x00\x06\x00\x00\x00\x09Cop\
y Task\x07\x00\x00\x00\x0eCopyT\
askDialog\x01\x03\x00\x00\x00\x1c0\
\xb30\xd40\xfc0Y0\x8b0\xbf0\xb90\xaf0\
\x92\x90xb\x9e\x00.\x00.\x00.\x08\x00\x00\x00\x00\
\x06\x00\x00\x00\x16Select task\
 to copy...\x07\x00\x00\x00\x0e\
CopyTaskDialog\x01\x03\
\x00\x00\x00\x10\x00(\x000\x00 \x00=\x00 q!\
R\xb9\x00)\x08\x00\x00\x00\x00\x06\x00\x00\x00\x0e(0\
 = disabled)\x07\x00\x00\x00\
\x18CreateScheduleT\
askDialog\x01\x03\x00\x00\x00\x08\x00\
2\x004fB\x95\x93\x08\x00\x00\x00\x00\x06\x00\x00\x00\
\x0324h\x07\x00\x00\x00\x18CreateS\
cheduleTaskDialo\
g\x01\x03\x00\x00\x00 0\xbf0\xb90\xaf[\x8cN\
\x86_\x8c0k\x81\xeaR\xd5}BN\x86\x00 \x00\
(\x00-\x00e\x00)\x08\x00\x00\x00\x00\x06\x00\x00\x00\
\x1eAuto exit after\
 task done (-e)\x07\
\x00\x00\x00\x18CreateSchedu\
leTaskDialog\x01\x03\x00\x00\
\x00\x0a0\xad0\xe30\xf30\xbb0\xeb\x08\x00\x00\x00\
\x00\x06\x00\x00\x00\x06Cancel\x07\x00\x00\x00\
\x18CreateScheduleT\
askDialog\x01\x03\x00\x00\x00\x04O\
\x5cb\x10\x08\x00\x00\x00\x00\x06\x00\x00\x00\x06Cre\
ate\x07\x00\x00\x00\x18CreateSc\
heduleTaskDialog\
\x01\x03\x00\x00\x00\x180\xb90\xb10\xb80\xe50\xfc\
0\xeb0\xbf0\xb90\xaf0\x92O\x5cb\x10\x08\x00\
\x00\x00\x00\x06\x00\x00\x00\x14Create S\
chedule Task\x07\x00\x00\x00\
\x18CreateScheduleT\
askDialog\x01\x03\x00\x00\x00\x080\
\xab0\xb90\xbf0\xe0\x08\x00\x00\x00\x00\x06\x00\x00\x00\
\x06Custom\x07\x00\x00\x00\x18Crea\
teScheduleTaskDi\
alog\x01\x03\x00\x00\x00\x0c0\xab0\xb90\xbf\
0\xe0\x95\x93\x96\x94\x08\x00\x00\x00\x00\x06\x00\x00\x00\x0f\
Custom Interval\x07\
\x00\x00\x00\x18CreateSchedu\
leTaskDialog\x01\x03\x00\x00\
\x00\x04k\xcee\xe5\x08\x00\x00\x00\x00\x06\x00\x00\x00\x05\
Daily\x07\x00\x00\x00\x18Create\
ScheduleTaskDial\
og\x01\x03\x00\x00\x00\x02e\xe5\x08\x00\x00\x00\x00\x06\
\x00\x00\x00\x04Days\x07\x00\x00\x00\x18Cre\
ateScheduleTaskD\
ialog\x01\x03\x00\x00\x00\x04fB\x95\x93\x08\
\x00\x00\x00\x00\x06\x00\x00\x00\x04Hour\x07\x00\x00\
\x00\x18CreateSchedule\
TaskDialog\x01\x03\x00\x00\x00\x04\
fB\x95\x93\x08\x00\x00\x00\x00\x06\x00\x00\x00\x05Ho\
urs\x07\x00\x00\x00\x18CreateSc\
heduleTaskDialog\
\x01\x03\x00\x00\x00\x02R\x06\x08\x00\x00\x00\x00\x06\x00\x00\
\x00\x06Minute\x07\x00\x00\x00\x18Cre\
ateScheduleTaskD\
ialog\x01\x03\x00\x00\x00\x04k\xceg\x08\x08\
\x00\x00\x00\x00\x06\x00\x00\x00\x07Monthly\
\x07\x00\x00\x00\x18CreateSched\
uleTaskDialog\x01\x03\x00\
\x00\x00\x1cR)u(S\xef\x80\xfd0j0\xbf0\
\xb90\xaf0L0B0\x8a0~0[0\x93\x08\
\x00\x00\x00\x00\x06\x00\x00\x00\x12No task\
s available\x07\x00\x00\x00\x18\
CreateScheduleTa\
skDialog\x01\x03\x00\x00\x00\x04N\x00\
V\xde\x08\x00\x00\x00\x00\x06\x00\x00\x00\x04Once\
\x07\x00\x00\x00\x18CreateSched\
uleTaskDialog\x01\x03\x00\
\x00\x00\x0c0\xbf0\xb90\xaf0\x92\x90xb\x9e\x08\
\x00\x00\x00\x00\x06\x00\x00\x00\x0bSelect \
Task\x07\x00\x00\x00\x18CreateS\
cheduleTaskDialo\
g\x01\x03\x00\x00\x00\x08\x95\x8bY\xcbfB\x95\x93\x08\
\x00\x00\x00\x00\x06\x00\x00\x00\x0aStart T\
ime\x07\x00\x00\x00\x18CreateSc\
heduleTaskDialog\
\x01\x03\x00\x00\x00\x0e\x8dwR\xd50\xaa0\xd70\xb7\
0\xe70\xf3\x08\x00\x00\x00\x00\x06\x00\x00\x00\x0fSt\
artup Options\x07\x00\x00\
\x00\x18CreateSchedule\
TaskDialog\x01\x03\x00\x00\x00\x0c\
0\xbf0\xa40\xe00\xa20\xa60\xc8\x08\x00\x00\x00\
\x00\x06\x00\x00\x00\x07Timeout\x07\x00\x00\
\x00\x18CreateSchedule\
TaskDialog\x01\x03\x00\x00\x00\x0e\
0\xc80\xea0\xac0\xfc0\xbf0\xa40\xd7\x08\x00\
\x00\x00\x00\x06\x00\x00\x00\x0cTrigger \
Type\x07\x00\x00\x00\x18CreateS\
cheduleTaskDialo\
g\x01\x03\x00\x00\x00\x04k\xce\x901\x08\x00\x00\x00\x00\
\x06\x00\x00\x00\x06Weekly\x07\x00\x00\x00\x18\
CreateScheduleTa\
skDialog\x01\x03\x00\x00\x00\x18fB\
\x95\x93\x00 \x00(\x000\x00 \x00=\x00 q!\
R6\x96P\x00)\x08\x00\x00\x00\x00\x06\x00\x00\x00\x15\
hours (0 = unlim\
ited)\x07\x00\x00\x00\x18Create\
ScheduleTaskDial\
og\x01\x03\x00\x00\x00\x0a0\xad0\xe30\xf30\xbb\
0\xeb\x08\x00\x00\x00\x00\x06\x00\x00\x00\x06Canc\
el\x07\x00\x00\x00\x10CreateTas\
kDialog\x01\x03\x00\x00\x00\x160\xaf0\
\xe90\xb9T\x0d\x00 \x00(\x82\xf1\x8a\x9e0n0\
\x7f\x00)\x08\x00\x00\x00\x00\x06\x00\x00\x00\x19Cla\
ss Name (English\
 only)\x07\x00\x00\x00\x10Creat\
eTaskDialog\x01\x03\x00\x00\x00\
\x04x\xba\x8a\x8d\x08\x00\x00\x00\x00\x06\x00\x00\x00\x07C\
onfirm\x07\x00\x00\x00\x10Creat\
eTaskDialog\x01\x03\x00\x00\x00\
\x0c0\xbf0\xb90\xaf0\x92O\x5cb\x10\x08\x00\x00\
\x00\x00\x06\x00\x00\x00\x0bCreate Ta\
sk\x07\x00\x00\x00\x10CreateTas\
kDialog\x01\x03\x00\x00\x00\x0e\x8a\xacf\
\x0e\x00 \x00(N\xfba\x0f\x00)\x08\x00\x00\x00\x00\
\x06\x00\x00\x00\x16Description\
 (Optional)\x07\x00\x00\x00\x10\
CreateTaskDialog\
\x01\x03\x00\x00\x00\x080\xbf0\xb90\xafT\x0d\x08\x00\
\x00\x00\x00\x06\x00\x00\x00\x09Task Nam\
e\x07\x00\x00\x00\x10CreateTask\
Dialog\x01\x03\x00\x00\x00\x08T|0s\
Q\xfa0Y\x08\x00\x00\x00\x00\x06\x00\x00\x00\x04Ca\
ll\x07\x00\x00\x00\x08DebugTab\x01\
\x03\x00\x00\x00\x180\xb90\xaf0\xea0\xfc0\xf30\
\xb70\xe70\xc30\xc80\x92d\xae0\x8b\x08\x00\x00\
\x00\x00\x06\x00\x00\x00\x12Capture S\
creenshot\x07\x00\x00\x00\x08De\
bugTab\x01\x03\x00\x00\x00\x0e0\xad0\xe3\
0\xd70\xc10\xe3b\x10R\x9f\x08\x00\x00\x00\x00\x06\
\x00\x00\x00\x0fCapture Succ\
ess\x07\x00\x00\x00\x08DebugTab\
\x01\x03\x00\x00\x00 0\xad0\xe30\xd70\xc10\xe3\
0L\x00N\x00o\x00n\x00e0\x92\x8f\xd40W\
0~0W0_\x08\x00\x00\x00\x00\x06\x00\x00\x00\x15\
Capture returned\
 None\x07\x00\x00\x00\x08DebugT\
ab\x01\x03\x00\x00\x00\x1c\x00i\x001\x008\x00n\
0\xd50\xa10\xa40\xeb0\x920\xb30\xf30\xd1\
0\xa40\xeb\x08\x00\x00\x00\x00\x06\x00\x00\x00\x12Co\
nvert i18n files\
\x07\x00\x00\x00\x08DebugTab\x01\x03\x00\
\x00\x00\x140\xbf0\xb90\xaf\x95\xa2ep0\x920\
\xc70\xd00\xc30\xb0\x08\x00\x00\x00\x00\x06\x00\x00\x00\
\x13Debug Task Func\
tion\x07\x00\x00\x00\x08DebugTa\
b\x01\x03\x00\x00\x00\x0e0\xc70\xd00\xc30\xb00\
\xc40\xfc0\xeb\x08\x00\x00\x00\x00\x06\x00\x00\x00\x0aD\
ebug Tool\x07\x00\x00\x00\x08De\
bugTab\x01\x03\x00\x00\x00&0\xb90\xaf\
0\xea0\xfc0\xf30\xb70\xe70\xc30\xc80\x92\
0\xc90\xed0\xc30\xd70~0_0o\x90x\
b\x9e\x08\x00\x00\x00\x00\x06\x00\x00\x00\x19Drop\
 or Select Scree\
nshot\x07\x00\x00\x00\x08DebugT\
ab\x01\x03\x00\x00\x0040\xb90\xec0\xc30\xc9\
0\x920\xc00\xf30\xd7\x00(0\xdb0\xc30\xc8\
0\xad0\xfc\x00:\x00C\x00t\x00r\x00l\x00+\
\x00A\x00l\x00t\x00+\x00D\x00)\x08\x00\x00\x00\
\x00\x06\x00\x00\x00\x1fDump Threa\
ds(HotKey:Ctrl+A\
lt+D)\x07\x00\x00\x00\x08DebugT\
ab\x01\x03\x00\x00\x00\x16\x00i\x001\x008\x00n\
0\xd50\xa10\xa40\xeb0\x92u\x1fb\x10\x08\x00\
\x00\x00\x00\x06\x00\x00\x00\x13Generate\
 i18n files\x07\x00\x00\x00\x08\
DebugTab\x01\x03\x00\x00\x00(0\xad\
0\xe30\xd70\xc10\xe3e\xb9l\xd50LR)\
u(N\x0dS\xef0~0_0og*\x90x\
b\x9e0g0Y\x08\x00\x00\x00\x00\x06\x00\x00\x00 \
No Capture Avail\
able or Selected\
\x07\x00\x00\x00\x08DebugTab\x01\x03\x00\
\x00\x00\x1a\x00O\x00C\x00R0L\x8a-[\x9a0\
U0\x8c0f0D0~0[0\x93\x08\x00\x00\
\x00\x00\x06\x00\x00\x00\x11No OCR co\
nfigured\x07\x00\x00\x00\x08Deb\
ugTab\x01\x03\x00\x00\x008\x5c^`'0\
~0_0o0\xe10\xbd0\xc30\xc90L0\
B0\x8a0~0[0\x93\x00:\x00 \x00{\x00\
f\x00u\x00n\x00c\x00_\x00n\x00a\x00m\x00\
e\x00}\x08\x00\x00\x00\x00\x06\x00\x00\x00\x19No \
such attr: {func\
_name}\x07\x00\x00\x00\x08Debug\
Tab\x01\x03\x00\x00\x00\x1e\x00O\x00C\x00Rb\
\x10R\x9f\x00:\x00 \x00{\x00r\x00e\x00s\x00\
u\x00l\x00t\x00}\x08\x00\x00\x00\x00\x06\x00\x00\x00\
\x15OCR success: {r\
esult}\x07\x00\x00\x00\x08Debug\
Tab\x01\x03\x00\x00\x00\x120\xed0\xb00\xd50\
\xa90\xeb0\xc00\x92\x95\x8b0O\x08\x00\x00\x00\x00\
\x06\x00\x00\x00\x09Open Logs\x07\x00\
\x00\x00\x08DebugTab\x01\x03\x00\x00\x00\
\x180\xb90\xaf0\xea0\xfc0\xf30\xb70\xe70\
\xc30\xc80\x92\x90xb\x9e\x08\x00\x00\x00\x00\x06\x00\
\x00\x00\x12Select Screen\
shots\x07\x00\x00\x00\x08DebugT\
ab\x01\x03\x00\x00\x00\x1a\x95\xa2ep0~0_\
0o0\xd70\xed0\xd10\xc60\xa30\x92Qe\
R\x9b\x08\x00\x00\x00\x00\x06\x00\x00\x00\x1bType\
 a function or p\
roperty\x07\x00\x00\x00\x08Debu\
gTab\x01\x03\x00\x00\x00 T|0sQ\xfa\
0Wb\x10R\x9f\x00:\x00 \x00{\x00r\x00e\
\x00s\x00u\x00l\x00t\x00}\x08\x00\x00\x00\x00\x06\
\x00\x00\x00\x16call success\
: {result}\x07\x00\x00\x00\x08D\
ebugTab\x01\x03\x00\x00\x00\x22\x00{\x00\
n\x00u\x00m\x00}g\x9a0nu;P\xcf0\
L\x90xb\x9e0U0\x8c0~0W0_\x08\
\x00\x00\x00\x00\x06\x00\x00\x00\x15{num} i\
mages selected\x07\x00\
\x00\x00\x08DebugTab\x01\x03\x00\x00\x00\
\x06\x00A\x00D\x00B\x08\x00\x00\x00\x00\x06\x00\x00\x00\
\x03ADB\x07\x00\x00\x00\x0bEditTas\
kTab\x01\x03\x00\x00\x00\x22\x00{\x00}\x00 \
0\x92RJ\x96d0W0f0\x820\x880\x8d\
0W0D0g0Y0K\xff\x1f\x08\x00\x00\x00\
\x00\x06\x00\x00\x00#Are you su\
re you want to d\
elete {}?\x07\x00\x00\x00\x0bEd\
itTaskTab\x01\x03\x00\x00\x00\x080\
\xdc0\xc30\xaf0\xb9\x08\x00\x00\x00\x00\x06\x00\x00\x00\
\x03Box\x07\x00\x00\x00\x0bEditTas\
kTab\x01\x03\x00\x00\x00\x0a0\xad0\xe30\xf3\
0\xbb0\xeb\x08\x00\x00\x00\x00\x06\x00\x00\x00\x06Ca\
ncel\x07\x00\x00\x00\x0bEditTas\
kTab\x01\x03\x00\x00\x00\x0e0\xbf0\xb90\xaf\
0\x92\x90xb\x9e\x00:\x08\x00\x00\x00\x00\x06\x00\x00\
\x00\x0cChoose Task:\x07\x00\
\x00\x00\x0bEditTaskTab\x01\x03\
\x00\x00\x00\x0aRJ\x96d0nx\xba\x8a\x8d\x08\x00\
\x00\x00\x00\x06\x00\x00\x00\x0eConfirm \
Delete\x07\x00\x00\x00\x0bEditT\
askTab\x01\x03\x00\x00\x00\x04R6_\xa1\
\x08\x00\x00\x00\x00\x06\x00\x00\x00\x07Contro\
l\x07\x00\x00\x00\x0bEditTaskTa\
b\x01\x03\x00\x00\x00\x0e0\xbf0\xb90\xaf0\x920\
\xb30\xd40\xfc\x08\x00\x00\x00\x00\x06\x00\x00\x00\x09C\
opy Task\x07\x00\x00\x00\x0bEdi\
tTaskTab\x01\x03\x00\x00\x00&\x00{\
\x00}\x00 0n0\xbd0\xfc0\xb90\xd50\xa1\
0\xa40\xeb0L\x89\x8b0d0K0\x8a0~\
0[0\x93\x08\x00\x00\x00\x00\x06\x00\x00\x00!Co\
uld not find sou\
rce file for {}\x07\
\x00\x00\x00\x0bEditTaskTab\x01\
\x03\x00\x00\x00\x10e\xb0\x89\x8f0\xbf0\xb90\xaf0\
\x92O\x5cb\x10\x08\x00\x00\x00\x00\x06\x00\x00\x00\x0fC\
reate New Task\x07\x00\
\x00\x00\x0bEditTaskTab\x01\x03\
\x00\x00\x00\x0c0\xbf0\xb90\xaf0\x92O\x5cb\x10\
\x08\x00\x00\x00\x00\x06\x00\x00\x00\x0bCreate\
 Task\x07\x00\x00\x00\x0bEditTa\
skTab\x01\x03\x00\x00\x00\x0c0\xbf0\xb90\
\xaf0\x92RJ\x96d\x08\x00\x00\x00\x00\x06\x00\x00\x00\
\x0bDelete Task\x07\x00\x00\x00\
\x0bEditTaskTab\x01\x03\x00\x00\
\x00\x120\xb90\xaf0\xea0\xd70\xc80n\x88h\
y:T\x0d\x08\x00\x00\x00\x00\x06\x00\x00\x00\x1bDi\
splay name for t\
he script\x07\x00\x00\x00\x0bEd\
itTaskTab\x01\x03\x00\x00\x00$\x82\
\xf1\x8a\x9e0\x01ep[W0\x01g\x09R\xb90\
j0\xd50\xa10\xa40\xebT\x0de\x87[W0\
n0\x7f\x08\x00\x00\x00\x00\x06\x00\x00\x00.Eng\
lish, numbers an\
d valid filename\
 chars only\x07\x00\x00\x00\x0b\
EditTaskTab\x01\x03\x00\x00\x00\
\x0c0\xa80\xaf0\xb90\xdd0\xfc0\xc8\x08\x00\x00\
\x00\x00\x06\x00\x00\x00\x06Export\x07\x00\x00\
\x00\x0bEditTaskTab\x01\x03\x00\
\x00\x00\x180\xb90\xaf0\xea0\xd70\xc80\x920\
\xa80\xaf0\xb90\xdd0\xfc0\xc8\x08\x00\x00\x00\x00\
\x06\x00\x00\x00\x0dExport Scri\
pt\x07\x00\x00\x00\x0bEditTaskT\
ab\x01\x03\x00\x00\x00\x100\xa80\xaf0\xb90\xdd\
0\xfc0\xc8Y1eW\x08\x00\x00\x00\x00\x06\x00\x00\
\x00\x0dExport failed\x07\
\x00\x00\x00\x0bEditTaskTab\x01\
\x03\x00\x00\x00&0\xbd0\xfc0\xb90\xd50\xa10\
\xa40\xeb0n\x8a\xad0\x7fS\xd60\x8a0kY\
1eW\x00:\x00 \x00{\x00}\x08\x00\x00\x00\x00\
\x06\x00\x00\x00\x1eFailed to r\
ead source file:\
 {}\x07\x00\x00\x00\x0bEditTask\
Tab\x01\x03\x00\x00\x00\x12O\xdd[X0kY\
1eW0W0~0W0_\x08\x00\x00\x00\x00\
\x06\x00\x00\x00\x0eFailed to s\
ave\x07\x00\x00\x00\x0bEditTask\
Tab\x01\x03\x00\x00\x00\x080\xd50\xa10\xa40\
\xeb\x08\x00\x00\x00\x00\x06\x00\x00\x00\x04File\x07\
\x00\x00\x00\x0bEditTaskTab\x01\
\x03\x00\x00\x00\x1e0\xd50\xa10\xa40\xeb0LY\
\x16\x90\xe80gY\x09f\xf40U0\x8c0~0\
W0_\x08\x00\x00\x00\x00\x06\x00\x00\x00\x17Fil\
e Changed Extern\
ally\x07\x00\x00\x00\x0bEditTas\
kTab\x01\x03\x00\x00\x00\x0c0\xd50\xa10\xa4\
0\xebT\x0d\xff\x1a\x08\x00\x00\x00\x00\x06\x00\x00\x00\x0a\
File Name:\x07\x00\x00\x00\x0bE\
ditTaskTab\x01\x03\x00\x00\x00\x06\
0\xac0\xa40\xc9\x08\x00\x00\x00\x00\x06\x00\x00\x00\x05\
Guide\x07\x00\x00\x00\x0bEditTa\
skTab\x01\x03\x00\x00\x00\x160\xb90\xaf0\
\xea0\xd70\xc80\x920\xa40\xf30\xdd0\xfc0\
\xc8\x08\x00\x00\x00\x00\x06\x00\x00\x00\x0dImpor\
t Script\x07\x00\x00\x00\x0bEdi\
tTaskTab\x01\x03\x00\x00\x00\x0e0\xa4\
0\xf30\xdd0\xfc0\xc8Y1eW\x08\x00\x00\x00\
\x00\x06\x00\x00\x00\x0dImport fai\
led\x07\x00\x00\x00\x0bEditTask\
Tab\x01\x03\x00\x00\x00.0\xaf0\xe90\xb9T\
\x0d0Lq!R\xb90g0Y0\x02\x82\xf1[\
W0n0\x7fO\x7fu(0W0f0O0\
`0U0D0\x02\x08\x00\x00\x00\x00\x06\x00\x00\x00\
4Invalid Class N\
ame. Must be Eng\
lish characters \
only.\x07\x00\x00\x00\x0bEditTa\
skTab\x01\x03\x00\x00\x00Lq!R\xb90\
j0\xd50\xa10\xa40\xebT\x0d0g0Y0\
\x02\x82\xf1[W0\x01ep[W0\x010\xa20\
\xf30\xc00\xfc0\xb90\xb30\xa20\x010\xcf0\
\xa40\xd50\xf30n0\x7fO\x7fu(0g0\
M0~0Y0\x02\x08\x00\x00\x00\x00\x06\x00\x00\x00\
KInvalid file na\
me. Use English \
letters, numbers\
, underscores, h\
yphens only.\x07\x00\x00\x00\
\x0bEditTaskTab\x01\x03\x00\x00\
\x00\x040\xad0\xfc\x08\x00\x00\x00\x00\x06\x00\x00\x00\x03\
Key\x07\x00\x00\x00\x0bEditTask\
Tab\x01\x03\x00\x00\x00\x040\xed0\xb0\x08\x00\x00\
\x00\x00\x06\x00\x00\x00\x07Logging\x07\x00\
\x00\x00\x0bEditTaskTab\x01\x03\
\x00\x00\x00\x0aq!\x96P0\xeb0\xfc0\xd7\x08\x00\
\x00\x00\x00\x06\x00\x00\x00\x0fLoop inf\
initely\x07\x00\x00\x00\x0bEdit\
TaskTab\x01\x03\x00\x00\x00\x0a\x00xV\
\xde0\xeb0\xfc0\xd7\x08\x00\x00\x00\x00\x06\x00\x00\x00\
\x0cLoop x times\x07\x00\x00\
\x00\x0bEditTaskTab\x01\x03\x00\
\x00\x00\x060\xde0\xa60\xb9\x08\x00\x00\x00\x00\x06\x00\
\x00\x00\x05Mouse\x07\x00\x00\x00\x0bEdi\
tTaskTab\x01\x03\x00\x00\x00\x0a0\xeb\
0\xfc0\xd70j0W\x08\x00\x00\x00\x00\x06\x00\x00\
\x00\x07No loop\x07\x00\x00\x00\x0bEd\
itTaskTab\x01\x03\x00\x00\x00$0\
\xa80\xaf0\xb90\xdd0\xfc0\xc80Y0\x8b0\
\xbf0\xb90\xaf0L0B0\x8a0~0[0\
\x930\x02\x08\x00\x00\x00\x00\x06\x00\x00\x00\x13No \
tasks to export.\
\x07\x00\x00\x00\x0bEditTaskTab\
\x01\x03\x00\x00\x00\x06\x00O\x00C\x00R\x08\x00\x00\x00\
\x00\x06\x00\x00\x00\x03OCR\x07\x00\x00\x00\x0bEd\
itTaskTab\x01\x03\x00\x00\x00\x04\x00\
O\x00K\x08\x00\x00\x00\x00\x06\x00\x00\x00\x02OK\x07\
\x00\x00\x00\x0bEditTaskTab\x01\
\x03\x00\x00\x00N\x00O\x00K\x00S\x00c\x00r\x00\
i\x00p\x00t0\xd50\xa10\xa40\xeb\x00 \x00\
(\x00*\x00.\x00o\x00k\x00s\x00c\x00r\x00\
i\x00p\x00t\x00)\x00;\x00;0Y0y0\
f0n0\xd50\xa10\xa40\xeb\x00 \x00(\x00\
*\x00)\x08\x00\x00\x00\x00\x06\x00\x00\x00*OKS\
cript Files (*.o\
kscript);;All Fi\
les (*)\x07\x00\x00\x00\x0bEdit\
TaskTab\x01\x03\x00\x00\x00\x060]0\
nN\xd6\x08\x00\x00\x00\x00\x06\x00\x00\x00\x05Oth\
er\x07\x00\x00\x00\x0bEditTaskT\
ab\x01\x03\x00\x00\x00*\x5c\x110j0O0h\
0\x82\x0010d0n0\xbf0\xb90\xaf0\x92\
\x90xb\x9e0W0f0O0`0U0D\
0\x02\x08\x00\x00\x00\x00\x06\x00\x00\x00*Plea\
se select at lea\
st one task to e\
xport.\x07\x00\x00\x00\x0bEditT\
askTab\x01\x03\x00\x00\x00\x04\x932u;\
\x08\x00\x00\x00\x00\x06\x00\x00\x00\x06Record\
\x07\x00\x00\x00\x0bEditTaskTab\
\x01\x03\x00\x00\x00<\x932u;0os\xfeW(\
0n0\xb90\xaf0\xea0\xd70\xc80\xed0\xb8\
0\xc30\xaf0\x92N\x0af\xf80M0W0~\
0Y0\x02}\x9a\x88L0W0~0Y0K\
\xff\x1f\x08\x00\x00\x00\x00\x06\x00\x00\x008Reco\
rd will override\
 the current scr\
ipt logic. Conti\
nue?\x07\x00\x00\x00\x0bEditTas\
kTab\x01\x03\x00\x00\x00N0\xa60\xa30\xf3\
0\xc90\xa6\x00 \x00'\x00{\x00h\x00w\x00n\
\x00d\x00_\x00n\x00a\x00m\x00e\x00}\x00'\
\x00 0L0\xa20\xaf0\xc60\xa30\xd60k\
0j0\x8b0h\x932u;0\x92\x95\x8bY\xcb\
0W0~0Y0\x02\x08\x00\x00\x00\x00\x06\x00\x00\
\x00>Recording will\
 start when wind\
ow '{hwnd_name}'\
 becomes active.\
\x07\x00\x00\x00\x0bEditTaskTab\
\x01\x03\x00\x00\x00\x04[\x9f\x88L\x08\x00\x00\x00\x00\x06\
\x00\x00\x00\x03Run\x07\x00\x00\x00\x0bEdit\
TaskTab\x01\x03\x00\x00\x00\x04O\xdd[\
X\x08\x00\x00\x00\x00\x06\x00\x00\x00\x04Save\x07\
\x00\x00\x00\x0bEditTaskTab\x01\
\x03\x00\x00\x00\x0aY\x09f\xf40\x92O\xdd[X\x08\
\x00\x00\x00\x00\x06\x00\x00\x00\x0cSave Ch\
anges\x07\x00\x00\x00\x0bEditTa\
skTab\x01\x03\x00\x00\x00\x0e0\xb90\xaf0\
\xea0\xd70\xc8T\x0d\xff\x1a\x08\x00\x00\x00\x00\x06\x00\
\x00\x00\x0cScript Name:\x07\
\x00\x00\x00\x0bEditTaskTab\x01\
\x03\x00\x00\x0080\xb90\xaf0\xea0\xd70\xc80\
\x920\xc00\xa60\xf30\xed0\xfc0\xc90\xd50\
\xa90\xeb0\xc00k0\xa80\xaf0\xb90\xdd0\
\xfc0\xc80W0~0W0_0\x02\x08\x00\x00\
\x00\x00\x06\x00\x00\x001Script ex\
ported successfu\
lly to Downloads\
 folder.\x07\x00\x00\x00\x0bEdi\
tTaskTab\x01\x03\x00\x00\x00\x180\xb9\
0\xaf0\xea0\xd70\xc8T\x0d0o_\xc5\x98\x08\
0g0Y0\x02\x08\x00\x00\x00\x00\x06\x00\x00\x00\x18\
Script name is r\
equired.\x07\x00\x00\x00\x0bEdi\
tTaskTab\x01\x03\x00\x00\x00\x180\xc6\
0\xf30\xd70\xec0\xfc0\xc80\x92i\x1c}\x22\
\x00.\x00.\x00.\x08\x00\x00\x00\x00\x06\x00\x00\x00\x13\
Search templates\
...\x07\x00\x00\x00\x0bEditTask\
Tab\x01\x03\x00\x00\x00\x180\xb90\xaf0\xea0\
\xd70\xc80\xd50\xa10\xa40\xeb0\x92\x90xb\
\x9e\x08\x00\x00\x00\x00\x06\x00\x00\x00\x12Selec\
t Script File\x07\x00\x00\
\x00\x0bEditTaskTab\x01\x03\x00\
\x00\x00\x1e0\xa80\xaf0\xb90\xdd0\xfc0\xc80\
Y0\x8b0\xbf0\xb90\xaf0\x92\x90xb\x9e\xff\
\x1a\x08\x00\x00\x00\x00\x06\x00\x00\x00\x17Selec\
t tasks to expor\
t:\x07\x00\x00\x00\x0bEditTaskT\
ab\x01\x03\x00\x00\x00\x04P\x5ckb\x08\x00\x00\x00\
\x00\x06\x00\x00\x00\x04Stop\x07\x00\x00\x00\x0bE\
ditTaskTab\x01\x03\x00\x00\x00\x04\
b\x10R\x9f\x08\x00\x00\x00\x00\x06\x00\x00\x00\x07Su\
ccess\x07\x00\x00\x00\x0bEditTa\
skTab\x01\x03\x00\x00\x00\x140\xbf0\xb90\
\xafT\x0d0o_\xc5\x98\x080g0Y0\x02\x08\
\x00\x00\x00\x00\x06\x00\x00\x00\x16Task Na\
me is required.\x07\
\x00\x00\x00\x0bEditTaskTab\x01\
\x03\x00\x00\x00\x1a0\xbf0\xb90\xaf0L0\xb30\
\xd40\xfc0U0\x8c0~0W0_0\x02\x08\
\x00\x00\x00\x00\x06\x00\x00\x00\x19Task co\
pied successfull\
y.\x07\x00\x00\x00\x0bEditTaskT\
ab\x01\x03\x00\x00\x00\x180\xbf0\xb90\xaf0L\
O\x5cb\x100U0\x8c0~0W0_0\x02\
\x08\x00\x00\x00\x00\x06\x00\x00\x00\x1aTask c\
reated successfu\
lly.\x07\x00\x00\x00\x0bEditTas\
kTab\x01\x03\x00\x00\x00\x180\xbf0\xb90\xaf\
0LRJ\x96d0U0\x8c0~0W0_\
0\x02\x08\x00\x00\x00\x00\x06\x00\x00\x00\x1aTask\
 deleted success\
fully.\x07\x00\x00\x00\x0bEditT\
askTab\x01\x03\x00\x00\x00 0\xbf0\xb9\
0\xaf0\xd50\xa10\xa40\xeb0oe\xe20k\
[XW(0W0~0Y0\x02\x08\x00\x00\x00\
\x00\x06\x00\x00\x00\x19Task file \
already exists.\x07\
\x00\x00\x00\x0bEditTaskTab\x01\
\x03\x00\x00\x00\x1e0\xbf0\xb90\xaf0nQ\x8di\
\xcb{\xc90kb\x10R\x9f0W0~0W0\
_0\x02\x08\x00\x00\x00\x00\x06\x00\x00\x00\x1aTas\
k rebuilt succes\
sfully.\x07\x00\x00\x00\x0bEdit\
TaskTab\x01\x03\x00\x00\x00\x160\xc60\
\xf30\xd70\xec0\xfc0\xc80\xde0\xc30\xc10\
\xf30\xb0\x08\x00\x00\x00\x00\x06\x00\x00\x00\x11Tem\
plate Matching\x07\x00\
\x00\x00\x0bEditTaskTab\x01\x03\
\x00\x00\x004s\xfeW(0n0\xbf0\xb90\xaf\
0kg*O\xdd[X0nY\x09f\xf40L\
0B0\x8a0~0Y0\x02O\xdd[X0W\
0~0Y0K\xff\x1f\x08\x00\x00\x00\x00\x06\x00\x00\
\x00?The current ta\
sk has unsaved c\
hanges. Do you w\
ant to save them\
?\x07\x00\x00\x00\x0bEditTaskTa\
b\x01\x03\x00\x00\x00>0\xd50\xa10\xa40\xeb0\
LY\x16\x90\xe80gY\x09f\xf40U0\x8c0\
~0W0_0\x02g*O\xdd[X0nY\
\x09f\xf40\x92N\x0af\xf80M0W0~0\
Y0K\xff\x1f\x08\x00\x00\x00\x00\x06\x00\x00\x00PT\
he file was modi\
fied externally.\
 Do you want to \
overwrite your u\
nsaved changes?\x07\
\x00\x00\x00\x0bEditTaskTab\x01\
\x03\x00\x00\x00\x0c0\xd00\xfc0\xb80\xe70\xf3\xff\
\x1a\x08\x00\x00\x00\x00\x06\x00\x00\x00\x08Versi\
on:\x07\x00\x00\x00\x0bEditTask\
Tab\x01\x03\x00\x00\x00\x04\x8bfTJ\x08\x00\x00\
\x00\x00\x06\x00\x00\x00\x07Warning\x07\x00\
\x00\x00\x0bEditTaskTab\x01\x03\
\x00\x00\x00\x0a0\xa60\xa30\xf30\xc90\xa6\x08\x00\
\x00\x00\x00\x06\x00\x00\x00\x06Window\x07\x00\
\x00\x00\x0bEditTaskTab\x01\x03\
\x00\x00\x00\x12\x00a\x00d\x00b\x00_\x00s\x00h\
\x00e\x00l\x00l\x08\x00\x00\x00\x00\x06\x00\x00\x00\x09\
adb_shell\x07\x00\x00\x00\x0bEd\
itTaskTab\x01\x03\x00\x00\x00\x16\x00\
a\x00d\x00b\x00_\x00u\x00i\x00_\x00d\x00\
u\x00m\x00p\x08\x00\x00\x00\x00\x06\x00\x00\x00\x0ba\
db_ui_dump\x07\x00\x00\x00\x0bE\
ditTaskTab\x01\x03\x00\x00\x00\x18\
\x00a\x00d\x00d\x00_\x00t\x00e\x00x\x00t\
\x00_\x00f\x00i\x00x\x08\x00\x00\x00\x00\x06\x00\x00\
\x00\x0cadd_text_fix\x07\x00\
\x00\x00\x0bEditTaskTab\x01\x03\
\x00\x00\x00\x08\x00b\x00a\x00c\x00k\x08\x00\x00\x00\
\x00\x06\x00\x00\x00\x04back\x07\x00\x00\x00\x0bE\
ditTaskTab\x01\x03\x00\x00\x00\x08\
0\xdc0\xc30\xaf0\xb9\x08\x00\x00\x00\x00\x06\x00\x00\
\x00\x03box\x07\x00\x00\x00\x0bEditTa\
skTab\x01\x03\x00\x00\x000\x00b\x00o\x00\
x\x00_\x00i\x00n\x00_\x00h\x00o\x00r\x00\
i\x00z\x00o\x00n\x00t\x00a\x00l\x00_\x00\
c\x00e\x00n\x00t\x00e\x00r\x08\x00\x00\x00\x00\
\x06\x00\x00\x00\x18box_in_hori\
zontal_center\x07\x00\x00\
\x00\x0bEditTaskTab\x01\x03\x00\
\x00\x00\x1a\x00b\x00o\x00x\x00_\x00o\x00f\x00\
_\x00s\x00c\x00r\x00e\x00e\x00n\x08\x00\x00\
\x00\x00\x06\x00\x00\x00\x0dbox_of_sc\
reen\x07\x00\x00\x00\x0bEditTas\
kTab\x01\x03\x00\x00\x00(\x00b\x00o\x00x\
\x00_\x00o\x00f\x00_\x00s\x00c\x00r\x00e\
\x00e\x00n\x00_\x00s\x00c\x00a\x00l\x00e\
\x00d\x08\x00\x00\x00\x00\x06\x00\x00\x00\x14box_\
of_screen_scaled\
\x07\x00\x00\x00\x0bEditTaskTab\
\x01\x03\x00\x00\x004\x00c\x00a\x00l\x00c\x00u\
\x00l\x00a\x00t\x00e\x00_\x00c\x00o\x00l\
\x00o\x00r\x00_\x00p\x00e\x00r\x00c\x00e\
\x00n\x00t\x00a\x00g\x00e\x08\x00\x00\x00\x00\x06\
\x00\x00\x00\x1acalculate_co\
lor_percentage\x07\x00\
\x00\x00\x0bEditTaskTab\x01\x03\
\x00\x00\x00\x12\x00c\x00l\x00e\x00a\x00r\x00_\
\x00b\x00o\x00x\x08\x00\x00\x00\x00\x06\x00\x00\x00\x09\
clear_box\x07\x00\x00\x00\x0bEd\
itTaskTab\x01\x03\x00\x00\x00\x0a\x00\
c\x00l\x00i\x00c\x00k\x08\x00\x00\x00\x00\x06\x00\
\x00\x00\x05click\x07\x00\x00\x00\x0bEdi\
tTaskTab\x01\x03\x00\x00\x00\x12\x00c\
\x00l\x00i\x00c\x00k\x00_\x00b\x00o\x00x\
\x08\x00\x00\x00\x00\x06\x00\x00\x00\x09click_\
box\x07\x00\x00\x00\x0bEditTask\
Tab\x01\x03\x00\x00\x00.\x00c\x00l\x00i\x00\
c\x00k\x00_\x00b\x00o\x00x\x00_\x00i\x00\
f\x00_\x00n\x00a\x00m\x00e\x00_\x00m\x00\
a\x00t\x00c\x00h\x08\x00\x00\x00\x00\x06\x00\x00\x00\
\x17click_box_if_na\
me_match\x07\x00\x00\x00\x0bEdi\
tTaskTab\x01\x03\x00\x00\x00\x1c\x00c\
\x00l\x00i\x00c\x00k\x00_\x00r\x00e\x00l\
\x00a\x00t\x00i\x00v\x00e\x08\x00\x00\x00\x00\x06\
\x00\x00\x00\x0eclick_relati\
ve\x07\x00\x00\x00\x0bEditTaskT\
ab\x01\x03\x00\x00\x00\x12\x00c\x00l\x00i\x00p\
\x00b\x00o\x00a\x00r\x00d\x08\x00\x00\x00\x00\x06\
\x00\x00\x00\x09clipboard\x07\x00\x00\
\x00\x0bEditTaskTab\x01\x03\x00\
\x00\x00\x1e\x00c\x00r\x00e\x00a\x00t\x00e\x00\
_\x00s\x00h\x00o\x00r\x00t\x00c\x00u\x00\
t\x08\x00\x00\x00\x00\x06\x00\x00\x00\x0fcreat\
e_shortcut\x07\x00\x00\x00\x0bE\
ditTaskTab\x01\x03\x00\x00\x00\x0e\
\x00d\x00i\x00s\x00a\x00b\x00l\x00e\x08\x00\
\x00\x00\x00\x06\x00\x00\x00\x07disable\x07\
\x00\x00\x00\x0bEditTaskTab\x01\
\x03\x00\x00\x00\x14\x00d\x00r\x00a\x00w\x00_\x00\
b\x00o\x00x\x00e\x00s\x08\x00\x00\x00\x00\x06\x00\
\x00\x00\x0adraw_boxes\x07\x00\x00\
\x00\x0bEditTaskTab\x01\x03\x00\
\x00\x00\x0c\x00e\x00n\x00a\x00b\x00l\x00e\x08\
\x00\x00\x00\x00\x06\x00\x00\x00\x06enable\x07\
\x00\x00\x00\x0bEditTaskTab\x01\
\x03\x00\x00\x00\x1e\x00e\x00n\x00s\x00u\x00r\x00\
e\x00_\x00i\x00n\x00_\x00f\x00r\x00o\x00\
n\x00t\x08\x00\x00\x00\x00\x06\x00\x00\x00\x0fens\
ure_in_front\x07\x00\x00\x00\
\x0bEditTaskTab\x01\x03\x00\x00\
\x00\x1c\x00f\x00e\x00a\x00t\x00u\x00r\x00e\
\x00_\x00e\x00x\x00i\x00s\x00t\x00s\x08\x00\
\x00\x00\x00\x06\x00\x00\x00\x0efeature_\
exists\x07\x00\x00\x00\x0bEditT\
askTab\x01\x03\x00\x00\x00\x04i\x1c}\x22\
\x08\x00\x00\x00\x00\x06\x00\x00\x00\x04find\x07\x00\
\x00\x00\x0bEditTaskTab\x01\x03\
\x00\x00\x00,\x00f\x00i\x00n\x00d\x00_\x00b\
\x00e\x00s\x00t\x00_\x00m\x00a\x00t\x00c\
\x00h\x00_\x00i\x00n\x00_\x00b\x00o\x00x\
\x08\x00\x00\x00\x00\x06\x00\x00\x00\x16find_b\
est_match_in_box\
\x07\x00\x00\x00\x0bEditTaskTab\
\x01\x03\x00\x00\x00\x14\x00f\x00i\x00n\x00d\x00_\
\x00b\x00o\x00x\x00e\x00s\x08\x00\x00\x00\x00\x06\
\x00\x00\x00\x0afind_boxes\x07\x00\
\x00\x00\x0bEditTaskTab\x01\x03\
\x00\x00\x00\x18\x00f\x00i\x00n\x00d\x00_\x00f\
\x00e\x00a\x00t\x00u\x00r\x00e\x08\x00\x00\x00\
\x00\x06\x00\x00\x00\x0cfind_featu\
re\x07\x00\x00\x00\x0bEditTaskT\
ab\x01\x03\x00\x00\x00(\x00f\x00i\x00n\x00d\
\x00_\x00f\x00e\x00a\x00t\x00u\x00r\x00e\
\x00_\x00a\x00n\x00d\x00_\x00s\x00e\x00t\
\x08\x00\x00\x00\x00\x06\x00\x00\x00\x14find_f\
eature_and_set\x07\x00\
\x00\x00\x0bEditTaskTab\x01\x03\
\x00\x00\x00.\x00f\x00i\x00n\x00d\x00_\x00f\
\x00i\x00r\x00s\x00t\x00_\x00m\x00a\x00t\
\x00c\x00h\x00_\x00i\x00n\x00_\x00b\x00o\
\x00x\x08\x00\x00\x00\x00\x06\x00\x00\x00\x17find\
_first_match_in_\
box\x07\x00\x00\x00\x0bEditTask\
Tab\x01\x03\x00\x00\x00\x10\x00f\x00i\x00n\x00\
d\x00_\x00o\x00n\x00e\x08\x00\x00\x00\x00\x06\x00\
\x00\x00\x08find_one\x07\x00\x00\x00\x0b\
EditTaskTab\x01\x03\x00\x00\x00\
\x1e\x00g\x00e\x00t\x00_\x00b\x00o\x00x\x00\
_\x00b\x00y\x00_\x00n\x00a\x00m\x00e\x08\
\x00\x00\x00\x00\x06\x00\x00\x00\x0fget_box\
_by_name\x07\x00\x00\x00\x0bEdi\
tTaskTab\x01\x03\x00\x00\x00&\x00g\
\x00e\x00t\x00_\x00f\x00e\x00a\x00t\x00u\
\x00r\x00e\x00_\x00b\x00y\x00_\x00n\x00a\
\x00m\x00e\x08\x00\x00\x00\x00\x06\x00\x00\x00\x13ge\
t_feature_by_nam\
e\x07\x00\x00\x00\x0bEditTaskTa\
b\x01\x03\x00\x00\x00\x14\x00g\x00e\x00t\x00_\x00\
s\x00t\x00a\x00t\x00u\x00s\x08\x00\x00\x00\x00\
\x06\x00\x00\x00\x0aget_status\x07\
\x00\x00\x00\x0bEditTaskTab\x01\
\x03\x00\x00\x00\x22\x00g\x00e\x00t\x00_\x00t\x00\
a\x00s\x00k\x00_\x00b\x00y\x00_\x00c\x00\
l\x00a\x00s\x00s\x08\x00\x00\x00\x00\x06\x00\x00\x00\
\x11get_task_by_cla\
ss\x07\x00\x00\x00\x0bEditTaskT\
ab\x01\x03\x00\x00\x00\x12\x00g\x00o\x00_\x00t\
\x00o\x00_\x00t\x00a\x00b\x08\x00\x00\x00\x00\x06\
\x00\x00\x00\x09go_to_tab\x07\x00\x00\
\x00\x0bEditTaskTab\x01\x03\x00\
\x00\x00 \x00h\x00e\x00i\x00g\x00h\x00t\x00\
_\x00o\x00f\x00_\x00s\x00c\x00r\x00e\x00\
e\x00n\x08\x00\x00\x00\x00\x06\x00\x00\x00\x10hei\
ght_of_screen\x07\x00\x00\
\x00\x0bEditTaskTab\x01\x03\x00\
\x00\x00\x10\x00i\x00n\x00f\x00o\x00_\x00a\x00\
d\x00d\x08\x00\x00\x00\x00\x06\x00\x00\x00\x08inf\
o_add\x07\x00\x00\x00\x0bEditTa\
skTab\x01\x03\x00\x00\x00 \x00i\x00n\x00\
f\x00o\x00_\x00a\x00d\x00d\x00_\x00t\x00\
o\x00_\x00l\x00i\x00s\x00t\x08\x00\x00\x00\x00\
\x06\x00\x00\x00\x10info_add_to\
_list\x07\x00\x00\x00\x0bEditTa\
skTab\x01\x03\x00\x00\x00\x14\x00i\x00n\x00\
f\x00o\x00_\x00c\x00l\x00e\x00a\x00r\x08\
\x00\x00\x00\x00\x06\x00\x00\x00\x0ainfo_cl\
ear\x07\x00\x00\x00\x0bEditTask\
Tab\x01\x03\x00\x00\x00\x10\x00i\x00n\x00f\x00\
o\x00_\x00g\x00e\x00t\x08\x00\x00\x00\x00\x06\x00\
\x00\x00\x08info_get\x07\x00\x00\x00\x0b\
EditTaskTab\x01\x03\x00\x00\x00\
\x12\x00i\x00n\x00f\x00o\x00_\x00i\x00n\x00\
c\x00r\x08\x00\x00\x00\x00\x06\x00\x00\x00\x09inf\
o_incr\x07\x00\x00\x00\x0bEditT\
askTab\x01\x03\x00\x00\x00\x10\x00i\x00n\
\x00f\x00o\x00_\x00s\x00e\x00t\x08\x00\x00\x00\
\x00\x06\x00\x00\x00\x08info_set\x07\x00\
\x00\x00\x0bEditTaskTab\x01\x03\
\x00\x00\x00\x14\x00i\x00n\x00p\x00u\x00t\x00_\
\x00t\x00e\x00x\x00t\x08\x00\x00\x00\x00\x06\x00\x00\
\x00\x0ainput_text\x07\x00\x00\x00\
\x0bEditTaskTab\x01\x03\x00\x00\
\x00\x0c\x00i\x00s\x00_\x00a\x00d\x00b\x08\x00\
\x00\x00\x00\x06\x00\x00\x00\x06is_adb\x07\x00\
\x00\x00\x0bEditTaskTab\x01\x03\
\x00\x00\x00\x14\x00i\x00s\x00_\x00b\x00r\x00o\
\x00w\x00s\x00e\x00r\x08\x00\x00\x00\x00\x06\x00\x00\
\x00\x0ais_browser\x07\x00\x00\x00\
\x0bEditTaskTab\x01\x03\x00\x00\
\x00\x12\x00l\x00o\x00g\x00_\x00d\x00e\x00b\
\x00u\x00g\x08\x00\x00\x00\x00\x06\x00\x00\x00\x09lo\
g_debug\x07\x00\x00\x00\x0bEdit\
TaskTab\x01\x03\x00\x00\x00\x12\x00l\x00\
o\x00g\x00_\x00e\x00r\x00r\x00o\x00r\x08\
\x00\x00\x00\x00\x06\x00\x00\x00\x09log_err\
or\x07\x00\x00\x00\x0bEditTaskT\
ab\x01\x03\x00\x00\x00\x10\x00l\x00o\x00g\x00_\
\x00i\x00n\x00f\x00o\x08\x00\x00\x00\x00\x06\x00\x00\
\x00\x08log_info\x07\x00\x00\x00\x0bE\
ditTaskTab\x01\x03\x00\x00\x00\x16\
\x00l\x00o\x00g\x00_\x00w\x00a\x00r\x00n\
\x00i\x00n\x00g\x08\x00\x00\x00\x00\x06\x00\x00\x00\x0b\
log_warning\x07\x00\x00\x00\x0b\
EditTaskTab\x01\x03\x00\x00\x00\
\x18\x00m\x00i\x00d\x00d\x00l\x00e\x00_\x00\
c\x00l\x00i\x00c\x00k\x08\x00\x00\x00\x00\x06\x00\
\x00\x00\x0cmiddle_click\x07\
\x00\x00\x00\x0bEditTaskTab\x01\
\x03\x00\x00\x00*\x00m\x00i\x00d\x00d\x00l\x00\
e\x00_\x00c\x00l\x00i\x00c\x00k\x00_\x00\
r\x00e\x00l\x00a\x00t\x00i\x00v\x00e\x08\
\x00\x00\x00\x00\x06\x00\x00\x00\x15middle_\
click_relative\x07\x00\
\x00\x00\x0bEditTaskTab\x01\x03\
\x00\x00\x00\x14\x00m\x00o\x00u\x00s\x00e\x00_\
\x00d\x00o\x00w\x00n\x08\x00\x00\x00\x00\x06\x00\x00\
\x00\x0amouse_down\x07\x00\x00\x00\
\x0bEditTaskTab\x01\x03\x00\x00\
\x00\x10\x00m\x00o\x00u\x00s\x00e\x00_\x00u\
\x00p\x08\x00\x00\x00\x00\x06\x00\x00\x00\x08mous\
e_up\x07\x00\x00\x00\x0bEditTas\
kTab\x01\x03\x00\x00\x00\x08\x00m\x00o\x00v\
\x00e\x08\x00\x00\x00\x00\x06\x00\x00\x00\x04move\
\x07\x00\x00\x00\x0bEditTaskTab\
\x01\x03\x00\x00\x00\x1a\x00m\x00o\x00v\x00e\x00_\
\x00r\x00e\x00l\x00a\x00t\x00i\x00v\x00e\
\x08\x00\x00\x00\x00\x06\x00\x00\x00\x0dmove_r\
elative\x07\x00\x00\x00\x0bEdit\
TaskTab\x01\x03\x00\x00\x00\x14\x00n\x00\
e\x00x\x00t\x00_\x00f\x00r\x00a\x00m\x00\
e\x08\x00\x00\x00\x00\x06\x00\x00\x00\x0anext_\
frame\x07\x00\x00\x00\x0bEditTa\
skTab\x01\x03\x00\x00\x00\x18\x00n\x00o\x00\
t\x00i\x00f\x00i\x00c\x00a\x00t\x00i\x00\
o\x00n\x08\x00\x00\x00\x00\x06\x00\x00\x00\x0cnot\
ification\x07\x00\x00\x00\x0bEd\
itTaskTab\x01\x03\x00\x00\x00\x06\x00\
o\x00c\x00r\x08\x00\x00\x00\x00\x06\x00\x00\x00\x03o\
cr\x07\x00\x00\x00\x0bEditTaskT\
ab\x01\x03\x00\x00\x00\x18\x00o\x00u\x00t\x00_\
\x00o\x00f\x00_\x00r\x00a\x00t\x00i\x00o\
\x08\x00\x00\x00\x00\x06\x00\x00\x00\x0cout_of\
_ratio\x07\x00\x00\x00\x0bEditT\
askTab\x01\x03\x00\x00\x00\x0a\x00p\x00a\
\x00u\x00s\x00e\x08\x00\x00\x00\x00\x06\x00\x00\x00\x05\
pause\x07\x00\x00\x00\x0bEditTa\
skTab\x01\x03\x00\x00\x00\x16\x00r\x00i\x00\
g\x00h\x00t\x00_\x00c\x00l\x00i\x00c\x00\
k\x08\x00\x00\x00\x00\x06\x00\x00\x00\x0bright\
_click\x07\x00\x00\x00\x0bEditT\
askTab\x01\x03\x00\x00\x00\x14\x00s\x00c\
\x00r\x00e\x00e\x00n\x00s\x00h\x00o\x00t\
\x08\x00\x00\x00\x00\x06\x00\x00\x00\x0ascreen\
shot\x07\x00\x00\x00\x0bEditTas\
kTab\x01\x03\x00\x00\x00\x0c\x00s\x00c\x00r\
\x00o\x00l\x00l\x08\x00\x00\x00\x00\x06\x00\x00\x00\x06\
scroll\x07\x00\x00\x00\x0bEditT\
askTab\x01\x03\x00\x00\x00\x1e\x00s\x00c\
\x00r\x00o\x00l\x00l\x00_\x00r\x00e\x00l\
\x00a\x00t\x00i\x00v\x00e\x08\x00\x00\x00\x00\x06\
\x00\x00\x00\x0fscroll_relat\
ive\x07\x00\x00\x00\x0bEditTask\
Tab\x01\x03\x00\x00\x00\x10\x00s\x00e\x00n\x00\
d\x00_\x00k\x00e\x00y\x08\x00\x00\x00\x00\x06\x00\
\x00\x00\x08send_key\x07\x00\x00\x00\x0b\
EditTaskTab\x01\x03\x00\x00\x00\
\x1a\x00s\x00e\x00n\x00d\x00_\x00k\x00e\x00\
y\x00_\x00d\x00o\x00w\x00n\x08\x00\x00\x00\x00\
\x06\x00\x00\x00\x0dsend_key_do\
wn\x07\x00\x00\x00\x0bEditTaskT\
ab\x01\x03\x00\x00\x00\x16\x00s\x00e\x00n\x00d\
\x00_\x00k\x00e\x00y\x00_\x00u\x00p\x08\x00\
\x00\x00\x00\x06\x00\x00\x00\x0bsend_key\
_up\x07\x00\x00\x00\x0bEditTask\
Tab\x01\x03\x00\x00\x00\x0a\x00s\x00l\x00e\x00\
e\x00p\x08\x00\x00\x00\x00\x06\x00\x00\x00\x05sle\
ep\x07\x00\x00\x00\x0bEditTaskT\
ab\x01\x03\x00\x00\x00\x16\x00s\x00l\x00e\x00e\
\x00p\x00_\x00c\x00h\x00e\x00c\x00k\x08\x00\
\x00\x00\x00\x06\x00\x00\x00\x0bsleep_ch\
eck\x07\x00\x00\x00\x0bEditTask\
Tab\x01\x03\x00\x00\x00\x18\x00s\x00t\x00a\x00\
r\x00t\x00_\x00d\x00e\x00v\x00i\x00c\x00\
e\x08\x00\x00\x00\x00\x06\x00\x00\x00\x0cstart\
_device\x07\x00\x00\x00\x0bEdit\
TaskTab\x01\x03\x00\x00\x00\x0a\x00s\x00\
w\x00i\x00p\x00e\x08\x00\x00\x00\x00\x06\x00\x00\x00\
\x05swipe\x07\x00\x00\x00\x0bEditT\
askTab\x01\x03\x00\x00\x00\x1c\x00s\x00w\
\x00i\x00p\x00e\x00_\x00r\x00e\x00l\x00a\
\x00t\x00i\x00v\x00e\x08\x00\x00\x00\x00\x06\x00\x00\
\x00\x0eswipe_relative\
\x07\x00\x00\x00\x0bEditTaskTab\
\x01\x03\x00\x00\x00\x04\x00t\x00r\x08\x00\x00\x00\x00\x06\
\x00\x00\x00\x02tr\x07\x00\x00\x00\x0bEditT\
askTab\x01\x03\x00\x00\x00\x0e\x00t\x00r\
\x00i\x00g\x00g\x00e\x00r\x08\x00\x00\x00\x00\x06\
\x00\x00\x00\x07trigger\x07\x00\x00\x00\x0b\
EditTaskTab\x01\x03\x00\x00\x00\
\x0e\x00u\x00n\x00p\x00a\x00u\x00s\x00e\x08\
\x00\x00\x00\x00\x06\x00\x00\x00\x07unpause\
\x07\x00\x00\x00\x0bEditTaskTab\
\x01\x03\x00\x00\x00\x1c\x00w\x00a\x00i\x00t\x00_\
\x00c\x00l\x00i\x00c\x00k\x00_\x00b\x00o\
\x00x\x08\x00\x00\x00\x00\x06\x00\x00\x00\x0ewait\
_click_box\x07\x00\x00\x00\x0bE\
ditTaskTab\x01\x03\x00\x00\x00$\
\x00w\x00a\x00i\x00t\x00_\x00c\x00l\x00i\
\x00c\x00k\x00_\x00f\x00e\x00a\x00t\x00u\
\x00r\x00e\x08\x00\x00\x00\x00\x06\x00\x00\x00\x12wa\
it_click_feature\
\x07\x00\x00\x00\x0bEditTaskTab\
\x01\x03\x00\x00\x00\x1c\x00w\x00a\x00i\x00t\x00_\
\x00c\x00l\x00i\x00c\x00k\x00_\x00o\x00c\
\x00r\x08\x00\x00\x00\x00\x06\x00\x00\x00\x0ewait\
_click_ocr\x07\x00\x00\x00\x0bE\
ditTaskTab\x01\x03\x00\x00\x00\x18\
\x00w\x00a\x00i\x00t\x00_\x00f\x00e\x00a\
\x00t\x00u\x00r\x00e\x08\x00\x00\x00\x00\x06\x00\x00\
\x00\x0cwait_feature\x07\x00\
\x00\x00\x0bEditTaskTab\x01\x03\
\x00\x00\x00\x10\x00w\x00a\x00i\x00t\x00_\x00o\
\x00c\x00r\x08\x00\x00\x00\x00\x06\x00\x00\x00\x08wa\
it_ocr\x07\x00\x00\x00\x0bEditT\
askTab\x01\x03\x00\x00\x00\x14\x00w\x00a\
\x00i\x00t\x00_\x00u\x00n\x00t\x00i\x00l\
\x08\x00\x00\x00\x00\x06\x00\x00\x00\x0await_u\
ntil\x07\x00\x00\x00\x0bEditTas\
kTab\x01\x03\x00\x00\x00\x1e\x00w\x00i\x00d\
\x00t\x00h\x00_\x00o\x00f\x00_\x00s\x00c\
\x00r\x00e\x00e\x00n\x08\x00\x00\x00\x00\x06\x00\x00\
\x00\x0fwidth_of_scree\
n\x07\x00\x00\x00\x0bEditTaskTa\
b\x01\x03\x00\x00\x00\x0e\x8a-[\x9a0\x920\xea0\
\xbb0\xc30\xc8\x08\x00\x00\x00\x00\x06\x00\x00\x00\x0cR\
eset Config\x07\x00\x00\x00\x10\
GlobalConfigCard\
\x01\x03\x00\x00\x00\x0e\x8a-[\x9a0\x920\xea0\xbb\
0\xc30\xc8\x08\x00\x00\x00\x00\x06\x00\x00\x00\x0cRe\
set Config\x07\x00\x00\x00\x0fG\
lobalConfigTab\x01\x03\
\x00\x00\x00\x0a0\xad0\xe30\xf30\xbb0\xeb\x08\x00\
\x00\x00\x00\x06\x00\x00\x00\x06Cancel\x07\x00\
\x00\x00\x0bHwndChooser\x01\x03\
\x00\x00\x00\x100\xa60\xa30\xf30\xc90\xa60\x92\
\x90xb\x9e\x08\x00\x00\x00\x00\x06\x00\x00\x00\x0dCh\
oose Window\x07\x00\x00\x00\x0b\
HwndChooser\x01\x03\x00\x00\x00\
\x04x\xba\x8a\x8d\x08\x00\x00\x00\x00\x06\x00\x00\x00\x07C\
onfirm\x07\x00\x00\x00\x0bHwndC\
hooser\x01\x03\x00\x00\x00\x14\x00{\x00}\
\x00 0\x92\x90xb\x9e0W0~0W0_\
\x08\x00\x00\x00\x00\x06\x00\x00\x00\x0b{} Sel\
ected\x07\x00\x00\x00\x0bHwndCh\
ooser\x01\x03\x00\x00\x00\x0a0\xad0\xe30\
\xf30\xbb0\xeb\x08\x00\x00\x00\x00\x06\x00\x00\x00\x06C\
ancel\x07\x00\x00\x00\x13Import\
WarningDialog\x01\x03\x00\
\x00\x00\x04x\xba\x8a\x8d\x08\x00\x00\x00\x00\x06\x00\x00\x00\
\x07Confirm\x07\x00\x00\x00\x13Imp\
ortWarningDialog\
\x01\x03\x00\x00\x0080\xea0\xb90\xaf0\x92t\x06\
\x89\xe30W0_N\x0a0g0\x010S0n\
0\xb90\xaf0\xea0\xd70\xc80\x920\xa40\xf3\
0\xdd0\xfc0\xc80W0~0Y0\x02\x08\x00\
\x00\x00\x00\x06\x00\x00\x006I unders\
tand the risks a\
nd want to impor\
t this script.\x07\x00\
\x00\x00\x13ImportWarning\
Dialog\x01\x03\x00\x00\x00\xce0\xb90\xaf\
0\xea0\xd70\xc80nQl\x95\x8b\x80\x050\x92\
O\xe1\x98<0W0f0D0\x8b0S0h\
0\x92x\xba\x8a\x8d0W0f0O0`0U\
0D0\x02g*i\x1c\x8a<0n0\xb90\xaf\
0\xea0\xd70\xc80o0\x010\xa20\xab0\xa6\
0\xf30\xc8\x00/0\xc70\xfc0\xbf\x00/0J\
\x91\xd10nv\xd7\x96\xe30\x010\xc70\xfc0\xbf\
0nx4X\xca0\x010\xb30\xf30\xd40\xe5\
0\xfc0\xbf0\xfc0nd\x0dP\xb7\x00/R6\
_\xa10j0i\xff\x080_0`0W0S\
0\x8c0\x890k\x96P[\x9a0U0\x8c0~\
0[0\x93\xff\x090nSq\x96z`'0L\
0B0\x8a0~0Y0\x02\x08\x00\x00\x00\x00\x06\
\x00\x00\x00\xabMake sure th\
at you trust the\
 script publishe\
r, unverified sc\
ript can and not\
 limited to stea\
l your account/ \
data money, dest\
roy your data, h\
arm/ controlling\
 your computer.\x07\
\x00\x00\x00\x13ImportWarnin\
gDialog\x01\x03\x00\x00\x00\x04\x8bfT\
J\x08\x00\x00\x00\x00\x06\x00\x00\x00\x07Warni\
ng\x07\x00\x00\x00\x13ImportWar\
ningDialog\x01\x03\x00\x00\x00\x18\
0Y0y0f0n0\xd50\xa10\xa40\xeb\
\x00 \x00(\x00*\x00)\x08\x00\x00\x00\x00\x06\x00\x00\
\x00\x0dAll Files (*)\x07\
\x00\x00\x00\x14LabelAndFile\
Selector\x01\x03\x00\x00\x00\x04S\xc2\
qg\x08\x00\x00\x00\x00\x06\x00\x00\x00\x06Brow\
se\x07\x00\x00\x00\x14LabelAndF\
ileSelector\x01\x03\x00\x00\x00\
\x0e0\xd50\xa10\xa40\xeb0\x92\x90xb\x9e\x08\
\x00\x00\x00\x00\x06\x00\x00\x00\x0bSelect \
File\x07\x00\x00\x00\x14LabelAn\
dFileSelector\x01\x03\x00\
\x00\x00\x1e0\xd50\xa10\xa40\xeb0~0_0\
o0\xd50\xa90\xeb0\xc00\xfc0\x92\x90xb\
\x9e\x08\x00\x00\x00\x00\x06\x00\x00\x00\x15Selec\
t File or Folder\
\x07\x00\x00\x00\x14LabelAndFil\
eSelector\x01\x03\x00\x00\x00\x100\
\xd50\xa90\xeb0\xc00\xfc0\x92\x90xb\x9e\x08\
\x00\x00\x00\x00\x06\x00\x00\x00\x0dSelect \
Folder\x07\x00\x00\x00\x14Label\
AndFileSelector\x01\
\x03\x00\x00\x00\x0a\x8a-[\x9a0xy\xfbR\xd5\x08\
\x00\x00\x00\x00\x06\x00\x00\x00\x0cGo to C\
onfig\x07\x00\x00\x00\x0eLabelA\
ndGlobal\x01\x03\x00\x00\x00\x060D\
0D0H\x08\x00\x00\x00\x00\x06\x00\x00\x00\x02No\
\x07\x00\x00\x00\x14LabelAndSwi\
tchButton\x01\x03\x00\x00\x00\x040\
o0D\x08\x00\x00\x00\x00\x06\x00\x00\x00\x03Yes\
\x07\x00\x00\x00\x14LabelAndSwi\
tchButton\x01\x03\x00\x00\x00\x0e\x00\
D\x00i\x00s\x00c\x00o\x00r\x00d\x08\x00\x00\
\x00\x00\x06\x00\x00\x00\x07Discord\x07\x00\
\x00\x00\x08LinksBar\x01\x03\x00\x00\x00\
\x0c0\x880O0B0\x8b\x8c\xeaUO\x08\x00\x00\
\x00\x00\x06\x00\x00\x00\x03FAQ\x07\x00\x00\x00\x08L\
inksBar\x01\x03\x00\x00\x00\x0c\x00G\x00\
i\x00t\x00H\x00u\x00b\x08\x00\x00\x00\x00\x06\x00\
\x00\x00\x06GitHub\x07\x00\x00\x00\x08Li\
nksBar\x01\x03\x00\x00\x00\x180\xc00\xa6\
0\xf30\xed0\xfc0\xc90\xea0\xf30\xaf0\x92\
Qqg\x09\x08\x00\x00\x00\x00\x06\x00\x00\x00\x05Sh\
are\x07\x00\x00\x00\x08LinksBar\
\x01\x03\x00\x00\x00*Qqg\x090\xea0\xf30\xaf\
0\x920\xaf0\xea0\xc30\xd70\xdc0\xfc0\xc9\
0k0\xb30\xd40\xfc0W0~0W0_\
\x08\x00\x00\x00\x00\x06\x00\x00\x00\x1eShare \
Link copied to c\
lipboard\x07\x00\x00\x00\x08Lin\
ksBar\x01\x03\x00\x00\x00\x0a0\xb90\xdd0\
\xf30\xb50\xfc\x08\x00\x00\x00\x00\x06\x00\x00\x00\x07S\
ponsor\x07\x00\x00\x00\x08Links\
Bar\x01\x03\x00\x00\x00\x08Qh0\xec0\xd90\
\xeb\x08\x00\x00\x00\x00\x06\x00\x00\x00\x0aAll L\
evels\x07\x00\x00\x00\x09LogWin\
dow\x01\x03\x00\x00\x00\x060\xaf0\xea0\xa2\x08\
\x00\x00\x00\x00\x06\x00\x00\x00\x05Clear\x07\x00\
\x00\x00\x09LogWindow\x01\x03\x00\x00\
\x00\x06\x95\x890X0\x8b\x08\x00\x00\x00\x00\x06\x00\x00\
\x00\x05Close\x07\x00\x00\x00\x09LogW\
indow\x01\x03\x00\x00\x00\x080\xc90\xe90\
\xc30\xb0\x08\x00\x00\x00\x00\x06\x00\x00\x00\x04Dra\
g\x07\x00\x00\x00\x09LogWindow\x01\
\x03\x00\x00\x00\x160\xed0\xb00\x920\xd50\xa30\
\xeb0\xbf0\xfc\x00.\x00.\x00.\x08\x00\x00\x00\x00\
\x06\x00\x00\x00\x0eFilter logs\
...\x07\x00\x00\x00\x09LogWindo\
w\x01\x03\x00\x00\x00\x0a0\xed0\xb00\x92\x95\x8b0\
O\x08\x00\x00\x00\x00\x06\x00\x00\x00\x09Open \
Logs\x07\x00\x00\x00\x09LogWind\
ow\x01\x03\x00\x00\x00\x08N\x00fBP\x5ckb\
\x08\x00\x00\x00\x00\x06\x00\x00\x00\x05Pause\x07\
\x00\x00\x00\x09LogWindow\x01\x03\x00\
\x00\x00\x04V\xfa[\x9a\x08\x00\x00\x00\x00\x06\x00\x00\x00\
\x03Pin\x07\x00\x00\x00\x09LogWind\
ow\x01\x03\x00\x00\x00\x04Q\x8d\x95\x8b\x08\x00\x00\x00\
\x00\x06\x00\x00\x00\x06Resume\x07\x00\x00\x00\
\x09LogWindow\x01\x03\x00\x00\x00\x08\
V\xfa[\x9a\x89\xe3\x96d\x08\x00\x00\x00\x00\x06\x00\x00\
\x00\x05Unpin\x07\x00\x00\x00\x09LogW\
indow\x01\x03\x00\x00\x00\x0a0\xed0\xb00\
\x92\x88hy:\x08\x00\x00\x00\x00\x06\x00\x00\x00\x08V\
iew Log\x07\x00\x00\x00\x09LogW\
indow\x01\x03\x00\x00\x00$\x00o\x00k\x00\
-\x00s\x00c\x00r\x00i\x00p\x00t\x00.\x00\
l\x00o\x00g\x00 0\x92_\x85j_N-\x08\
\x00\x00\x00\x00\x06\x00\x00\x00\x19Waiting\
 for ok-script.l\
og\x07\x00\x00\x00\x09LogWindow\
\x01\x03\x00\x00\x00\x02N\xf6\x08\x00\x00\x00\x00\x06\x00\x00\
\x00\x07records\x07\x00\x00\x00\x09Lo\
gWindow\x01\x03\x00\x00\x00\x04i\x82\x89\
\x81\x08\x00\x00\x00\x00\x06\x00\x00\x00\x05About\
\x07\x00\x00\x00\x0aMainWindow\x01\
\x03\x00\x00\x00\x0a0\xad0\xe30\xd70\xc10\xe3\x08\
\x00\x00\x00\x00\x06\x00\x00\x00\x07Capture\
\x07\x00\x00\x00\x0aMainWindow\x01\
\x03\x00\x00\x00\x100\xad0\xe30\xd70\xc10\xe30\
\xa80\xe90\xfc\x08\x00\x00\x00\x00\x06\x00\x00\x00\x0dC\
apture Error\x07\x00\x00\x00\
\x0aMainWindow\x01\x03\x00\x00\x00\
\x080\xc70\xd00\xc30\xb0\x08\x00\x00\x00\x00\x06\x00\
\x00\x00\x05Debug\x07\x00\x00\x00\x0aMai\
nWindow\x01\x03\x00\x00\x00\x060\xa80\
\xe90\xfc\x08\x00\x00\x00\x00\x06\x00\x00\x00\x05Err\
or\x07\x00\x00\x00\x0aMainWindo\
w\x01\x03\x00\x00\x00\x04}BN\x86\x08\x00\x00\x00\x00\
\x06\x00\x00\x00\x04Exit\x07\x00\x00\x00\x0aMa\
inWindow\x01\x03\x00\x00\x00\x04`\xc5\
X1\x08\x00\x00\x00\x00\x06\x00\x00\x00\x04Info\
\x07\x00\x00\x00\x0aMainWindow\x01\
\x03\x00\x00\x00\x12N\x00fBP\x5ckb0W0\
~0W0_0\x02\x08\x00\x00\x00\x00\x06\x00\x00\x00\
\x0ePause Success.\x07\
\x00\x00\x00\x0aMainWindow\x01\x03\
\x00\x00\x00:0\xb20\xfc0\xe00\xa60\xa30\xf3\
0\xc90\xa60Lkc0W0O\x90xb\x9e\
0U0\x8c0f0D0\x8b0Kx\xba\x8a\x8d\
0W0f0O0`0U0D\xff\x01\x08\x00\
\x00\x00\x00\x06\x00\x00\x00;Please c\
heck whether the\
 game window is \
selected correct\
ly!\x07\x00\x00\x00\x0aMainWind\
ow\x01\x03\x00\x00\x00\x080\xea0\xea0\xfc0\xb9\
\x08\x00\x00\x00\x00\x06\x00\x00\x00\x07Releas\
e\x07\x00\x00\x00\x0aMainWindow\
\x01\x03\x00\x00\x00\x0a0\xb30\xfc0\xc9[\x9f\x88L\
\x08\x00\x00\x00\x00\x06\x00\x00\x00\x08Run Co\
de\x07\x00\x00\x00\x0aMainWindo\
w\x01\x03\x00\x00\x00\x0c0\xb90\xb10\xb80\xe50\
\xfc0\xeb\x08\x00\x00\x00\x00\x06\x00\x00\x00\x08Sch\
edule\x07\x00\x00\x00\x0aMainWi\
ndow\x01\x03\x00\x00\x00\x0a0\xb90\xaf0\xea\
0\xd70\xc8\x08\x00\x00\x00\x00\x06\x00\x00\x00\x06Sc\
ript\x07\x00\x00\x00\x0aMainWin\
dow\x01\x03\x00\x00\x00\x04\x8a-[\x9a\x08\x00\x00\
\x00\x00\x06\x00\x00\x00\x08Settings\x07\
\x00\x00\x00\x0aMainWindow\x01\x03\
\x00\x00\x00\x0a\x8dwR\xd5b\x10R\x9f0\x02\x08\x00\
\x00\x00\x00\x06\x00\x00\x00\x0eStart Su\
ccess.\x07\x00\x00\x00\x0aMainW\
indow\x01\x03\x00\x00\x00\x060\xbf0\xb90\
\xaf\x08\x00\x00\x00\x00\x06\x00\x00\x00\x05Tasks\
\x07\x00\x00\x00\x0aMainWindow\x01\
\x03\x00\x00\x00\x0c0\xc60\xf30\xd70\xec0\xfc0\
\xc8\x08\x00\x00\x00\x00\x06\x00\x00\x00\x09Templ\
ates\x07\x00\x00\x00\x0aMainWin\
dow\x01\x03\x00\x00\x00X0S0\x8c0o0\
\xd50\xea0\xfc0\xbd0\xd50\xc80\xa60\xa70\
\xa20g0Y0\x020\x820W0i0S0\
K0g\x8c\xfcQe0W0_X4T\x080\
\x01\x8c\xa9X\xf2\x80\x050k\x8f\xd4\x91\xd10\x92\x89\
\x81lB0W0f0O0`0U0D0\
\x02\x08\x00\x00\x00\x00\x06\x00\x00\x00ZThis \
is a free softwa\
re. If you purch\
ased this anywhe\
re, request a re\
fund from the se\
ller.\x07\x00\x00\x00\x0aMainWi\
ndow\x01\x03\x00\x00\x00\x080\xc80\xea0\xac\
0\xfc\x08\x00\x00\x00\x00\x06\x00\x00\x00\x08Trig\
gers\x07\x00\x00\x00\x0aMainWin\
dow\x01\x03\x00\x00\x00\x0c0\xa20\xc30\xd70\
\xc70\xfc0\xc8\x08\x00\x00\x00\x00\x06\x00\x00\x00\x06U\
pdate\x07\x00\x00\x00\x0aMainWi\
ndow\x01\x03\x00\x00\x00\x0e0\xa20\xaf0\xc6\
0\xa30\xd90\xfc0\xc8\x08\x00\x00\x00\x00\x06\x00\x00\
\x00\x06\xe6\xbf\x80\xe6\xb4\xbb\x07\x00\x00\x00\x0aMai\
nWindow\x01\x03\x00\x00\x00\x0cRJ\x96\
d\x00 \x00(\x00D\x00)\x08\x00\x00\x00\x00\x06\x00\
\x00\x00\x0aDelete (D)\x07\x00\x00\
\x00\x0cMarkUpWindow\x01\x03\
\x00\x00\x00\x0cc\xcfu;\x00 \x00(\x00R\x00)\
\x08\x00\x00\x00\x00\x06\x00\x00\x00\x08Draw (\
R)\x07\x00\x00\x00\x0cMarkUpWin\
dow\x01\x03\x00\x00\x00\x0cj\x19l\xe80\xa80\
\xc70\xa30\xbf\x08\x00\x00\x00\x00\x06\x00\x00\x00\x0dM\
arkup Editor\x07\x00\x00\x00\
\x0cMarkUpWindow\x01\x03\x00\
\x00\x00\x18Y\x09f\xf4\x00 \x00(0\xc00\xd60\
\xeb0\xaf0\xea0\xc30\xaf\x00)\x08\x00\x00\x00\x00\
\x06\x00\x00\x00\x15Modify (Dou\
ble Click)\x07\x00\x00\x00\x0cM\
arkUpWindow\x01\x03\x00\x00\x00\
\x16S\xf30\xaf0\xea0\xc30\xaf0g\x82r0\
\x920\xb30\xd40\xfc\x08\x00\x00\x00\x00\x06\x00\x00\x00\
\x19Right click to \
copy color\x07\x00\x00\x00\x0cM\
arkUpWindow\x01\x03\x00\x00\x00\
\x04x\xba\x8a\x8d\x08\x00\x00\x00\x00\x06\x00\x00\x00\x07C\
onfirm\x07\x00\x00\x00\x0dMessa\
geWindow\x01\x03\x00\x00\x00\x04\x8f\xfd\
R\xa0\x08\x00\x00\x00\x00\x06\x00\x00\x00\x03Add\x07\
\x00\x00\x00\x10ModifyListDi\
alog\x01\x03\x00\x00\x00\x14R)u(S\xef\
\x80\xfd0j0\xaa0\xd70\xb70\xe70\xf3\x08\x00\
\x00\x00\x00\x06\x00\x00\x00\x11Availabl\
e Options\x07\x00\x00\x00\x10Mo\
difyListDialog\x01\x03\
\x00\x00\x00\x0a0\xad0\xe30\xf30\xbb0\xeb\x08\x00\
\x00\x00\x00\x06\x00\x00\x00\x06Cancel\x07\x00\
\x00\x00\x10ModifyListDia\
log\x01\x03\x00\x00\x00$0\xaa0\xd70\xb70\
\xe70\xf30\x920\xaf0\xea0\xc30\xaf0W0\
f\x8f\xfdR\xa00W0~0Y0\x02\x08\x00\x00\
\x00\x00\x06\x00\x00\x00\x1aClick an \
option to add it\
.\x07\x00\x00\x00\x10ModifyList\
Dialog\x01\x03\x00\x00\x00\x04x\xba\x8a\x8d\
\x08\x00\x00\x00\x00\x06\x00\x00\x00\x07Confir\
m\x07\x00\x00\x00\x10ModifyList\
Dialog\x01\x03\x00\x00\x00\x04}\xe8\x96\xc6\
\x08\x00\x00\x00\x00\x06\x00\x00\x00\x04Edit\x07\x00\
\x00\x00\x10ModifyListDia\
log\x01\x03\x00\x00\x00\x04O\xeekc\x08\x00\x00\
\x00\x00\x06\x00\x00\x00\x06Modify\x07\x00\x00\
\x00\x10ModifyListDial\
og\x01\x03\x00\x00\x00\x04N\x0b0x\x08\x00\x00\x00\
\x00\x06\x00\x00\x00\x09Move Down\x07\
\x00\x00\x00\x10ModifyListDi\
alog\x01\x03\x00\x00\x00\x04N\x0a0x\x08\x00\
\x00\x00\x00\x06\x00\x00\x00\x07Move Up\x07\
\x00\x00\x00\x10ModifyListDi\
alog\x01\x03\x00\x00\x00\x04RJ\x96d\x08\x00\
\x00\x00\x00\x06\x00\x00\x00\x06Remove\x07\x00\
\x00\x00\x10ModifyListDia\
log\x01\x03\x00\x00\x00\x160\xaa0\xd70\xb70\
\xe70\xf30\x92i\x1c}\x22\x00.\x00.\x00.\x08\
\x00\x00\x00\x00\x06\x00\x00\x00\x11Search \
options...\x07\x00\x00\x00\x10M\
odifyListDialog\x01\
\x03\x00\x00\x00\x12\x90xb\x9e0W0_0\xaa0\
\xd70\xb70\xe70\xf3\x08\x00\x00\x00\x00\x06\x00\x00\x00\
\x10Selected Option\
s\x07\x00\x00\x00\x10ModifyList\
Dialog\x01\x03\x00\x00\x00\x04O\xeekc\
\x08\x00\x00\x00\x00\x06\x00\x00\x00\x06Modify\
\x07\x00\x00\x00\x0eModifyListI\
tem\x01\x03\x00\x00\x00\x10\x00(\x000\x00 \x00\
=\x00 q!R\xb9\x00)\x08\x00\x00\x00\x00\x06\x00\
\x00\x00\x0e(0 = disabled\
)\x07\x00\x00\x00\x18ModifySche\
duleTaskDialog\x01\x03\
\x00\x00\x00\x08\x002\x004fB\x95\x93\x08\x00\x00\x00\
\x00\x06\x00\x00\x00\x0324h\x07\x00\x00\x00\x18Mo\
difyScheduleTask\
Dialog\x01\x03\x00\x00\x00 0\xbf0\xb9\
0\xaf[\x8cN\x86_\x8c0k\x81\xeaR\xd5}B\
N\x86\x00 \x00(\x00-\x00e\x00)\x08\x00\x00\x00\
\x00\x06\x00\x00\x00\x1eAuto exit \
after task done \
(-e)\x07\x00\x00\x00\x18ModifyS\
cheduleTaskDialo\
g\x01\x03\x00\x00\x00\x0a0\xad0\xe30\xf30\xbb0\
\xeb\x08\x00\x00\x00\x00\x06\x00\x00\x00\x06Cance\
l\x07\x00\x00\x00\x18ModifySche\
duleTaskDialog\x01\x03\
\x00\x00\x00\x080\xab0\xb90\xbf0\xe0\x08\x00\x00\x00\
\x00\x06\x00\x00\x00\x06Custom\x07\x00\x00\x00\
\x18ModifyScheduleT\
askDialog\x01\x03\x00\x00\x00\x0c0\
\xab0\xb90\xbf0\xe0\x95\x93\x96\x94\x08\x00\x00\x00\x00\
\x06\x00\x00\x00\x0fCustom Inte\
rval\x07\x00\x00\x00\x18ModifyS\
cheduleTaskDialo\
g\x01\x03\x00\x00\x00\x04k\xcee\xe5\x08\x00\x00\x00\x00\
\x06\x00\x00\x00\x05Daily\x07\x00\x00\x00\x18M\
odifyScheduleTas\
kDialog\x01\x03\x00\x00\x00\x02e\xe5\x08\
\x00\x00\x00\x00\x06\x00\x00\x00\x04Days\x07\x00\x00\
\x00\x18ModifySchedule\
TaskDialog\x01\x03\x00\x00\x00\x04\
fB\x95\x93\x08\x00\x00\x00\x00\x06\x00\x00\x00\x04Ho\
ur\x07\x00\x00\x00\x18ModifySch\
eduleTaskDialog\x01\
\x03\x00\x00\x00\x04fB\x95\x93\x08\x00\x00\x00\x00\x06\x00\
\x00\x00\x05Hours\x07\x00\x00\x00\x18Mod\
ifyScheduleTaskD\
ialog\x01\x03\x00\x00\x00\x02R\x06\x08\x00\x00\
\x00\x00\x06\x00\x00\x00\x06Minute\x07\x00\x00\
\x00\x18ModifySchedule\
TaskDialog\x01\x03\x00\x00\x00\x04\
O\xeekc\x08\x00\x00\x00\x00\x06\x00\x00\x00\x06Mo\
dify\x07\x00\x00\x00\x18ModifyS\
cheduleTaskDialo\
g\x01\x03\x00\x00\x00\x180\xb90\xb10\xb80\xe50\
\xfc0\xeb0\xbf0\xb90\xaf0\x92O\xeekc\x08\
\x00\x00\x00\x00\x06\x00\x00\x00\x14Modify \
Schedule Task\x07\x00\x00\
\x00\x18ModifySchedule\
TaskDialog\x01\x03\x00\x00\x00\x04\
k\xceg\x08\x08\x00\x00\x00\x00\x06\x00\x00\x00\x07Mo\
nthly\x07\x00\x00\x00\x18Modify\
ScheduleTaskDial\
og\x01\x03\x00\x00\x00\x04N\x00V\xde\x08\x00\x00\x00\
\x00\x06\x00\x00\x00\x04Once\x07\x00\x00\x00\x18M\
odifyScheduleTas\
kDialog\x01\x03\x00\x00\x00\x08\x95\x8bY\
\xcbfB\x95\x93\x08\x00\x00\x00\x00\x06\x00\x00\x00\x0aS\
tart Time\x07\x00\x00\x00\x18Mo\
difyScheduleTask\
Dialog\x01\x03\x00\x00\x00\x0e\x8dwR\xd5\
0\xaa0\xd70\xb70\xe70\xf3\x08\x00\x00\x00\x00\x06\
\x00\x00\x00\x0fStartup Opti\
ons\x07\x00\x00\x00\x18ModifySc\
heduleTaskDialog\
\x01\x03\x00\x00\x00\x1c0\xbf0\xb90\xaf0\xa40\xf3\
0\xc70\xc30\xaf0\xb9\x00 \x00(\x00-\x00t\
\x00)\x08\x00\x00\x00\x00\x06\x00\x00\x00\x0fTask\
 Index (-t)\x07\x00\x00\x00\x18\
ModifyScheduleTa\
skDialog\x01\x03\x00\x00\x00\x080\xbf\
0\xb90\xafT\x0d\x08\x00\x00\x00\x00\x06\x00\x00\x00\x09\
Task Name\x07\x00\x00\x00\x18Mo\
difyScheduleTask\
Dialog\x01\x03\x00\x00\x00\x0c0\xbf0\xa4\
0\xe00\xa20\xa60\xc8\x08\x00\x00\x00\x00\x06\x00\x00\
\x00\x07Timeout\x07\x00\x00\x00\x18Mo\
difyScheduleTask\
Dialog\x01\x03\x00\x00\x00\x0e0\xc80\xea\
0\xac0\xfc0\xbf0\xa40\xd7\x08\x00\x00\x00\x00\x06\
\x00\x00\x00\x0cTrigger Type\
\x07\x00\x00\x00\x18ModifySched\
uleTaskDialog\x01\x03\x00\
\x00\x00\x04k\xce\x901\x08\x00\x00\x00\x00\x06\x00\x00\x00\
\x06Weekly\x07\x00\x00\x00\x18Modi\
fyScheduleTaskDi\
alog\x01\x03\x00\x00\x00\x18fB\x95\x93\x00 \
\x00(\x000\x00 \x00=\x00 q!R6\x96P\
\x00)\x08\x00\x00\x00\x00\x06\x00\x00\x00\x15hour\
s (0 = unlimited\
)\x07\x00\x00\x00\x18ModifySche\
duleTaskDialog\x01\x03\
\x00\x00\x00\x100\xa60\xa30\xf30\xc90\xa60\x92\
\x90xb\x9e\x08\x00\x00\x00\x00\x06\x00\x00\x00\x0dCh\
oose Window\x07\x00\x00\x00\x0e\
OneTimeTaskTab\x01\x03\
\x00\x00\x00\x04[\x8cN\x86\x08\x00\x00\x00\x00\x06\x00\x00\
\x00\x09Completed\x07\x00\x00\x00\x0e\
OneTimeTaskTab\x01\x03\
\x00\x00\x00\x04`\xc5X1\x08\x00\x00\x00\x00\x06\x00\x00\
\x00\x04Info\x07\x00\x00\x00\x0eOneTi\
meTaskTab\x01\x03\x00\x00\x00\x06[\
\x9f\x88LN-\x08\x00\x00\x00\x00\x06\x00\x00\x00\x07R\
unning\x07\x00\x00\x00\x0eOneTi\
meTaskTab\x01\x03\x00\x00\x00\x02P\
$\x08\x00\x00\x00\x00\x06\x00\x00\x00\x05Value\
\x07\x00\x00\x00\x0eOneTimeTask\
Tab\x01\x03\x00\x00\x00\x060\xa80\xe90\xfc\x08\
\x00\x00\x00\x00\x06\x00\x00\x00\x03app\x07\x00\x00\x00\
\x10QCoreApplicatio\
n\x01\x03\x00\x00\x00\x220\xbf0\xb90\xaf0\x92R\
J\x96d0W0f0\x820\x880\x8d0W0\
D0g0Y0K\xff\x1f\x08\x00\x00\x00\x00\x06\x00\
\x00\x00$Are you sure \
you want to dele\
te task\x07\x00\x00\x00\x0fSche\
duleTaskTab\x01\x03\x00\x00\x00\
\x0a0\xad0\xe30\xf30\xbb0\xeb\x08\x00\x00\x00\x00\
\x06\x00\x00\x00\x06Cancel\x07\x00\x00\x00\x0f\
ScheduleTaskTab\x01\
\x03\x00\x00\x00\x0c0\xbf0\xb90\xaf0\x92O\x5cb\
\x10\x08\x00\x00\x00\x00\x06\x00\x00\x00\x0bCreat\
e Task\x07\x00\x00\x00\x0fSched\
uleTaskTab\x01\x03\x00\x00\x00\x04\
RJ\x96d\x08\x00\x00\x00\x00\x06\x00\x00\x00\x06De\
lete\x07\x00\x00\x00\x0fSchedul\
eTaskTab\x01\x03\x00\x00\x00\x0c0\xbf\
0\xb90\xaf0\x92RJ\x96d\x08\x00\x00\x00\x00\x06\
\x00\x00\x00\x0bDelete Task\x07\
\x00\x00\x00\x0fScheduleTask\
Tab\x01\x03\x00\x00\x00\x060\xa80\xe90\xfc\x08\
\x00\x00\x00\x00\x06\x00\x00\x00\x05Error\x07\x00\
\x00\x00\x0fScheduleTaskT\
ab\x01\x03\x00\x00\x00\x1a0\xbf0\xb90\xaf0n\
O\x5cb\x100kY1eW0W0~0W\
0_\x08\x00\x00\x00\x00\x06\x00\x00\x00\x15Fail\
ed to create tas\
k\x07\x00\x00\x00\x0fScheduleTa\
skTab\x01\x03\x00\x00\x00\x1a0\xbf0\xb90\
\xaf0nRJ\x96d0kY1eW0W0\
~0W0_\x08\x00\x00\x00\x00\x06\x00\x00\x00\x15F\
ailed to delete \
task\x07\x00\x00\x00\x0fSchedul\
eTaskTab\x01\x03\x00\x00\x00\x1e0\xbf\
0\xb90\xaf0n\x8a\xad0\x7f\x8f\xbc0\x7f0k\
Y1eW0W0~0W0_\x08\x00\x00\x00\
\x00\x06\x00\x00\x00\x14Failed to \
load tasks\x07\x00\x00\x00\x0fS\
cheduleTaskTab\x01\x03\
\x00\x00\x00\x1a0\xbf0\xb90\xaf0nO\xeekc\
0kY1eW0W0~0W0_\x08\x00\
\x00\x00\x00\x06\x00\x00\x00\x15Failed t\
o modify task\x07\x00\x00\
\x00\x0fScheduleTaskTa\
b\x01\x03\x00\x00\x0040\xbf0\xb90\xaf0nO\
\xeekc0kY1eW0W0~0W0\
_\xff\x1ae\xe70\xbf0\xb90\xaf0\x92RJ\x96\
d0g0M0~0[0\x93\x08\x00\x00\x00\x00\
\x06\x00\x00\x00-Failed to m\
odify task: cann\
ot delete old ta\
sk\x07\x00\x00\x00\x0fScheduleT\
askTab\x01\x03\x00\x00\x00 O\xeekc\
0\xc00\xa40\xa20\xed0\xb00\x92\x95\x8b0Q\
0~0[0\x930g0W0_\x08\x00\x00\x00\
\x00\x06\x00\x00\x00\x1cFailed to \
open modify dial\
og\x07\x00\x00\x00\x0fScheduleT\
askTab\x01\x03\x00\x00\x00\x1e0\xbf0\xb9\
0\xaf0nR\x070\x8af\xff0H0kY1\
eW0W0~0W0_\x08\x00\x00\x00\x00\x06\
\x00\x00\x00\x15Failed to to\
ggle task\x07\x00\x00\x00\x0fSc\
heduleTaskTab\x01\x03\x00\
\x00\x00\x04f\xf4e\xb0\x08\x00\x00\x00\x00\x06\x00\x00\x00\
\x07Refresh\x07\x00\x00\x00\x0fSch\
eduleTaskTab\x01\x03\x00\x00\
\x00\x12f\xf4e\xb00kY1eW0W0~\
0W0_\x08\x00\x00\x00\x00\x06\x00\x00\x00\x0eRe\
fresh failed\x07\x00\x00\x00\
\x0fScheduleTaskTab\
\x01\x03\x00\x00\x00\x120\xb90\xb10\xb80\xe50\xfc\
0\xeb0\xbf0\xb90\xaf\x08\x00\x00\x00\x00\x06\x00\x00\
\x00\x0eSchedule Tasks\
\x07\x00\x00\x00\x0fScheduleTas\
kTab\x01\x03\x00\x00\x00\x04b\x10R\x9f\x08\x00\
\x00\x00\x00\x06\x00\x00\x00\x07Success\x07\
\x00\x00\x00\x0fScheduleTask\
Tab\x01\x03\x00\x00\x00\x160\xbf0\xb90\xaf0\
LO\x5cb\x100U0\x8c0~0W0_\x08\
\x00\x00\x00\x00\x06\x00\x00\x00\x19Task cr\
eated successful\
ly\x07\x00\x00\x00\x0fScheduleT\
askTab\x01\x03\x00\x00\x00\x160\xbf0\xb9\
0\xaf0LRJ\x96d0U0\x8c0~0W\
0_\x08\x00\x00\x00\x00\x06\x00\x00\x00\x19Task\
 deleted success\
fully\x07\x00\x00\x00\x0fSchedu\
leTaskTab\x01\x03\x00\x00\x00\x180\
\xbf0\xb90\xaf0Lq!R\xb90k0j0\
\x8a0~0W0_\x08\x00\x00\x00\x00\x06\x00\x00\x00\
\x0dTask disabled\x07\x00\
\x00\x00\x0fScheduleTaskT\
ab\x01\x03\x00\x00\x00\x180\xbf0\xb90\xaf0L\
g\x09R\xb90k0j0\x8a0~0W0_\
\x08\x00\x00\x00\x00\x06\x00\x00\x00\x0cTask e\
nabled\x07\x00\x00\x00\x0fSched\
uleTaskTab\x01\x03\x00\x00\x00\x16\
0\xbf0\xb90\xaf0LO\xeekc0U0\x8c\
0~0W0_\x08\x00\x00\x00\x00\x06\x00\x00\x00\x1a\
Task modified su\
ccessfully\x07\x00\x00\x00\x0fS\
cheduleTaskTab\x01\x03\
\x00\x00\x00\x220\xad0\xe30\xc30\xb70\xe50k\
0\xbf0\xb90\xaf0L\x89\x8b0d0K0\x8a\
0~0[0\x93\x08\x00\x00\x00\x00\x06\x00\x00\x00\x17\
Task not found i\
n cache\x07\x00\x00\x00\x0fSche\
duleTaskTab\x01\x03\x00\x00\x00\
\x160\xbf0\xb90\xaf0Lf\xf4e\xb00U0\
\x8c0~0W0_\x08\x00\x00\x00\x00\x06\x00\x00\x00\
\x0fTasks refreshed\
\x07\x00\x00\x00\x0fScheduleTas\
kTab\x01\x03\x00\x00\x00\x04d\xcdO\x5c\x08\x00\
\x00\x00\x00\x06\x00\x00\x00\x07Actions\x07\
\x00\x00\x00\x11ScheduleTask\
Table\x01\x03\x00\x00\x00\x080\xab0\xb90\
\xbf0\xe0\x08\x00\x00\x00\x00\x06\x00\x00\x00\x06Cus\
tom\x07\x00\x00\x00\x11Schedule\
TaskTable\x01\x03\x00\x00\x00\x04k\
\xcee\xe5\x08\x00\x00\x00\x00\x06\x00\x00\x00\x05Dai\
ly\x07\x00\x00\x00\x11ScheduleT\
askTable\x01\x03\x00\x00\x00\x04RJ\
\x96d\x08\x00\x00\x00\x00\x06\x00\x00\x00\x06Dele\
te\x07\x00\x00\x00\x11ScheduleT\
askTable\x01\x03\x00\x00\x00\x04q!\
R\xb9\x08\x00\x00\x00\x00\x06\x00\x00\x00\x08Disa\
bled\x07\x00\x00\x00\x11Schedul\
eTaskTable\x01\x03\x00\x00\x00\x04\
g\x09R\xb9\x08\x00\x00\x00\x00\x06\x00\x00\x00\x07En\
abled\x07\x00\x00\x00\x11Schedu\
leTaskTable\x01\x03\x00\x00\x00\
\x04O\xeekc\x08\x00\x00\x00\x00\x06\x00\x00\x00\x06M\
odify\x07\x00\x00\x00\x11Schedu\
leTaskTable\x01\x03\x00\x00\x00\
\x04k\xceg\x08\x08\x00\x00\x00\x00\x06\x00\x00\x00\x07M\
onthly\x07\x00\x00\x00\x11Sched\
uleTaskTable\x01\x03\x00\x00\
\x00\x08k!V\xde[\x9f\x88L\x08\x00\x00\x00\x00\x06\
\x00\x00\x00\x08Next Run\x07\x00\x00\x00\
\x11ScheduleTaskTab\
le\x01\x03\x00\x00\x00\x04N\x00V\xde\x08\x00\x00\x00\
\x00\x06\x00\x00\x00\x04Once\x07\x00\x00\x00\x11S\
cheduleTaskTable\
\x01\x03\x00\x00\x00\x08n\x96P\x99[\x8cN\x86\x08\x00\
\x00\x00\x00\x06\x00\x00\x00\x05Ready\x07\x00\x00\
\x00\x11ScheduleTaskTa\
ble\x01\x03\x00\x00\x00\x06[\x9f\x88LN-\x08\
\x00\x00\x00\x00\x06\x00\x00\x00\x07Running\
\x07\x00\x00\x00\x11ScheduleTas\
kTable\x01\x03\x00\x00\x00\x04r\xb6aK\
\x08\x00\x00\x00\x00\x06\x00\x00\x00\x06Status\
\x07\x00\x00\x00\x11ScheduleTas\
kTable\x01\x03\x00\x00\x00\x080\xbf0\xb9\
0\xafT\x0d\x08\x00\x00\x00\x00\x06\x00\x00\x00\x09Ta\
sk Name\x07\x00\x00\x00\x11Sche\
duleTaskTable\x01\x03\x00\
\x00\x00\x0e0\xc80\xea0\xac0\xfc0\xbf0\xa40\
\xd7\x08\x00\x00\x00\x00\x06\x00\x00\x00\x0cTrigg\
er Type\x07\x00\x00\x00\x11Sche\
duleTaskTable\x01\x03\x00\
\x00\x00\x04N\x0df\x0e\x08\x00\x00\x00\x00\x06\x00\x00\x00\
\x07Unknown\x07\x00\x00\x00\x11Sch\
eduleTaskTable\x01\x03\
\x00\x00\x00\x04k\xce\x901\x08\x00\x00\x00\x00\x06\x00\x00\
\x00\x06Weekly\x07\x00\x00\x00\x11Sch\
eduleTaskTable\x01\x03\
\x00\x00\x008\x00A\x00D\x00B\x00 \x00(0\xd0\
0\xc30\xaf0\xb00\xe90\xa60\xf30\xc9[\xfe\
_\xdc0\x01ON\x90\x1f0\x01\x9a\xd8N\x92c\xdb\
`'0\x01\x9a\xd8\x90E^\xf6\x00)\x08\x00\x00\x00\
\x00\x06\x00\x00\x00@ADB(Suppor\
ts Background, S\
low, High Compat\
ibility, High La\
tency)\x07\x00\x00\x00\x15Selec\
tCaptureListView\
\x01\x03\x00\x00\x00(\x00B\x00i\x00t\x00B\x00l\
\x00t\x00 \x00-\x00 g\x00\x90\x1f0\x01g\x00\
0\x82N\x92c\xdb`'0LON0D\x08\x00\
\x00\x00\x00\x06\x00\x00\x00\x06BitBlt\x07\x00\
\x00\x00\x15SelectCapture\
ListView\x01\x03\x00\x00\x00>\x00B\
\x00i\x00t\x00B\x00l\x00t\x00_\x00R\x00e\
\x00n\x00d\x00e\x00r\x00F\x00u\x00l\x00l\
\x00 \x00-\x00 \x90E0D0\x01g\x000\x82\
N\x92c\xdb`'0L\x9a\xd80D\x08\x00\x00\x00\
\x00\x06\x00\x00\x00\x11BitBlt_Ren\
derFull\x07\x00\x00\x00\x15Sele\
ctCaptureListVie\
w\x01\x03\x00\x00\x00\x120\xd60\xe90\xa60\xb60\
\xad0\xe30\xd70\xc10\xe3\x08\x00\x00\x00\x00\x06\x00\
\x00\x00\x0fBrowser Captu\
re\x07\x00\x00\x00\x15SelectCap\
tureListView\x01\x03\x00\x00\
\x00.\x00D\x00X\x00G\x00I\x00 \x00-\x00 \
g\x000\x82\x90E0D0\x010\xd00\xc30\xaf\
0\xa20\xc30\xd70h0W0fO\x7fu(\
\x08\x00\x00\x00\x00\x06\x00\x00\x00\x04DXGI\x07\x00\
\x00\x00\x15SelectCapture\
ListView\x01\x03\x00\x00\x00<0\xa8\
0\xdf0\xe50\xec0\xfc0\xbf0\xa60\xa30\xf3\
0\xc90\xa6\x00(0\xd00\xc30\xaf0\xb00\xe9\
0\xa60\xf30\xc9[\xfe_\xdc0\x01\x9a\xd8\x90\x1f\
0\x01ON\x90E^\xf6\x00)\x08\x00\x00\x00\x00\x06\
\x00\x00\x007Emulator Win\
dow(Supports Bac\
kground, Fast, L\
ow Latency)\x07\x00\x00\x00\x15\
SelectCaptureLis\
tView\x01\x03\x00\x00\x00\x100\xb20\xfc0\
\xe00\xa60\xa30\xf30\xc90\xa6\x08\x00\x00\x00\x00\
\x06\x00\x00\x00\x0bGame Window\
\x07\x00\x00\x00\x15SelectCaptu\
reListView\x01\x03\x00\x00\x002\
\x00I\x00P\x00C\x00 \x00(\x00M\x00u\x00M\
\x00u\x00P\x00l\x00a\x00y\x00e\x00r\x001\
\x002\x00 \x00v\x004\x00.\x000N\xe5N\x0a\
\x00)\x08\x00\x00\x00\x00\x06\x00\x00\x00!Ipc \
(MuMuPlayer12 ve\
rsion >= 4.0)\x07\x00\x00\
\x00\x15SelectCaptureL\
istView\x01\x03\x00\x00\x00 \x00W\x00\
G\x00C\x00 \x00-\x00 \x00>\x00=\x00W\x00\
i\x00n\x001\x0000\x01\x9a\xd8\x90\x1f\x08\x00\x00\
\x00\x00\x06\x00\x00\x00\x03WGC\x07\x00\x00\x00\x15S\
electCaptureList\
View\x01\x03\x00\x00\x002\x00A\x00D\x00B\
\x00I\x00n\x00t\x00e\x00r\x00a\x00c\x00t\
\x00i\x00o\x00n\x00 \x00-\x00 0\xd00\xc3\
0\xaf0\xb00\xe90\xa60\xf30\xc9\x08\x00\x00\x00\
\x00\x06\x00\x00\x00\x0eADBInterac\
tion\x07\x00\x00\x00\x19SelectI\
nteractionListVi\
ew\x01\x03\x00\x00\x00:\x00B\x00r\x00o\x00w\
\x00s\x00e\x00r\x00I\x00n\x00t\x00e\x00r\
\x00a\x00c\x00t\x00i\x00o\x00n\x00 \x00-\
\x00 0\xd00\xc30\xaf0\xb00\xe90\xa60\xf3\
0\xc9\x08\x00\x00\x00\x00\x06\x00\x00\x00\x12Brow\
serInteraction\x07\x00\
\x00\x00\x19SelectInterac\
tionListView\x01\x03\x00\x00\
\x00J\x00G\x00e\x00n\x00s\x00h\x00i\x00n\
\x00 \x00-\x00 0\xd00\xc30\xaf0\xb00\xe9\
0\xa60\xf30\xc90\x01N\x00\x90\xe80n\x00 \
\x00U\x00n\x00i\x00t\x00y\x00 0\xb20\xfc\
0\xe00\x920\xb50\xdd0\xfc0\xc8\x08\x00\x00\x00\
\x00\x06\x00\x00\x00\x07Genshin\x07\x00\x00\
\x00\x19SelectInteract\
ionListView\x01\x03\x00\x00\x00\
L\x00P\x00o\x00s\x00t\x00M\x00e\x00s\x00\
s\x00a\x00g\x00e\x00 \x00-\x00 0\xd00\
\xc30\xaf0\xb00\xe90\xa60\xf30\xc90\x010\
{0h0\x930i0n0\xa20\xd70\xea0\
hN\x00\x90\xe80n0\xb20\xfc0\xe0\x08\x00\x00\
\x00\x00\x06\x00\x00\x00\x0bPostMessa\
ge\x07\x00\x00\x00\x19SelectInt\
eractionListView\
\x01\x03\x00\x00\x00D\x00P\x00y\x00D\x00i\x00r\
\x00e\x00c\x00t\x00 \x00-\x00 0\xd50\xa9\
0\xa20\xb00\xe90\xa60\xf30\xc90\x01\x00P\
\x00y\x00n\x00p\x00u\x00t\x00 0n0\xd0\
0\xc30\xaf0\xa20\xc30\xd7\x08\x00\x00\x00\x00\x06\
\x00\x00\x00\x08PyDirect\x07\x00\x00\x00\
\x19SelectInteracti\
onListView\x01\x03\x00\x00\x004\
\x00P\x00y\x00n\x00p\x00u\x00t\x00 \x00-\
\x00 0\xd50\xa90\xa20\xb00\xe90\xa60\xf3\
0\xc90\x01g\x000\x82N\x92c\xdb`'0L\
\x9a\xd80D\x08\x00\x00\x00\x00\x06\x00\x00\x00\x06Py\
nput\x07\x00\x00\x00\x19SelectI\
nteractionListVi\
ew\x01\x03\x00\x00\x00\x04i\x82\x89\x81\x08\x00\x00\x00\
\x00\x06\x00\x00\x00\x05About\x07\x00\x00\x00\x0a\
SettingTab\x01\x03\x00\x00\x00\x0a\
0\xa20\xd70\xea\x8a-[\x9a\x08\x00\x00\x00\x00\x06\
\x00\x00\x00\x0aApp Config\x07\x00\
\x00\x00\x0aSettingTab\x01\x03\x00\
\x00\x00\x0a0\xa20\xd70\xea\x8a-[\x9a\x08\x00\x00\
\x00\x00\x06\x00\x00\x00\x0cApp Setti\
ngs\x07\x00\x00\x00\x0aSettingT\
ab\x01\x03\x00\x00\x00\x0e0\xa20\xd70\xea0n\
0\xc60\xfc0\xde\x08\x00\x00\x00\x00\x06\x00\x00\x00\x11\
Application Them\
e\x07\x00\x00\x00\x0aSettingTab\
\x01\x03\x00\x00\x00\x1c0\xa20\xd70\xea0\xb10\xfc\
0\xb70\xe70\xf30nY\x16\x89\xb30\x92Y\x09\
f\xf4\x08\x00\x00\x00\x00\x06\x00\x00\x00(Chan\
ge the appearanc\
e of the applica\
tion\x07\x00\x00\x00\x0aSetting\
Tab\x01\x03\x00\x00\x00\x120\xa20\xc30\xd70\
\xc70\xfc0\xc80\x92x\xba\x8a\x8d\x08\x00\x00\x00\x00\
\x06\x00\x00\x00\x0cCheck updat\
e\x07\x00\x00\x00\x0aSettingTab\
\x01\x03\x00\x00\x00\x1e\x8a-[\x9a0oQ\x8d\x8dw\
R\xd5_\x8c0kg\x09R\xb90k0j0\x8a\
0~0Y\x08\x00\x00\x00\x00\x06\x00\x00\x00(Co\
nfiguration take\
s effect after r\
estart\x07\x00\x00\x00\x0aSetti\
ngTab\x01\x03\x00\x00\x00\x060\xc00\xfc0\
\xaf\x08\x00\x00\x00\x00\x06\x00\x00\x00\x04Dark\x07\
\x00\x00\x00\x0aSettingTab\x01\x03\
\x00\x00\x00J\x00P\x00y\x00Q\x00t\x00-\x00F\
\x00l\x00u\x00e\x00n\x00t\x00-\x00W\x00i\
\x00d\x00g\x00e\x00t\x00s0ne\xb0j_\
\x80\xfd0\x92vz\x89\x8b0W0\x01_yz\xcb\
0d0\xd20\xf30\xc80\x92[f0v\x08\x00\
\x00\x00\x00\x06\x00\x00\x00EDiscover\
 new features an\
d learn useful t\
ips about PyQt-F\
luent-Widgets\x07\x00\x00\
\x00\x0aSettingTab\x01\x03\x00\x00\
\x00\x060\xd80\xeb0\xd7\x08\x00\x00\x00\x00\x06\x00\x00\
\x00\x04Help\x07\x00\x00\x00\x0aSetti\
ngTab\x01\x03\x00\x00\x00\x04\x8a\x00\x8a\x9e\x08\
\x00\x00\x00\x00\x06\x00\x00\x00\x08Languag\
e\x07\x00\x00\x00\x0aSettingTab\
\x01\x03\x00\x00\x00\x060\xe90\xa40\xc8\x08\x00\x00\x00\
\x00\x06\x00\x00\x00\x05Light\x07\x00\x00\x00\x0a\
SettingTab\x01\x03\x00\x00\x00\x12\
0\xd80\xeb0\xd70\xda0\xfc0\xb80\x92\x95\x8b\
0O\x08\x00\x00\x00\x00\x06\x00\x00\x00\x0eOpen\
 help page\x07\x00\x00\x00\x0aS\
ettingTab\x01\x03\x00\x00\x00\x0eQ\
*QH\x8a\x00\x8a\x9e0\x92\x8a-[\x9a\x08\x00\x00\
\x00\x00\x06\x00\x00\x00\x1bSet your \
preferred langua\
ge\x07\x00\x00\x00\x0aSettingTa\
b\x01\x03\x00\x00\x00\x14\x00U\x00I0nQ*Q\
H\x8a\x00\x8a\x9e0\x92\x8a-[\x9a\x08\x00\x00\x00\x00\
\x06\x00\x00\x00\x22Set your pr\
eferred language\
 for UI\x07\x00\x00\x00\x0aSett\
ingTab\x01\x03\x00\x00\x00\x04\x8a-[\x9a\
\x08\x00\x00\x00\x00\x06\x00\x00\x00\x08Settin\
gs\x07\x00\x00\x00\x0aSettingTa\
b\x01\x03\x00\x00\x00\x14kc^80kf\xf4e\
\xb00U0\x8c0~0W0_\x08\x00\x00\x00\x00\
\x06\x00\x00\x00\x14Updated suc\
cessfully\x07\x00\x00\x00\x0aSe\
ttingTab\x01\x03\x00\x00\x00\x120\xb7\
0\xb90\xc60\xe0\x8a-[\x9a0\x92O\x7fu(\
\x08\x00\x00\x00\x00\x06\x00\x00\x00\x12Use sy\
stem setting\x07\x00\x00\x00\
\x0aSettingTab\x01\x03\x00\x00\x00\
\x0a0\xd00\xfc0\xb80\xe70\xf3\x08\x00\x00\x00\x00\
\x06\x00\x00\x00\x07Version\x07\x00\x00\x00\
\x0aSettingTab\x01\x03\x00\x00\x00\
\x0e0Y0y0fN\x00fBP\x5ckb\x08\
\x00\x00\x00\x00\x06\x00\x00\x00\x09Pause A\
ll\x07\x00\x00\x00\x0bStartButt\
on\x01\x03\x00\x00\x00\x0a0Y0y0f\x95\x8b\
Y\xcb\x08\x00\x00\x00\x00\x06\x00\x00\x00\x09Star\
t All\x07\x00\x00\x00\x0bStartB\
utton\x01\x03\x00\x00\x00\x0a0\xad0\xe30\
\xd70\xc10\xe3\x08\x00\x00\x00\x00\x06\x00\x00\x00\x07C\
apture\x07\x00\x00\x00\x09Start\
Card\x01\x03\x00\x00\x00\x120\xed0\xb00\x92\
0\xa80\xaf0\xb90\xdd0\xfc0\xc8\x08\x00\x00\x00\
\x00\x06\x00\x00\x00\x0bExport Log\
s\x07\x00\x00\x00\x09StartCard\x01\
\x03\x00\x00\x00 0\xb20\xfc0\xe00\xa60\xa30\
\xf30\xc90\xa60LR\x07e\xad0U0\x8c0\
~0W0_\x08\x00\x00\x00\x00\x06\x00\x00\x00\x18G\
ame Window Disco\
nnected\x07\x00\x00\x00\x09Star\
tCard\x01\x03\x00\x00\x00\x140\xa40\xf30\
\xb90\xc80\xfc0\xeb0\xd50\xa90\xeb0\xc0\x08\
\x00\x00\x00\x00\x06\x00\x00\x00\x0eInstall\
 Folder\x07\x00\x00\x00\x09Star\
tCard\x01\x03\x00\x00\x00\x08N\x00fBP\
\x5ckb\x08\x00\x00\x00\x00\x06\x00\x00\x00\x05Pau\
se\x07\x00\x00\x00\x09StartCard\
\x01\x03\x00\x00\x00@N\x00fBP\x5ckb\x00:\
\x00 \x00P\x00CrH0\xb20\xfc0\xe00\xa6\
0\xa30\xf30\xc90\xa60og\x00RM\x97b\
0k0B0\x8b_\xc5\x89\x810L0B0\x8a\
0~0Y\xff\x01\x08\x00\x00\x00\x00\x06\x00\x00\x00(\
Paused: PC Game \
Window Must Be i\
n Front!\x07\x00\x00\x00\x09Sta\
rtCard\x01\x03\x00\x00\x00\x04f\xf4e\xb0\
\x08\x00\x00\x00\x00\x06\x00\x00\x00\x07Refres\
h\x07\x00\x00\x00\x09StartCard\x01\
\x03\x00\x00\x00\x06[\x9f\x88LN-\x08\x00\x00\x00\x00\
\x06\x00\x00\x00\x07Running\x07\x00\x00\x00\
\x09StartCard\x01\x03\x00\x00\x00\x04\
\x95\x8bY\xcb\x08\x00\x00\x00\x00\x06\x00\x00\x00\x05St\
art\x07\x00\x00\x00\x09StartCar\
d\x01\x03\x00\x00\x00\x0c0\xb20\xfc0\xe00\x92\x95\
\x8bY\xcb\x08\x00\x00\x00\x00\x06\x00\x00\x00\x0aSta\
rt Game\x07\x00\x00\x00\x09Star\
tCard\x01\x03\x00\x00\x00\x100\xbf0\xb90\
\xaf0\x920\xc80\xea0\xac0\xfc\x08\x00\x00\x00\x00\
\x06\x00\x00\x00\x0dTrigger Tas\
ks\x07\x00\x00\x00\x09StartCard\
\x01\x03\x00\x00\x00\x1c0\xbf0\xb90\xaf0\x92\x90x\
b\x9e0W0f\x95\x8bY\xcb0\x92_\x85j_\
N-\x08\x00\x00\x00\x00\x06\x00\x00\x00\x1eWait\
ing for task to \
be enabled\x07\x00\x00\x00\x09S\
tartCard\x01\x03\x00\x00\x00L0\x01\
0\xb20\xfc0\xe00\xa60\xa30\xf30\xc90\xa6\
0Lg\x00\x5c\x0fS\x160\x010\xea0\xb50\xa4\
0\xba0\x010~0_0ou;\x97bY\x16\
0k0j0D0Kx\xba\x8a\x8d0W0f\
0O0`0U0D0\x02\x08\x00\x00\x00\x00\x06\
\x00\x00\x00?, check if g\
ame windows is m\
inimized, resize\
d or out of scre\
en.\x07\x00\x00\x00\x0fStartCon\
troller\x01\x03\x00\x00\x0080\x010\
\xb50\xdd0\xfc0\xc80U0\x8c0f0D0\
\x8bg\x00\x5c\x0f\x89\xe3P\xcf^\xa60o\x00{\x00\
m\x00i\x00n\x00_\x00s\x00i\x00z\x00e\x00\
}0g0Y\x08\x00\x00\x00\x00\x06\x00\x00\x00,,\
 the supported m\
in resolution is\
 {min_size}\x07\x00\x00\x00\x0f\
StartController\x01\
\x03\x00\x00\x00@0\x010\xb50\xdd0\xfc0\xc80\
U0\x8c0f0D0\x8bk\xd4s\x870o\x00\
{\x00s\x00u\x00p\x00p\x00o\x00r\x00t\x00\
e\x00d\x00_\x00r\x00a\x00t\x00i\x00o\x00\
}0g0Y\x08\x00\x00\x00\x00\x06\x00\x00\x00*,\
 the supported r\
atio is {support\
ed_ratio}\x07\x00\x00\x00\x0fSt\
artController\x01\x03\x00\
\x00\x00.\x81\xeaR\xd5\x00H\x00D\x00R0Lg\
\x09R\xb90g0Y0\x020~0Zq!R\
\xb90k0W0f0O0`0U0D0\
\x02\x08\x00\x00\x00\x00\x06\x00\x00\x00.Auto \
HDR is enabled, \
please turn it o\
ff first.\x07\x00\x00\x00\x0fSt\
artController\x01\x03\x00\
\x00\x00@\x81\xeaR\xd5\x00H\x00D\x00R0Lg\
\x09R\xb90g0Y0\x020\xbf0\xb90\xaf0\
Lkc^80kR\xd5O\x5c0W0j0\
DS\xef\x80\xfd`'0L0B0\x8a0~0\
Y\xff\x01\x08\x00\x00\x00\x00\x06\x00\x00\x004Aut\
o HDR is enabled\
, tasks might no\
t work correctly\
!\x07\x00\x00\x00\x0fStartContr\
oller\x01\x03\x00\x00\x00N0\xb20\xfc0\
\xe00\x92\x95\x8bY\xcb0g0M0~0[0\
\x930\x020\xb20\xfc0\xe00L0\xa40\xf30\
\xb90\xc80\xfc0\xeb0U0\x8c0f0D0\
\x8b0S0h0\x92x\xba\x8a\x8d0W0f0\
O0`0U0D0\x02\x08\x00\x00\x00\x00\x06\x00\
\x00\x001Can't start g\
ame, make sure t\
he game is insta\
lled\x07\x00\x00\x00\x0fStartCo\
ntroller\x01\x03\x00\x00\x00>0\xad\
0\xe30\xd70\xc10\xe30kY1eW0W\
0~0W0_0\x020\xb20\xfc0\xe00\xa6\
0\xa30\xf30\xc90\xa60\x92x\xba\x8a\x8d0W\
0f0O0`0U0D0\x02\x08\x00\x00\x00\
\x00\x06\x00\x00\x00(Capture fa\
iled, please che\
ck game window\x07\x00\
\x00\x00\x0fStartControll\
er\x01\x03\x00\x00\x00F0\xa80\xdf0\xe50\xec\
0\xfc0\xbf0Lc\xa5}\x9a0U0\x8c0f\
0D0~0[0\x930\x020~0Z0\xa8\
0\xdf0\xe50\xec0\xfc0\xbf0\x92\x8dwR\xd5\
0W0f0O0`0U0D\xff\x01\x08\x00\
\x00\x00\x00\x06\x00\x00\x004Emulator\
 is not connecte\
d, start the emu\
lator first!\x07\x00\x00\x00\
\x0fStartController\
\x01\x03\x00\x00\x00\x16\x00G\x00P\x00U\x00 0\xc9\
0\xe90\xa40\xd00\xfc\x8bfTJ\x08\x00\x00\x00\
\x00\x06\x00\x00\x00\x12GPU Driver\
 Warning\x07\x00\x00\x00\x0fSta\
rtController\x01\x03\x00\x00\
\x0080\xb20\xfc0\xe00\xd10\xb90L[X\
W(0W0~0[0\x930\x02bKR\xd5\
0g0\xb20\xfc0\xe00\x92\x95\x8b0D0f\
0O0`0U0D\xff\x01\x08\x00\x00\x00\x00\x06\
\x00\x00\x004Game path do\
es not exist, Pl\
ease open game m\
anually!\x07\x00\x00\x00\x0fSta\
rtController\x01\x03\x00\x00\
\x00<0\xb20\xfc0\xe0\x89\xe3P\xcf^\xa6\x00{\
\x00r\x00e\x00s\x00o\x00l\x00u\x00t\x00i\
\x00o\x00n\x00}0o0\xb50\xdd0\xfc0\xc8\
0U0\x8c0f0D0~0[0\x93\x08\x00\
\x00\x00\x00\x06\x00\x00\x00-Game res\
olution {resolut\
ion} is not supp\
orted\x07\x00\x00\x00\x0fStartC\
ontroller\x01\x03\x00\x00\x00zu\
;P\xcf0\xea0\xbd0\xfc0\xb90n\x8a\xad0\
\x7f\x8f\xbc0\x7f0kY1eW0W0~0\
W0_0\x02Q\x8d0\xa40\xf30\xb90\xc80\
\xfc0\xeb0W0f0\x7f0f0O0`0\
U0D0\x02\xff\x080\xa20\xd70\xea0\x920\
\xc00\xa60\xf30\xed0\xfc0\xc90\xd50\xa90\
\xeb0\xc00kQe0\x8c0j0D0g0\
O0`0U0D\xff\x09\x08\x00\x00\x00\x00\x06\x00\
\x00\x00\x5cImage resourc\
e load failed, p\
lease try instal\
l again.(Don't p\
ut the app in Do\
wnloads folder)\x07\
\x00\x00\x00\x0fStartControl\
ler\x01\x03\x00\x00\x00\x1c0\xb20\xfc0\xe00\
L\x90xb\x9e0U0\x8c0f0D0~0\
[0\x93\xff\x01\x08\x00\x00\x00\x00\x06\x00\x00\x00\x11N\
o game selected!\
\x07\x00\x00\x00\x0fStartContro\
ller\x01\x03\x00\x00\x00L\x00P\x00CrH\
0k0o{\xa1t\x06\x80\x05j)\x96P0L\
_\xc5\x89\x810g0Y0\x020S0n0\xa2\
0\xd70\xea0\x92{\xa1t\x06\x80\x05j)\x96P\
0gQ\x8d\x8dwR\xd50W0f0O0`\
0U0D\xff\x01\x08\x00\x00\x00\x00\x06\x00\x00\x00T\
PC version requi\
res admin privil\
eges, Please res\
tart this app wi\
th admin privile\
ges!\x07\x00\x00\x00\x0fStartCo\
ntroller\x01\x03\x00\x00\x00h\x89\xe3\
P\xcf^\xa6\x00{\x00r\x00e\x00s\x00o\x00l\
\x00u\x00t\x00i\x00o\x00n\x00}0n0\xc1\
0\xa70\xc30\xaf0kY1eW0W0~\
0W0_0\x02N\x00\x90\xe80n0\xbf0\xb9\
0\xaf0Lkc^80kR\xd5O\x5c0W\
0j0DS\xef\x80\xfd`'0L0B0\x8a\
0~0Y\xff\x01\x08\x00\x00\x00\x00\x06\x00\x00\x00J\
Resolution {reso\
lution} check fa\
iled, some tasks\
 might not work \
correctly!\x07\x00\x00\x00\x0fS\
tartController\x01\x03\
\x00\x00\x00J\x90xb\x9e0U0\x8c0_0\xad\
0\xe30\xd70\xc10\xe3e\xb9l\xd50o0\x01\
0\xb20\xfc0\xe00~0_0o0\xb70\xb9\
0\xc60\xe00g0\xb50\xdd0\xfc0\xc80U\
0\x8c0f0D0~0[0\x93\xff\x01\x08\x00\
\x00\x00\x00\x06\x00\x00\x00DSelected\
 capture method \
is not supported\
 by the game or \
your system!\x07\x00\x00\x00\
\x0fStartController\
\x01\x03\x00\x00\x00@0\xb20\xfc0\xe00n\x8dw\
R\xd50kY1eW0W0~0W0_\
0\x020~0ZbKR\xd50g0\xb20\xfc\
0\xe00\x92\x8dwR\xd50W0f0O0`\
0U0D0\x02\x08\x00\x00\x00\x00\x06\x00\x00\x00*\
Start game faile\
d, please start \
game first\x07\x00\x00\x00\x0fS\
tartController\x01\x03\
\x00\x00\x00\x1c\x8dwR\xd50L0\xbf0\xa40\xe0\
0\xa20\xa60\xc80W0~0W0_\xff\x01\
\x08\x00\x00\x00\x00\x06\x00\x00\x00\x13Start \
game timeout!\x07\x00\x00\
\x00\x0fStartControlle\
r\x01\x03\x00\x00\x00X0\xa60\xa30\xf30\xc90\
\xa60Lg\x00\x5c\x0fS\x160U0\x8c0f0\
D0\x8b0Ku;\x97bY\x160k0B0\
\x8a0~0Y0\x02c\x92N\xd6Qhu;\x97\
b0\xe20\xfc0\xc90oO\x7fu(0W0\
j0D0g0O0`0U0D\xff\x01\x08\
\x00\x00\x00\x00\x06\x00\x00\x00KWindow \
is minimized or \
out of screen, a\
nd do NOT use fu\
ll-screen exclus\
ive!\x07\x00\x00\x00\x0fStartCo\
ntroller\x01\x03\x00\x00\x00X0\xa6\
0\xa30\xf30\xc90\xa60Lg\x00\x5c\x0fS\x16\
0U0\x8c0f0D0\x8b0Ku;\x97b\
Y\x160k0B0\x8a0~0Y0\x02c\x92\
N\xd6Qhu;\x97b0\xe20\xfc0\xc90o\
O\x7fu(0W0j0D0g0O0`\
0U0D\xff\x01\x08\x00\x00\x00\x00\x06\x00\x00\x00O\
Window is minimi\
zed or out of sc\
reen, and don't \
use full-screen \
exclusive mode!\x07\
\x00\x00\x00\x0fStartControl\
ler\x01\x03\x00\x00\x00>\x00W\x00i\x00n\x00\
d\x00o\x00w\x00s0nY\x1c\x95\x930\xe20\
\xfc0\xc90Lg\x09R\xb90g0Y0\x020\
~0Zq!R\xb90k0W0f0O0\
`0U0D0\x02\x08\x00\x00\x00\x00\x06\x00\x00\x00\
9Windows night l\
ight is enabled,\
 please turn it \
off first.\x07\x00\x00\x00\x0fS\
tartController\x01\x03\
\x00\x00\x00P\x00W\x00i\x00n\x00d\x00o\x00w\
\x00s0nY\x1c\x95\x930\xe20\xfc0\xc90L\
g\x09R\xb90g0Y0\x020\xbf0\xb90\xaf\
0Lkc^80kR\xd5O\x5c0W0j\
0DS\xef\x80\xfd`'0L0B0\x8a0~\
0Y\xff\x01\x08\x00\x00\x00\x00\x06\x00\x00\x00?Wi\
ndows night ligh\
t is enabled, ta\
sks might not wo\
rk correctly!\x07\x00\x00\
\x00\x0fStartControlle\
r\x01\x03\x00\x00\x00^\x00{\x00v\x00e\x00n\x00\
d\x00o\x00r\x00}\x00 \x00{\x00f\x00e\x00\
a\x00t\x00u\x00r\x00e\x00}\x00 0Lg\
\x09R\xb90k0j0c0f0J0\x8a0\
\x01\x8a\xa4R\xd5O\x5c0nS\x9fV\xe00k0\
j0\x8bS\xef\x80\xfd`'0L0B0\x8a0\
~0Y\xff\x01\x08\x00\x00\x00\x00\x06\x00\x00\x009{\
vendor} {feature\
} is enabled and\
 may cause malfu\
nctions!\x07\x00\x00\x00\x0fSta\
rtController\x01\x03\x00\x00\
\x00N\x00{\x00}0Lc\xa5}\x9a0U0\x8c\
0f0D0~0[0\x930\x020\xb20\xfc\
0\xe00\xa60\xa30\xf30\xc90\xa60h0\xad\
0\xe30\xd70\xc10\xe3e\xb9l\xd50\x92\x90x\
b\x9e0W0f0O0`0U0D0\x02\
\x08\x00\x00\x00\x00\x06\x00\x00\x003{} is \
not connected, p\
lease select the\
 game window.\x07\x00\x00\
\x00\x0fStartControlle\
r\x01\x03\x00\x00\x00\x080\xed0\xfc0\xc9N-\x08\
\x00\x00\x00\x00\x06\x00\x00\x00\x07Loading\
\x07\x00\x00\x00\x12StartLoadin\
gDialog\x01\x03\x00\x00\x00>\x8dwR\
\xd5N-0\x01\x00{\x00s\x00e\x00c\x00o\x00\
n\x00d\x00s\x00_\x00l\x00e\x00f\x00t\x00\
}y\xd2_\x8c0k0\xbf0\xa40\xe00\xa20\
\xa60\xc80W0~0Y0\x02\x08\x00\x00\x00\x00\
\x06\x00\x00\x00/Starting, t\
imeout after {se\
conds_left} seco\
nds.\x07\x00\x00\x00\x12StartLo\
adingDialog\x01\x03\x00\x00\x00\
\x0e\x00A\x00n\x00d\x00r\x00o\x00i\x00d\x08\
\x00\x00\x00\x00\x06\x00\x00\x00\x07Android\
\x07\x00\x00\x00\x08StartTab\x01\x03\x00\
\x00\x00\x0a0\xad0\xe30\xd70\xc10\xe3\x08\x00\x00\
\x00\x00\x06\x00\x00\x00\x07Capture\x07\x00\
\x00\x00\x08StartTab\x01\x03\x00\x00\x00\
\x0e0\xad0\xe30\xd70\xc10\xe3e\xb9l\xd5\x08\
\x00\x00\x00\x00\x06\x00\x00\x00\x0eCapture\
 Method\x07\x00\x00\x00\x08Star\
tTab\x01\x03\x00\x00\x00\x0ed\xcdO\x5ce\xb9\
l\xd50n\x90xb\x9e\x08\x00\x00\x00\x00\x06\x00\x00\
\x00\x12Choose Interac\
tion\x07\x00\x00\x00\x08StartTa\
b\x01\x03\x00\x00\x00\x100\xa60\xa30\xf30\xc90\
\xa60\x92\x90xb\x9e\x08\x00\x00\x00\x00\x06\x00\x00\x00\
\x0dChoose Window\x07\x00\
\x00\x00\x08StartTab\x01\x03\x00\x00\x00\
\x08c\xa5}\x9an\x080\x7f\x08\x00\x00\x00\x00\x06\x00\
\x00\x00\x09Connected\x07\x00\x00\x00\
\x08StartTab\x01\x03\x00\x00\x00\x080\
\xc70\xd00\xc30\xb0\x08\x00\x00\x00\x00\x06\x00\x00\x00\
\x05Debug\x07\x00\x00\x00\x08Start\
Tab\x01\x03\x00\x00\x00\x140\xc70\xd00\xc30\
\xb00\xaa0\xfc0\xd00\xfc0\xec0\xa4\x08\x00\x00\
\x00\x00\x06\x00\x00\x00\x0dDebug Ove\
rlay\x07\x00\x00\x00\x08StartTa\
b\x01\x03\x00\x00\x00\x100\xdc0\xc30\xaf0\xb90\
\x92q!R\xb9S\x16\x08\x00\x00\x00\x00\x06\x00\x00\x00\
\x0dDisable Boxes\x07\x00\
\x00\x00\x08StartTab\x01\x03\x00\x00\x00\
\x04R\x07e\xad\x08\x00\x00\x00\x00\x06\x00\x00\x00\x0cD\
isconnected\x07\x00\x00\x00\x08\
StartTab\x01\x03\x00\x00\x00\x0c0\xa8\
0\xdf0\xe50\xec0\xfc0\xbf\x08\x00\x00\x00\x00\x06\
\x00\x00\x00\x08Emulator\x07\x00\x00\x00\
\x08StartTab\x01\x03\x00\x00\x00\x100\
\xdc0\xc30\xaf0\xb90\x92g\x09R\xb9S\x16\x08\
\x00\x00\x00\x00\x06\x00\x00\x00\x0cEnable \
Boxes\x07\x00\x00\x00\x08StartT\
ab\x01\x03\x00\x00\x00\x120\xed0\xb00\x920\xa8\
0\xaf0\xb90\xdd0\xfc0\xc8\x08\x00\x00\x00\x00\x06\
\x00\x00\x00\x0bExport Logs\x07\
\x00\x00\x00\x08StartTab\x01\x03\x00\x00\
\x00\x180\xaa0\xfc0\xd00\xfc0\xec0\xa40n\
0\xed0\xb00\x92\x96\xa00Y\x08\x00\x00\x00\x00\x06\
\x00\x00\x00\x13Hide Log on \
Overlay\x07\x00\x00\x00\x08Star\
tTab\x01\x03\x00\x00\x00\x140\xa40\xf30\xb9\
0\xc80\xfc0\xeb0\xd50\xa90\xeb0\xc0\x08\x00\
\x00\x00\x00\x06\x00\x00\x00\x0eInstall \
Folder\x07\x00\x00\x00\x08Start\
Tab\x01\x03\x00\x00\x00\x0e0\xed0\xb00\xd50\
\xa90\xeb0\xc00\xfc\x08\x00\x00\x00\x00\x06\x00\x00\x00\
\x0aLog Folder\x07\x00\x00\x00\x08\
StartTab\x01\x03\x00\x00\x00\x0a0\xed\
0\xb00\x92\x95\x8b0O\x08\x00\x00\x00\x00\x06\x00\x00\
\x00\x09Open Logs\x07\x00\x00\x00\x08\
StartTab\x01\x03\x00\x00\x00\x04\x00P\
\x00C\x08\x00\x00\x00\x00\x06\x00\x00\x00\x02PC\x07\x00\
\x00\x00\x08StartTab\x01\x03\x00\x00\x00\
\x06f\xf4e\xb0N-\x08\x00\x00\x00\x00\x06\x00\x00\x00\
\x0aRefreshing\x07\x00\x00\x00\x08\
StartTab\x01\x03\x00\x00\x00\x1c0\xb9\
0\xaf0\xea0\xfc0\xf30\xb70\xe70\xc30\xc8\
0\xd50\xa90\xeb0\xc00\xfc\x08\x00\x00\x00\x00\x06\
\x00\x00\x00\x11Screenshot F\
older\x07\x00\x00\x00\x08StartT\
ab\x01\x03\x00\x00\x00\x180\xaa0\xfc0\xd00\xfc\
0\xec0\xa40k0\xed0\xb00\x92\x88hy:\
\x08\x00\x00\x00\x00\x06\x00\x00\x00\x13Show L\
og on Overlay\x07\x00\x00\
\x00\x08StartTab\x01\x03\x00\x00\x00\x0a\
0\xed0\xb00\x92\x88hy:\x08\x00\x00\x00\x00\x06\
\x00\x00\x00\x08View Log\x07\x00\x00\x00\
\x08StartTab\x01\x03\x00\x00\x00R\x00\
N\x00P\x00Uc\xa8\x8a\xd60\xa80\xe90\xfc0\
\x02\x00I\x00n\x00t\x00e\x00l\x00 \x00N\x00\
P\x00U0\xc90\xe90\xa40\xd00\xfc0\x92f\
\xf4e\xb00Y0\x8b_\xc5\x89\x810L0B0\
\x8b0K0\x820W0\x8c0~0[0\x930\
\x02\x08\x00\x00\x00\x00\x06\x00\x00\x00CNPU i\
nferring Error, \
you might need t\
o update the Int\
el NPU driver!\x07\x00\
\x00\x00\x04Task\x01\x03\x00\x00\x00\x060\xa80\
\xe90\xfc\x08\x00\x00\x00\x00\x06\x00\x00\x00\x05Err\
or\x07\x00\x00\x00\x0bTaskButto\
ns\x01\x03\x00\x00\x00Z0\xb20\xfc0\xe00\xa6\
0\xa30\xf30\xc90\xa60Lc\xa5}\x9a0U\
0\x8c0f0D0~0[0\x930\x020\xb2\
0\xfc0\xe00\xa60\xa30\xf30\xc90\xa60h\
0\xad0\xe30\xd70\xc10\xe3e\xb9l\xd50\x92\
\x90xb\x9e0W0f0O0`0U0D\
0\x02\x08\x00\x00\x00\x00\x06\x00\x00\x00OGame\
 window is not c\
onnected, please\
 select the game\
 window and capt\
ure method.\x07\x00\x00\x00\x0b\
TaskButtons\x01\x03\x00\x00\x00\
\x08N\x00fBP\x5ckb\x08\x00\x00\x00\x00\x06\x00\
\x00\x00\x05Pause\x07\x00\x00\x00\x0bTas\
kButtons\x01\x03\x00\x00\x00\x04Q\x8d\
\x95\x8b\x08\x00\x00\x00\x00\x06\x00\x00\x00\x06Resu\
me\x07\x00\x00\x00\x0bTaskButto\
ns\x01\x03\x00\x00\x00\x04\x95\x8bY\xcb\x08\x00\x00\x00\
\x00\x06\x00\x00\x00\x05Start\x07\x00\x00\x00\x0b\
TaskButtons\x01\x03\x00\x00\x00\
\x04P\x5ckb\x08\x00\x00\x00\x00\x06\x00\x00\x00\x04S\
top\x07\x00\x00\x00\x0bTaskButt\
ons\x01\x03\x00\x00\x00\x1ag,_S0k\x00\
{\x00}0\x92RJ\x96d0W0~0Y0\
K\xff\x1f\x08\x00\x00\x00\x00\x06\x00\x00\x00\x22Are\
 you sure you wa\
nt to delete {}\x07\
\x00\x00\x00\x08TaskCard\x01\x03\x00\x00\
\x00\x04RJ\x96d\x08\x00\x00\x00\x00\x06\x00\x00\x00\x06\
Delete\x07\x00\x00\x00\x08TaskC\
ard\x01\x03\x00\x00\x00\x0c0\xbf0\xb90\xaf0\
\x92RJ\x96d\x08\x00\x00\x00\x00\x06\x00\x00\x00\x0bD\
elete Task\x07\x00\x00\x00\x08T\
askCard\x01\x03\x00\x00\x00\x04q!R\
\xb9\x08\x00\x00\x00\x00\x06\x00\x00\x00\x08Disab\
led\x07\x00\x00\x00\x08TaskCard\
\x01\x03\x00\x00\x00\x04}\xe8\x96\xc6\x08\x00\x00\x00\x00\x06\
\x00\x00\x00\x04Edit\x07\x00\x00\x00\x08Tas\
kCard\x01\x03\x00\x00\x00\x04g\x09R\xb9\x08\
\x00\x00\x00\x00\x06\x00\x00\x00\x07Enabled\
\x07\x00\x00\x00\x08TaskCard\x01\x03\x00\
\x00\x00\x08O\x7fu(\x8a\xacf\x0e\x08\x00\x00\x00\x00\
\x06\x00\x00\x00\x0cInstruction\
s\x07\x00\x00\x00\x08TaskCard\x01\x03\
\x00\x00\x00\x08N\x00fBP\x5ckb\x08\x00\x00\x00\
\x00\x06\x00\x00\x00\x05Pause\x07\x00\x00\x00\x08\
TaskCard\x01\x03\x00\x00\x00\x0e\x8a-\
[\x9a0\x920\xea0\xbb0\xc30\xc8\x08\x00\x00\x00\
\x00\x06\x00\x00\x00\x0cReset Conf\
ig\x07\x00\x00\x00\x08TaskCard\x01\
\x03\x00\x00\x00\x04Q\x8d\x95\x8b\x08\x00\x00\x00\x00\x06\x00\
\x00\x00\x06Resume\x07\x00\x00\x00\x08Ta\
skCard\x01\x03\x00\x00\x00\x04\x95\x8bY\xcb\
\x08\x00\x00\x00\x00\x06\x00\x00\x00\x05Start\x07\
\x00\x00\x00\x08TaskCard\x01\x03\x00\x00\
\x00\x04P\x5ckb\x08\x00\x00\x00\x00\x06\x00\x00\x00\x04\
Stop\x07\x00\x00\x00\x08TaskCar\
d\x01\x03\x00\x00\x00,\x00{\x00t\x00a\x00s\x00\
k\x00_\x00n\x00a\x00m\x00e\x00}\x00 0\
\xbf0\xb90\xaf0n[\x8cN\x860\x92_\x85j\
_N-\x08\x00\x00\x00\x00\x06\x00\x00\x00,Wai\
ting for {task_n\
ame} task to be \
completed\x07\x00\x00\x00\x08Ta\
skCard\x01\x03\x00\x00\x00\x06q!R\xb9\
S\x16\x08\x00\x00\x00\x00\x06\x00\x00\x00\x07Disa\
ble\x07\x00\x00\x00\x0cTaskOpBu\
tton\x01\x03\x00\x00\x00\x06g\x09R\xb9S\x16\
\x08\x00\x00\x00\x00\x06\x00\x00\x00\x06Enable\
\x07\x00\x00\x00\x0cTaskOpButto\
n\x01\x03\x00\x00\x00\x100\xa60\xa30\xf30\xc90\
\xa60\x92\x90xb\x9e\x08\x00\x00\x00\x00\x06\x00\x00\x00\
\x0dChoose Window\x07\x00\
\x00\x00\x07TaskTab\x01\x03\x00\x00\x00\x06\
\x95\x890X0\x8b\x08\x00\x00\x00\x00\x06\x00\x00\x00\x05\
Close\x07\x00\x00\x00\x07TaskTa\
b\x01\x03\x00\x00\x00\x04[\x8cN\x86\x08\x00\x00\x00\x00\
\x06\x00\x00\x00\x09Completed\x07\x00\
\x00\x00\x07TaskTab\x01\x03\x00\x00\x00\x0c\
0\xbf0\xb90\xaf0\x92O\x5cb\x10\x08\x00\x00\x00\
\x00\x06\x00\x00\x00\x0bCreate Tas\
k\x07\x00\x00\x00\x07TaskTab\x01\x03\x00\
\x00\x00\x04`\xc5X1\x08\x00\x00\x00\x00\x06\x00\x00\x00\
\x04Info\x07\x00\x00\x00\x07TaskTa\
b\x01\x03\x00\x00\x00\x06[\x9f\x88LN-\x08\x00\x00\
\x00\x00\x06\x00\x00\x00\x07Running\x07\x00\
\x00\x00\x07TaskTab\x01\x03\x00\x00\x00\x08\
}L\x90NfB\x95\x93\x08\x00\x00\x00\x00\x06\x00\x00\
\x00\x0cTime Elapsed\x07\x00\
\x00\x00\x07TaskTab\x01\x03\x00\x00\x00\x02\
P$\x08\x00\x00\x00\x00\x06\x00\x00\x00\x05Valu\
e\x07\x00\x00\x00\x07TaskTab\x01\x03\x00\
\x00\x00\x0a0\xad0\xe30\xf30\xbb0\xeb\x08\x00\x00\
\x00\x00\x06\x00\x00\x00\x06Cancel\x07\x00\x00\
\x00\x13TemplateInputD\
ialog\x01\x03\x00\x00\x00\x04x\xba\x8a\x8d\x08\
\x00\x00\x00\x00\x06\x00\x00\x00\x07Confirm\
\x07\x00\x00\x00\x13TemplateInp\
utDialog\x01\x03\x00\x00\x00&\x00'\
\x00{\x00}\x00'\x00 0\x92RJ\x96d0W\
0f0\x820\x880\x8d0W0D0g0Y\
0K\xff\x1f\x08\x00\x00\x00\x00\x06\x00\x00\x00%Ar\
e you sure you w\
ant to delete '{\
}'?\x07\x00\x00\x00\x0bTemplate\
Tab\x01\x03\x00\x00\x00\x0a0\xad0\xe30\xf30\
\xbb0\xeb\x08\x00\x00\x00\x00\x06\x00\x00\x00\x06Can\
cel\x07\x00\x00\x00\x0bTemplate\
Tab\x01\x03\x00\x00\x00\x0aRJ\x96d0nx\
\xba\x8a\x8d\x08\x00\x00\x00\x00\x06\x00\x00\x00\x0eCon\
firm Delete\x07\x00\x00\x00\x0b\
TemplateTab\x01\x03\x00\x00\x00\
\x04RJ\x96d\x08\x00\x00\x00\x00\x06\x00\x00\x00\x06D\
elete\x07\x00\x00\x00\x0bTempla\
teTab\x01\x03\x00\x00\x00$0\xd50\xec0\
\xfc0\xe00n0\xad0\xe30\xd70\xc10\xe30\
kY1eW0W0~0W0_0\x02\x08\
\x00\x00\x00\x00\x06\x00\x00\x00\x18Failed \
to capture frame\
.\x07\x00\x00\x00\x0bTemplateTa\
b\x01\x03\x00\x00\x00\x180\xe90\xd90\xebR\x17c\
\x190\xd50\xa10\xa40\xeb0\x92u\x1fb\x10\x08\
\x00\x00\x00\x00\x06\x00\x00\x00\x18Generat\
e label enum fil\
e\x07\x00\x00\x00\x0bTemplateTa\
b\x01\x03\x00\x00\x00\x16u;P\xcf0LRJ\x96\
d0U0\x8c0~0W0_0\x02\x08\x00\x00\
\x00\x00\x06\x00\x00\x00\x0eImage del\
eted.\x07\x00\x00\x00\x0bTempla\
teTab\x01\x03\x00\x00\x00Dq!R\xb90\
jv\xf8[\xfe0\xd10\xb90g0Y0\x02O\
\x8b\x00:\x00 \x00o\x00k\x00_\x00t\x00a\x00\
s\x00k\x00s\x00/\x00L\x00a\x00b\x00e\x00\
l\x00E\x00n\x00u\x00m\x00.\x00p\x00y\x08\
\x00\x00\x00\x00\x06\x00\x00\x005Invalid\
 relative path. \
Example: ok_task\
s/LabelEnum.py\x07\x00\
\x00\x00\x0bTemplateTab\x01\x03\
\x00\x00\x00\x04j\x19l\xe8\x08\x00\x00\x00\x00\x06\x00\x00\
\x00\x06Markup\x07\x00\x00\x00\x0bTem\
plateTab\x01\x03\x00\x00\x00\x1aO\xdd\
[X0Y0\x8bj\x19l\xe80L0B0\x8a\
0~0[0\x930\x02\x08\x00\x00\x00\x00\x06\x00\x00\
\x00\x17No annotations\
 to save.\x07\x00\x00\x00\x0bTe\
mplateTab\x01\x03\x00\x00\x00>0\
\xad0\xe30\xd70\xc10\xe3e\xb9l\xd50L0\
B0\x8a0~0[0\x930\x02QH0k0\
\xad0\xe30\xd70\xc10\xe30\x92\x95\x8bY\xcb0\
W0f0O0`0U0D0\x02\x08\x00\x00\
\x00\x00\x06\x00\x00\x008No captur\
e method availab\
le. Please start\
 capture first.\x07\
\x00\x00\x00\x0bTemplateTab\x01\
\x03\x00\x00\x00\x180\xc60\xf30\xd70\xec0\xfc0\
\xc80L0B0\x8a0~0[0\x93\x08\x00\x00\
\x00\x00\x06\x00\x00\x00\x10No templa\
tes yet\x07\x00\x00\x00\x0bTemp\
lateTab\x01\x03\x00\x00\x00\x04\x00O\x00\
K\x08\x00\x00\x00\x00\x06\x00\x00\x00\x02OK\x07\x00\x00\
\x00\x0bTemplateTab\x01\x03\x00\
\x00\x0000\xd10\xb90o0\xef0\xfc0\xaf0\
\xb90\xda0\xfc0\xb90n0\xeb0\xfc0\xc80\
K0\x890nv\xf8[\xfe0\xd10\xb90g0\
Y0\x02\x08\x00\x00\x00\x00\x06\x00\x00\x00'Pat\
h is relative to\
 the workspace r\
oot.\x07\x00\x00\x00\x0bTemplat\
eTab\x01\x03\x00\x00\x00<v\xf8[\xfe0\xd1\
0\xb9\xff\x08O\x8b\x00:\x00 \x00o\x00k\x00_\
\x00t\x00a\x00s\x00k\x00s\x00/\x00L\x00a\
\x00b\x00e\x00l\x00E\x00n\x00u\x00m\x00.\
\x00p\x00y\xff\x09\x08\x00\x00\x00\x00\x06\x00\x00\x00)\
Relative path, e\
.g. ok_tasks/Lab\
elEnum.py\x07\x00\x00\x00\x0bTe\
mplateTab\x01\x03\x00\x00\x00\x04O\
\xdd[X\x08\x00\x00\x00\x00\x06\x00\x00\x00\x04Sav\
e\x07\x00\x00\x00\x0bTemplateTa\
b\x01\x03\x00\x00\x00\x06O\xdd[XQH\x08\x00\x00\
\x00\x00\x06\x00\x00\x00\x07Save To\x07\x00\
\x00\x00\x0bTemplateTab\x01\x03\
\x00\x00\x00\x1ckc^80kO\xdd[X0U\
0\x8c0~0W0_\x00:\x00 \x00{\x00}\
\x08\x00\x00\x00\x00\x06\x00\x00\x00\x22Save c\
ompleted success\
fully to: {}\x07\x00\x00\x00\
\x0bTemplateTab\x01\x03\x00\x00\
\x00\x120\xb90\xaf0\xea0\xfc0\xf30\xb70\xe7\
0\xc30\xc8\x08\x00\x00\x00\x00\x06\x00\x00\x00\x0aSc\
reenshot\x07\x00\x00\x00\x0bTem\
plateTab\x01\x03\x00\x00\x00(0\xb9\
0\xaf0\xea0\xfc0\xf30\xb70\xe70\xc30\xc8\
0\x92O\xdd[X0W0~0W0_\x00:\
\x00 \x00{\x00}\x08\x00\x00\x00\x00\x06\x00\x00\x00\x14\
Screenshot saved\
: {}\x07\x00\x00\x00\x0bTemplat\
eTab\x01\x03\x00\x00\x00\x1eT\x0dRM0~\
0_0o0\xab0\xc60\xb40\xea0gi\x1c\
}\x22\x00.\x00.\x00.\x08\x00\x00\x00\x00\x06\x00\x00\
\x00\x1dSearch by name\
 or category...\x07\
\x00\x00\x00\x0bTemplateTab\x01\
\x03\x00\x00\x00\x04b\x10R\x9f\x08\x00\x00\x00\x00\x06\x00\
\x00\x00\x07Success\x07\x00\x00\x00\x0bT\
emplateTab\x01\x03\x00\x00\x00\x18\
0\xb90\xaf0\xea0\xfc0\xf30\xb70\xe70\xc3\
0\xc80\x92d\xae0\x8b\x08\x00\x00\x00\x00\x06\x00\x00\
\x00\x0fTake Screensho\
t\x07\x00\x00\x00\x0bTemplateTa\
b\x01\x03\x00\x00\x00&\x00a\x00s\x00s\x00e\x00\
t\x00s\x00 \x00(0\xb90\xbf0\xf30\xc90\
\xa20\xed0\xf30\xa20\xd70\xea\x00)\x08\x00\x00\
\x00\x00\x06\x00\x00\x00\x17assets (s\
tandalone app)\x07\x00\
\x00\x00\x0bTemplateTab\x01\x03\
\x00\x00\x006\x00o\x00k\x00_\x00t\x00a\x00s\
\x00k\x00s\x00/\x00a\x00s\x00s\x00e\x00t\
\x00s\x00 \x00(0\xab0\xb90\xbf0\xe00\xb9\
0\xaf0\xea0\xd70\xc8\x00)\x08\x00\x00\x00\x00\x06\
\x00\x00\x00 ok_tasks/ass\
ets (custom scri\
pts)\x07\x00\x00\x00\x0bTemplat\
eTab\x01\x03\x00\x00\x00D\x00{\x00v\x00e\
\x00r\x00s\x00i\x00o\x00n\x00}\x00 \x00{\
\x00t\x00y\x00p\x00e\x00}0k0\xa20\xc3\
0\xd70\xc70\xfc0\xc80W0f0\x820\x88\
0\x8d0W0D0g0Y0K\xff\x1f\x08\x00\
\x00\x00\x00\x06\x00\x00\x004Are you \
sure you want to\
 update to {vers\
ion} {type}?\x07\x00\x00\x00\
\x0bVersionCard\x01\x03\x00\x00\
\x00,0\xa20\xc30\xd70\xc70\xfc0\xc80n\
x\xba\x8a\x8dN-0k0\xa80\xe90\xfc0L\
vzu\x1f0W0~0W0_\xff\x01\x08\x00\
\x00\x00\x00\x06\x00\x00\x00\x17Check fo\
r update error!\x07\
\x00\x00\x00\x0bVersionCard\x01\
\x03\x00\x00\x00\x120\xa20\xc30\xd70\xc70\xfc0\
\xc80\x92x\xba\x8a\x8d\x08\x00\x00\x00\x00\x06\x00\x00\x00\
\x11Check for updat\
es\x07\x00\x00\x00\x0bVersionCa\
rd\x01\x03\x00\x00\x00\x140\xa20\xc30\xd70\xc7\
0\xfc0\xc80\x92x\xba\x8a\x8dN-\x08\x00\x00\x00\
\x00\x06\x00\x00\x00\x14Checking f\
or updates\x07\x00\x00\x00\x0bV\
ersionCard\x01\x03\x00\x00\x00\x08\
0\xc70\xd00\xc30\xb0\x08\x00\x00\x00\x00\x06\x00\x00\
\x00\x05Debug\x07\x00\x00\x00\x0bVers\
ionCard\x01\x03\x00\x00\x00<0\xc00\
\xa60\xf30\xed0\xfc0\xc9N-\x00:\x00 \x00\
{\x00p\x00r\x00o\x00g\x00r\x00e\x00s\x00\
s\x00}\x00 \x00{\x00p\x00e\x00r\x00c\x00\
e\x00n\x00t\x00}\x00%\x08\x00\x00\x00\x00\x06\x00\
\x00\x00!Downloading {\
progress} {perce\
nt}%\x07\x00\x00\x00\x0bVersion\
Card\x01\x03\x00\x00\x00\x22e\xb00W0D\
0\xd00\xfc0\xb80\xe70\xf30L\x89\x8b0d\
0K0\x8a0~0W0_\xff\x01\x08\x00\x00\x00\
\x00\x06\x00\x00\x00\x12Found new \
version!\x07\x00\x00\x00\x0bVer\
sionCard\x01\x03\x00\x00\x00\x04`\xc5\
X1\x08\x00\x00\x00\x00\x06\x00\x00\x00\x04Info\
\x07\x00\x00\x00\x0bVersionCard\
\x01\x03\x00\x00\x00\x080\xea0\xea0\xfc0\xb9\x08\x00\
\x00\x00\x00\x06\x00\x00\x00\x07Release\x07\
\x00\x00\x00\x0bVersionCard\x01\
\x03\x00\x00\x00\x1a0S0\x8c0og\x00e\xb00\
\xd00\xfc0\xb80\xe70\xf30g0Y\xff\x01\x08\
\x00\x00\x00\x00\x06\x00\x00\x00\x1bThis is\
 the newest vers\
ion!\x07\x00\x00\x00\x0bVersion\
Card\x01\x03\x00\x00\x00\x12N\xca0Y0P\
0\xa20\xc30\xd70\xc70\xfc0\xc8\x08\x00\x00\x00\
\x00\x06\x00\x00\x00\x0aUpdate Now\
\x07\x00\x00\x00\x0bVersionCard\
\x01\x03\x00\x00\x00.\x00{\x00v\x00e\x00r\x00s\
\x00i\x00o\x00n\x00}\x00 \x00{\x00t\x00y\
\x00p\x00e\x00}0k0\xa20\xc30\xd70\xc7\
0\xfc0\xc8\x08\x00\x00\x00\x00\x06\x00\x00\x00\x1aUp\
date to {version\
} {type}\x07\x00\x00\x00\x0bVer\
sionCard\x01\x03\x00\x00\x00\x080\xa2\
0\xe90\xfc0\xc8\x08\x00\x00\x00\x00\x06\x00\x00\x00\x05\
Alert\x07\x00\x00\x00\x03app\x01\x03\x00\
\x00\x00$0Y0g0k0\xd00\xfc0\xb80\
\xe70\xf30kf\xf4e\xb00U0\x8c0f0\
D0~0Y\x00:\x08\x00\x00\x00\x00\x06\x00\x00\x00\
\x1bAlready updated\
 to version:\x07\x00\x00\x00\
\x03app\x01\x03\x00\x00\x00 R%0n0\xa4\
0\xf30\xb90\xbf0\xf30\xb90Le\xe20k\
[\x9f\x88LN-0g0Y\x08\x00\x00\x00\x00\x06\
\x00\x00\x00#Another inst\
ance is already \
running\x07\x00\x00\x00\x03app\x01\
\x03\x00\x00\x00\x100\xa20\xd70\xea0\xe90\xf30\
\xc10\xe30\xfc\x08\x00\x00\x00\x00\x06\x00\x00\x00\x0cA\
pp Launcher\x07\x00\x00\x00\x03\
app\x01\x03\x00\x00\x00\x800\xa20\xd70\xea0\
n\x8dwR\xd50\xa80\xe90\xfc0\x020\xa40\
\xf30\xb90\xc80\xfc0\xeb0\xd50\xa90\xeb0\
\xc00\x92\x00W\x00i\x00n\x00d\x00o\x00w\x00\
s\x00 \x00D\x00e\x00f\x00e\x00n\x00d\x00\
e\x00r0n0\xdb0\xef0\xa40\xc80\xea0\
\xb90\xc80k\x8f\xfdR\xa00W0fQ\x8d0\
\xa40\xf30\xb90\xc80\xfc0\xeb0W0f0\
O0`0U0D\x00:\x08\x00\x00\x00\x00\x06\x00\
\x00\x00fApp startup e\
rror. Please add\
 the installatio\
n folder to the \
Windows Defender\
 whitelist and r\
einstall:\x07\x00\x00\x00\x03ap\
p\x01\x03\x00\x00\x00\x04\x81\xeaR\xd5\x08\x00\x00\x00\x00\
\x06\x00\x00\x00\x04Auto\x07\x00\x00\x00\x03ap\
p\x01\x03\x00\x00\x00\x1e0\xb20\xfc0\xe00\xa60\
\xa30\xf30\xc90\xa60n\x81\xeaR\xd50\xea0\
\xb50\xa40\xba\x08\x00\x00\x00\x00\x06\x00\x00\x00\x17A\
uto Resize Game \
Window\x07\x00\x00\x00\x03app\x01\x03\
\x00\x00\x00\x100\xb20\xfc0\xe00\x92\x81\xeaR\xd5\
\x8dwR\xd5\x08\x00\x00\x00\x00\x06\x00\x00\x00\x0fAu\
to Start Game\x07\x00\x00\
\x00\x03app\x01\x03\x00\x00\x00\x1e0\xa20\xd70\
\xea\x8dwR\xd5fB0k0\xb20\xfc0\xe00\
\x92\x81\xeaR\xd5\x8dwR\xd5\x08\x00\x00\x00\x00\x06\x00\
\x00\x00\x1fAuto Start Ga\
me When App Star\
ts\x07\x00\x00\x00\x03app\x01\x03\x00\x00\x00 \
\x00{\x00a\x00p\x00p\x00_\x00n\x00a\x00m\
\x00e\x00}\x00 0\x92\x81\xeaR\xd5\x8dwR\xd5\
\x08\x00\x00\x00\x00\x06\x00\x00\x00\x15Auto S\
tart {app_name}\x07\
\x00\x00\x00\x03app\x01\x03\x00\x00\x00\x08\x81\xeaR\
\xd5f\xf4e\xb0\x08\x00\x00\x00\x00\x06\x00\x00\x00\x0bA\
uto Update\x07\x00\x00\x00\x03a\
pp\x01\x03\x00\x00\x00\x220\xb20\xfc0\xe00L\
}BN\x860W0_0_0\x81\x81\xeaR\xd5\
}BN\x860W0~0Y\x08\x00\x00\x00\x00\x06\
\x00\x00\x00\x1dAuto exit be\
cause game exite\
d\x07\x00\x00\x00\x03app\x01\x03\x00\x00\x00\x18\x81\
\xeaR\xd5f\xf4e\xb0\xff\x080\xd70\xec0\xea0\
\xea0\xfc0\xb9\xff\x09\x08\x00\x00\x00\x00\x06\x00\x00\x00\
\x1eAutomatic Updat\
e (Pre-release)\x07\
\x00\x00\x00\x03app\x01\x03\x00\x00\x00\x1c\x81\xeaR\
\xd5f\xf4e\xb0\xff\x08kc_\x0f0\xea0\xea0\
\xfc0\xb90n0\x7f\xff\x09\x08\x00\x00\x00\x00\x06\x00\
\x00\x00\x1eAutomatic Upd\
ate(Release Only\
)\x07\x00\x00\x00\x03app\x01\x03\x00\x00\x00\x0eW\
\xfag,0\xaa0\xd70\xb70\xe70\xf3\x08\x00\x00\
\x00\x00\x06\x00\x00\x00\x0dBasic Opt\
ions\x07\x00\x00\x00\x03app\x01\x03\x00\x00\
\x00\x080\xd90\xfc0\xbfrH\x08\x00\x00\x00\x00\x06\
\x00\x00\x00\x0cBeta Version\
\x07\x00\x00\x00\x03app\x01\x03\x00\x00\x00\x060|\
0K0W\x08\x00\x00\x00\x00\x06\x00\x00\x00\x04Bl\
ur\x07\x00\x00\x00\x03app\x01\x03\x00\x00\x00\x0e\
0\xde0\xb90\xafQ\xe6t\x06e\xb9_\x0f\x08\x00\
\x00\x00\x00\x06\x00\x00\x00\x0eBlur Alg\
orithm\x07\x00\x00\x00\x03app\x01\x03\
\x00\x00\x00<0\xb20\xfc0\xe0\x00 \x00U\x00I\
\x00D\x00 0j0i0\x920|0K0W\
0f\x00 \x00O\x00L\x00E\x00D\x00 0n\
[\xffT}0\x92^\xf60p0W0~0Y\
\x08\x00\x00\x00\x00\x06\x00\x00\x00&Blur G\
ame UID etc to e\
nhance OLED life\
\x07\x00\x00\x00\x03app\x01\x03\x00\x00\x00\x10\x90n\
\x85=0\xc10\xa70\xc30\xaf\x95\x93\x96\x94\x08\x00\
\x00\x00\x00\x06\x00\x00\x00\x0dBlur Int\
erval\x07\x00\x00\x00\x03app\x01\x03\x00\
\x00\x00&\x00p\x00y\x00t\x00h\x00o\x00n\x00\
 \x00v\x00e\x00n\x00v0L\x89\x8b0d0\
K0\x8a0~0[0\x93\x08\x00\x00\x00\x00\x06\x00\
\x00\x00\x16Can't find py\
thon venv\x07\x00\x00\x00\x03ap\
p\x01\x03\x00\x00\x00\x0a0\xad0\xe30\xf30\xbb0\
\xeb\x08\x00\x00\x00\x00\x06\x00\x00\x00\x06Cance\
l\x07\x00\x00\x00\x03app\x01\x03\x00\x00\x00\x180\
\xad0\xe30\xd70\xc10\xe30\xd50\xec0\xfc0\
\xe00\xec0\xfc0\xc8\x08\x00\x00\x00\x00\x06\x00\x00\x00\
\x12Capture Frame R\
ate\x07\x00\x00\x00\x03app\x01\x03\x00\x00\x00\
\x0e0\xad0\xe30\xd70\xc10\xe3\x90E^\xf6\x08\
\x00\x00\x00\x00\x06\x00\x00\x00\x0fCapture\
 Latency\x07\x00\x00\x00\x03app\
\x01\x03\x00\x00\x00\x04N-V\xfd\x08\x00\x00\x00\x00\x06\
\x00\x00\x00\x05China\x07\x00\x00\x00\x03ap\
p\x01\x03\x00\x00\x0020\xe90\xf30\xc10\xe30\
\xfc0Lf\xf4e\xb00\x920\xa40\xf30\xb90\
\xc80\xfc0\xeb0Y0\x8be\xb9l\xd50\x92\x90\
xb\x9e0W0~0Y\x08\x00\x00\x00\x00\x06\x00\
\x00\x00(Choose how th\
e launcher insta\
lls updates\x07\x00\x00\x00\x03\
app\x01\x03\x00\x00\x00\x160\xa20\xd70\xea0\
\xe90\xf30\xc10\xe30\xfc0\x92\x8a-[\x9a\x08\
\x00\x00\x00\x00\x06\x00\x00\x00\x1aConfigu\
re the app launc\
her\x07\x00\x00\x00\x03app\x01\x03\x00\x00\x00\
\x04x\xba\x8a\x8d\x08\x00\x00\x00\x00\x06\x00\x00\x00\x07C\
onfirm\x07\x00\x00\x00\x03app\x01\x03\
\x00\x00\x00\x1e\x00v\x00e\x00n\x00v0nO\x5c\
b\x100kY1eW0W0~0W0_\
0\x02\x08\x00\x00\x00\x00\x06\x00\x00\x00\x13Crea\
te venv failed.\x07\
\x00\x00\x00\x03app\x01\x03\x00\x00\x00\x1eO\x9d[\
X\x95\xa2O\xc20nRJ\x96d0kb\x10R\
\x9f0W0~0W0_\xff\x01\x08\x00\x00\x00\x00\
\x06\x00\x00\x00\x1cDelete depe\
ndencies success\
!\x07\x00\x00\x00\x03app\x01\x03\x00\x00\x00\x04\x8a\
:e\xad\x08\x00\x00\x00\x00\x06\x00\x00\x00\x09Dia\
gnosis\x07\x00\x00\x00\x03app\x01\x03\
\x00\x00\x00\x0e0|0K0W0\x92g\x09R\xb9\
S\x16\x08\x00\x00\x00\x00\x06\x00\x00\x00\x0bEnab\
le Blur\x07\x00\x00\x00\x03app\x01\
\x03\x00\x00\x00\x060\xa80\xe90\xfc\x08\x00\x00\x00\x00\
\x06\x00\x00\x00\x05Error\x07\x00\x00\x00\x03a\
pp\x01\x03\x00\x00\x00\x0e0\xbf0\xb90\xaf_\x8c\
0k}BN\x86\x08\x00\x00\x00\x00\x06\x00\x00\x00\x0f\
Exit After Task\x07\
\x00\x00\x00\x03app\x01\x03\x00\x00\x00\x1e0\xb20\
\xfc0\xe0}BN\x86fB0k0\xa20\xd70\
\xea0\x82}BN\x860Y0\x8b\x08\x00\x00\x00\x00\
\x06\x00\x00\x00\x18Exit App wh\
en Game Exits\x07\x00\x00\
\x00\x03app\x01\x03\x00\x00\x00 0\xb20\xfc0\
\xe00L}BN\x860W0_0_0\x81}\
BN\x860W0~0W0_\x08\x00\x00\x00\x00\
\x06\x00\x00\x00\x18Exit becaus\
e game exited\x07\x00\x00\
\x00\x03app\x01\x03\x00\x00\x0040\xbf0\xb90\
\xaf0Lkc^80k[\x9f\x88L0U0\
\x8c0__\x8c0\x010\xb20\xfc0\xe00h0\
\xa20\xd70\xea0\x92}BN\x860Y0\x8b\x08\
\x00\x00\x00\x00\x06\x00\x00\x00?Exit th\
e Game and the A\
pp after Success\
fully Executing \
the Task\x07\x00\x00\x00\x03app\
\x01\x03\x00\x00\x00\x0c[\x9f\x88L_\x8c0k}B\
N\x86\x08\x00\x00\x00\x00\x06\x00\x00\x00\x14Exit\
_After_Execution\
\x07\x00\x00\x00\x03app\x01\x03\x00\x00\x00&0\xea\
0\xe20\xfc0\xc80\xd00\xfc0\xb80\xe70\xf3\
0\xea0\xb90\xc80nS\xd6_\x970\xa80\xe9\
0\xfc\xff\x01\x08\x00\x00\x00\x00\x06\x00\x00\x00 Fe\
tch remote versi\
on list error!\x07\x00\
\x00\x00\x03app\x01\x03\x00\x00\x00\x0c}\xcf0\xd5\
0\xec0\xfc0\xe0ep\x08\x00\x00\x00\x00\x06\x00\x00\
\x00\x0bFrame Count\x07\x00\x00\
\x00\x03app\x01\x03\x00\x00\x00\x0c0\xb20\xfc0\
\xe0\x89\xe3P\xcf^\xa6\x08\x00\x00\x00\x00\x06\x00\x00\x00\
\x0fGame Resolution\
\x07\x00\x00\x00\x03app\x01\x03\x00\x00\x00\x0e0\xb2\
0\xfc0\xe00\xb50\xa60\xf30\xc9\x08\x00\x00\x00\
\x00\x06\x00\x00\x00\x0aGame Sound\
\x07\x00\x00\x00\x03app\x01\x03\x00\x00\x00\x0a0\xb0\
0\xed0\xfc0\xd00\xeb\x08\x00\x00\x00\x00\x06\x00\x00\
\x00\x06Global\x07\x00\x00\x00\x03app\
\x01\x03\x00\x00\x00\x0a0\xdb0\xc30\xc80\xad0\xfc\
\x08\x00\x00\x00\x00\x06\x00\x00\x00\x06HotKey\
\x07\x00\x00\x00\x03app\x01\x03\x00\x00\x00D0\xc8\
0\xea0\xac0\xfc0\xbf0\xb90\xaf\x95\x930n\
\x90E^\xf60\x92X\x970\x840W0f\x00C\
\x00P\x00U\x00/\x00G\x00P\x00UO\x7fu(\
s\x870\x92RJn\x1b\x00(0\xdf0\xeay\xd2\
\x00)\x08\x00\x00\x00\x00\x06\x00\x00\x00JIncr\
ease Delay betwe\
en Trigger Tasks\
 to Reduce CPU/G\
PU Usage(Millise\
conds)\x07\x00\x00\x00\x03app\x01\x03\
\x00\x00\x00\x04`\xc5X1\x08\x00\x00\x00\x00\x06\x00\x00\
\x00\x04Info\x07\x00\x00\x00\x03app\x01\x03\
\x00\x00\x00\x0c0\xa40\xf30\xda0\xa40\xf30\xc8\
\x08\x00\x00\x00\x00\x06\x00\x00\x00\x07Inpain\
t\x07\x00\x00\x00\x03app\x01\x03\x00\x00\x00bO\
\x9d[X\x95\xa2O\xc20n0\xa40\xf30\xb90\
\xc80\xfc0\xeb0kY1eW0W0~0\
W0_0\x02f\xf4e\xb00\xbd0\xfc0\xb90\
\x92Y\x09f\xf40Y0\x8b0K0\x01[\x8cQ\
hrH0\x92Q\x8d0\xc00\xa60\xf30\xed0\
\xfc0\xc90W0f0O0`0U0D\xff\
\x01\x08\x00\x00\x00\x00\x06\x00\x00\x00]Insta\
ll dependencies \
failed, try chan\
ging the update \
source, or re-do\
wnload the full \
version!\x07\x00\x00\x00\x03app\
\x01\x03\x00\x00\x00`0\xa40\xf30\xb90\xc80\xfc\
0\xeb0\xc70\xa30\xec0\xaf0\xc80\xea\x00{\
\x00p\x00a\x00t\x00h\x00}0o\x82\xf1[W\
0\xd10\xb90g0B0\x8b_\xc5\x89\x810L\
0B0\x8a0~0Y0\x02R%0n0\xd1\
0\xb90ky\xfbR\xd50W0f0O0`\
0U0D0\x02\x08\x00\x00\x00\x00\x06\x00\x00\x00A\
Install dir {pat\
h} must be an En\
glish path, move\
 to another path\
.\x07\x00\x00\x00\x03app\x01\x03\x00\x00\x00\x1c\x8d\
wR\xd5_\x8c0k0\xe90\xf30\xc10\xe30\
\xfc0\x92}BN\x860Y0\x8b\x08\x00\x00\x00\x00\
\x06\x00\x00\x00\x19Kill Launch\
er After Start\x07\x00\
\x00\x00\x03app\x01\x03\x00\x00\x00\x0e\x00D\x00X\
\x001\x0010g\x8dwR\xd5\x08\x00\x00\x00\x00\x06\
\x00\x00\x00\x10Launch with \
DX11\x07\x00\x00\x00\x03app\x01\x03\x00\x00\
\x00\x0a0\xe90\xf30\xc10\xe30\xfc\x08\x00\x00\x00\
\x00\x06\x00\x00\x00\x08Launcher\x07\x00\
\x00\x00\x03app\x01\x03\x00\x00\x00\x08bKR\xd5\
f\xf4e\xb0\x08\x00\x00\x00\x00\x06\x00\x00\x00\x0dMa\
nual Update\x07\x00\x00\x00\x03\
app\x01\x03\x00\x00\x00\x060\xe10\xe20\xea\x08\
\x00\x00\x00\x00\x06\x00\x00\x00\x06Memory\x07\
\x00\x00\x00\x03app\x01\x03\x00\x00\x00\x1c\x8a-[\
\x9a\x98\x18W\xdf0\x92\x96\xa00Y0_0\x810\
nQ\xe6t\x06e\xb9_\x0f\x08\x00\x00\x00\x00\x06\x00\
\x00\x00'Method used t\
o obscure config\
ured areas\x07\x00\x00\x00\x03a\
pp\x01\x03\x00\x00\x00,\x95\x890X0\x8bfB\
0k0\xa60\xa30\xf30\xc90\xa60\x920\xb7\
0\xb90\xc60\xe00\xc80\xec0\xa40kg\x00\
\x5c\x0fS\x16\x08\x00\x00\x00\x00\x06\x00\x00\x00+Mi\
nimize Window to\
 System Tray whe\
n Closing\x07\x00\x00\x00\x03ap\
p\x01\x03\x00\x00\x00$0\xd00\xc30\xaf0\xb00\
\xe90\xa60\xf30\xc9fB0k0\xb20\xfc0\
\xe00\x920\xdf0\xe50\xfc0\xc8\x08\x00\x00\x00\x00\
\x06\x00\x00\x00\x1dMute Game w\
hile in Backgrou\
nd\x07\x00\x00\x00\x03app\x01\x03\x00\x00\x00&\
e\xb00W0D0\xd00\xfc0\xb80\xe70\xf3\
\x00 \x00{\x00}\x00 0LR)u(S\xef\
\x80\xfd0g0Y\x08\x00\x00\x00\x00\x06\x00\x00\x00\x18\
New Version {} A\
vailable\x07\x00\x00\x00\x03app\
\x01\x03\x00\x00\x00\x060D0D0H\x08\x00\x00\x00\
\x00\x06\x00\x00\x00\x02No\x07\x00\x00\x00\x03app\
\x01\x03\x00\x00\x00\x040j0W\x08\x00\x00\x00\x00\x06\
\x00\x00\x00\x04None\x07\x00\x00\x00\x03app\
\x01\x03\x00\x00\x00\x100\xc60\xad0\xb90\xc8\x8a\x8d\
\x8bX\x90E^\xf6\x08\x00\x00\x00\x00\x06\x00\x00\x00\x0b\
OCR Latency\x07\x00\x00\x00\x03\
app\x01\x03\x00\x00\x00\x100\xe90\xf30\xc10\
\xe30\xfc0\x92\x95\x8b0O\x08\x00\x00\x00\x00\x06\x00\
\x00\x00\x0dOpen Launcher\
\x07\x00\x00\x00\x03app\x01\x03\x00\x00\x00(0\xa2\
0\xd70\xea0\xe90\xf30\xc10\xe30\xfc0\x92\
\x95\x8b0D0ff\xf4e\xb00\x92{\xa1t\x06\
0W0~0Y\x08\x00\x00\x00\x00\x06\x00\x00\x00'\
Open the app lau\
ncher to manage \
updates\x07\x00\x00\x00\x03app\x01\
\x03\x00\x00\x00\x04d\xcdO\x5c\x08\x00\x00\x00\x00\x06\x00\
\x00\x00\x09Operation\x07\x00\x00\x00\
\x03app\x01\x03\x00\x00\x00$0\xb20\xfc0\xe0\
0L}BN\x860W0_0_0\x81N\x00\
fBP\x5ckb0W0~0W0_\x08\x00\
\x00\x00\x00\x06\x00\x00\x00\x1aPaused b\
ecause game exit\
ed\x07\x00\x00\x00\x03app\x01\x03\x00\x00\x00<\
0\xb20\xfc0\xe00\xa60\xa30\xf30\xc90\xa6\
0Lg\x00\x5c\x0fS\x160~0_0ou;\
\x97bY\x160n0_0\x81N\x00fBP\x5c\
kb0W0~0W0_\xff\x01\x08\x00\x00\x00\
\x00\x06\x00\x00\x009Paused bec\
ause game window\
 is minimized or\
 out of screen!\x07\
\x00\x00\x00\x03app\x01\x03\x00\x00\x00\x160\xd10\
\xd50\xa90\xfc0\xde0\xf30\xb9\x00 0\xc60\
\xb90\xc8\x08\x00\x00\x00\x00\x06\x00\x00\x00\x10Per\
formance Test\x07\x00\x00\
\x00\x03app\x01\x03\x00\x00\x00L\x00M\x00u\x00\
M\x00u\x00P\x00l\x00a\x00y\x00e\x00r0\
n\x8a-[\x9a0g0\xd00\xc30\xaf0\xb00\
\xe90\xa60\xf30\xc90g0nR\xd5O\x5c}\
\xadc\x010\x920\xaa0\xd50k0W0f0\
O0`0U0D\x08\x00\x00\x00\x00\x06\x00\x00\x00\
CPlease turn off\
 enable backgrou\
nd keep alive in\
 MuMuPlayer sett\
ings\x07\x00\x00\x00\x03app\x01\x03\x00\x00\
\x00\x12Q\xe6t\x060\xd50\xec0\xfc0\xe00\xec\
0\xfc0\xc8\x08\x00\x00\x00\x00\x06\x00\x00\x00\x12Pr\
ocess Frame Rate\
\x07\x00\x00\x00\x03app\x01\x03\x00\x00\x00$Q\xe6\
t\x06n\x080\x7f0\xaa0\xfc0\xd00\xfc0\xec\
0\xa40nf\xf4e\xb0\x95\x93\x96\x94\xff\x08y\xd2\
\xff\x09\x08\x00\x00\x00\x00\x06\x00\x00\x00)Seco\
nds between proc\
essed overlay up\
dates\x07\x00\x00\x00\x03app\x01\x03\x00\
\x00\x00\x06[\x89[\x9arH\x08\x00\x00\x00\x00\x06\x00\
\x00\x00\x0eStable Versio\
n\x07\x00\x00\x00\x03app\x01\x03\x00\x00\x00\x100\
\xa20\xd70\xea\x8dwR\xd5O\x8bY\x16\x00:\x08\
\x00\x00\x00\x00\x06\x00\x00\x00\x14Start A\
pp Exception:\x07\x00\x00\
\x00\x03app\x01\x03\x00\x00\x00\x100\xc00\xa60\
\xf30\xed0\xfc0\xc9\x95\x8bY\xcb\x08\x00\x00\x00\x00\
\x06\x00\x00\x00\x11Start downl\
oading\x07\x00\x00\x00\x03app\x01\x03\
\x00\x00\x0000\xed0\xb00\xa40\xf3fB0k\
0\xa20\xd70\xea0\xe90\xf30\xc10\xe30\xfc\
0\x92\x81\xeaR\xd5v\x840k\x8dwR\xd50W\
0~0Y\x08\x00\x00\x00\x00\x06\x00\x00\x001St\
art the launcher\
 automatically w\
hen you sign in\x07\
\x00\x00\x00\x03app\x01\x03\x00\x00\x00\x0a\x95\x8bY\
\xcb\x00/P\x5ckb\x08\x00\x00\x00\x00\x06\x00\x00\x00\
\x0aStart/Stop\x07\x00\x00\x00\x03\
app\x01\x03\x00\x00\x00\x04P\x5ckb\x08\x00\x00\
\x00\x00\x06\x00\x00\x00\x07Stopped\x07\x00\
\x00\x00\x03app\x01\x03\x00\x00\x00:0\xbf0\xb9\
0\xaf0Lkc^80k[\x9f\x88L0U\
0\x8c0~0W0_0\x020\xb20\xfc0\xe0\
0h0\xa20\xd70\xea0\x92}BN\x860W\
0~0Y\xff\x01\x08\x00\x00\x00\x00\x06\x00\x00\x001\
Successfully Exe\
cuted Task, Exit\
ing Game and App\
!\x07\x00\x00\x00\x03app\x01\x03\x00\x00\x002u\
p0j0\x8b\x00 \x00W\x00i\x00n\x00d\x00\
o\x00w\x00s\x00 0\xad0\xe30\xd70\xc10\
\xe3e\xb9_\x0f0\x92R\x070\x8af\xff0H0\
\x8b\x08\x00\x00\x00\x00\x06\x00\x00\x000Switc\
h between differ\
ent Windows capt\
ure methods\x07\x00\x00\x00\x03\
app\x01\x03\x00\x00\x000[\xfe\x8ca0\xa60\
\xa30\xf30\xc90\xa60g0\xa20\xaf0\xc60\
\xa30\xd6\x00:\x00 \x932u;0\x92Q\x8d\x95\
\x8b0W0~0W0_\x08\x00\x00\x00\x00\x06\x00\
\x00\x00'Target window\
 active: Recordi\
ng resumed\x07\x00\x00\x00\x03a\
pp\x01\x03\x00\x00\x006[\xfe\x8ca0\xa60\xa3\
0\xf30\xc90\xa60g\x97^0\xa20\xaf0\xc6\
0\xa30\xd6\x00:\x00 \x932u;0\x92N\x00\
fBP\x5ckb0W0~0W0_\x08\x00\
\x00\x00\x00\x06\x00\x00\x00(Target w\
indow inactive: \
Recording paused\
\x07\x00\x00\x00\x03app\x01\x03\x00\x00\x00\x100\xc6\
0\xad0\xb90\xc8\x8a\x8d\x8bX}Pg\x9c\x08\x00\
\x00\x00\x00\x06\x00\x00\x00\x05Texts\x07\x00\x00\
\x00\x03app\x01\x03\x00\x00\x00,s\xfeW(0\
n0\xd00\xfc0\xb80\xe70\xf3\x00{\x00}0\
of\xf4e\xb00Y0\x8b_\xc5\x89\x810L0\
B0\x8a0~0Y\x08\x00\x00\x00\x00\x06\x00\x00\x00\
&The current ver\
sion {} must be \
updated\x07\x00\x00\x00\x03app\x01\
\x03\x00\x00\x00\x0c0\xc80\xea0\xac0\xfc\x95\x93\x96\
\x94\x08\x00\x00\x00\x00\x06\x00\x00\x00\x10Trigg\
er Interval\x07\x00\x00\x00\x03\
app\x01\x03\x00\x00\x00\x0af\xf4e\xb0Q\x85[\
\xb9\x00:\x08\x00\x00\x00\x00\x06\x00\x00\x00\x08Upd\
ates:\x07\x00\x00\x00\x03app\x01\x03\x00\
\x00\x00\x16\x00D\x00i\x00r\x00e\x00c\x00t\x00\
M\x00L0\x92O\x7fu(\x08\x00\x00\x00\x00\x06\x00\
\x00\x00\x0cUse DirectML\x07\
\x00\x00\x00\x03app\x01\x03\x00\x00\x00*0\xd10\
\xd50\xa90\xfc0\xde0\xf30\xb9T\x11N\x0a0\
n0_0\x810k\x00G\x00P\x00U0\x92O\
\x7fu(0Y0\x8b\x08\x00\x00\x00\x00\x06\x00\x00\x00\
\x1eUse GPU to Impr\
ove Performance\x07\
\x00\x00\x00\x03app\x01\x03\x00\x00\x00\x0e0\xa60\
\xa30\xf30\xc90\xa6\x8a-[\x9a\x08\x00\x00\x00\x00\
\x06\x00\x00\x00\x0dWindow Conf\
ig\x07\x00\x00\x00\x03app\x01\x03\x00\x00\x00\x1e\
\x00W\x00i\x00n\x00d\x00o\x00w\x00s\x00 \
0\xad0\xe30\xd70\xc10\xe3e\xb9_\x0f\x08\x00\
\x00\x00\x00\x06\x00\x00\x00\x0fWindows \
Capture\x07\x00\x00\x00\x03app\x01\
\x03\x00\x00\x00\x040o0D\x08\x00\x00\x00\x00\x06\x00\
\x00\x00\x03Yes\x07\x00\x00\x00\x03app\x01\x03\
\x00\x00\x00\x10\x00{\x00}\x00 0\xe90\xf30\xc1\
0\xe30\xfc\x08\x00\x00\x00\x00\x06\x00\x00\x00\x0b{}\
 Launcher\x07\x00\x00\x00\x03ap\
p\x01\
\x00\x00\x00\x99\
\x00\
\x00\x02\xb0x\xda\xf3\xcd\xcc\xcb\xcc\xcd\xacJu*-\
)\xc9\xcfS\xa8\xe6\xe5R\x00\x82\xc2\x82\xa2\xfc\x82\xd4\
\xa2\x92J\xdd\xbc\xfc\xa2\xdc\xc4\x1c\xe7\xfc\x9c\xfc\x22+\
\x85\xa4\x9c\xc4\xe4lk\xecJ\x9c\x80R\xe9E\xf9\xa5\
y)P\xc5%E\x89y\xc5\x05\x89E\xa9y%\x18\
Z2\xf2\xcbR\x8b\xf0\x1a\x0aV\x81afQzR\
\xa2\x86\x81\x8e\x02\x04\x19\x99ib\xe8+(J-.\
NM\xc1k6T\x0d\x01\xd3M\x0d5y\xb9jy\
\xb9@\xd07\xb1b4\x94\x08\x84\x92sN~1\xcd\
\x03\xa8\x16\x00Q\x5c\xe4~\
\x00\x00\x07\xda\
<\
?xml version=\x221.\
0\x22 encoding=\x22UTF\
-8\x22?>\x0d\x0a<!-- Uplo\
aded to: SVG Rep\
o, www.svgrepo.c\
om, Generator: S\
VG Repo Mixer To\
ols -->\x0d\x0a<svg wi\
dth=\x22800px\x22 heig\
ht=\x22800px\x22 viewB\
ox=\x220 -28.5 256 \
256\x22 version=\x221.\
1\x22 xmlns=\x22http:/\
/www.w3.org/2000\
/svg\x22\x0d\x0a     pres\
erveAspectRatio=\
\x22xMidYMid\x22>\x0d\x0a   \
 <g>\x0d\x0a        <p\
ath d=\x22M216.8563\
39,16.5966031 C2\
00.285002,8.8432\
8665 182.566144,\
3.2084988 164.04\
1564,0 C161.7665\
23,4.11318106 15\
9.108624,9.64549\
908 157.276099,1\
4.0464379 C137.5\
83995,11.0849896\
 118.072967,11.0\
849896 98.743016\
3,14.0464379 C96\
.9108417,9.64549\
908 94.1925838,4\
.11318106 91.897\
1895,0 C73.35260\
68,3.2084988 55.\
6133949,8.863991\
17 39.0420583,16\
.6376612 C5.6175\
2293,67.146514 -\
3.4433191,116.40\
0813 1.08711069,\
164.955721 C23.2\
560196,181.51091\
5 44.7403634,191\
.567697 65.86213\
25,198.148576 C7\
1.0772151,190.97\
1126 75.7283628,\
183.341335 79.73\
52139,175.300261\
 C72.104019,172.\
400575 64.794972\
4,168.822202 57.\
8887866,164.6679\
63 C59.7209612,1\
63.310589 61.513\
1304,161.891452 \
63.2445898,160.4\
31257 C105.36741\
,180.133187 151.\
134928,180.13318\
7 192.754523,160\
.431257 C194.506\
336,161.891452 1\
96.298154,163.31\
0589 198.110326,\
164.667963 C191.\
183787,168.84255\
6 183.854737,172\
.420929 176.2235\
42,175.320965 C1\
80.230393,183.34\
1335 184.861538,\
190.991831 190.0\
96624,198.16893 \
C211.238746,191.\
588051 232.74302\
3,181.531619 254\
.911949,164.9557\
21 C260.227747,1\
08.668201 245.83\
1087,59.8662432 \
216.856339,16.59\
66031 Z M85.4738\
752,135.09489 C7\
2.8290281,135.09\
489 62.4592217,1\
23.290155 62.459\
2217,108.914901 \
C62.4592217,94.5\
396472 72.607595\
,82.7145587 85.4\
738752,82.714558\
7 C98.3405064,82\
.7145587 108.709\
962,94.5189427 1\
08.488529,108.91\
4901 C108.508531\
,123.290155 98.3\
405064,135.09489\
 85.4738752,135.\
09489 Z M170.525\
237,135.09489 C1\
57.88039,135.094\
89 147.510584,12\
3.290155 147.510\
584,108.914901 C\
147.510584,94.53\
96472 157.658606\
,82.7145587 170.\
525237,82.714558\
7 C183.391518,82\
.7145587 193.761\
324,94.5189427 1\
93.539891,108.91\
4901 C193.539891\
,123.290155 183.\
391518,135.09489\
 170.525237,135.\
09489 Z\x22 fill=\x22#\
5865F2\x22 fill-rul\
e=\x22nonzero\x22>\x0d\x0a\x0d\x0a\
</path>\x0d\x0a    </g\
>\x0d\x0a</svg>\
\x00\x00\x01m\
S\
tatusBar {\x0d\x0a    \
background-color\
: white;\x0d\x0a    bo\
rder: 1px solid \
rgba(0, 0, 0, 0.\
06);\x0d\x0a    border\
-radius: 7px;\x0d\x0a}\
\x0d\x0a\x0d\x0aQLabel {\x0d\x0a  \
  color: black;\x0d\
\x0a    background-\
color: transpare\
nt;\x0d\x0a    font-fa\
mily: 'Segoe UI'\
, 'Microsoft YaH\
ei', 'PingFang S\
C';\x0d\x0a    border:\
 none;\x0d\x0a}\x0d\x0a\x0d\x0aQLa\
bel#titleLabel {\
\x0d\x0a    font-size:\
 14px;\x0d\x0a}\x0d\x0a\x0d\x0aQLa\
bel#contentLabel\
 {\x0d\x0a    font-siz\
e: 13px ;\x0d\x0a}\
\x00\x00\x01\x5c\
#\
titleLabel {\x0d\x0a  \
  color: black;\x0d\
\x0a    font: 14px \
'Segoe UI', 'Mic\
rosoft YaHei', '\
PingFang SC';\x0d\x0a \
   font-weight: \
bold;\x0d\x0a}\x0d\x0a\x0d\x0a#con\
tentLabel {\x0d\x0a   \
 color: rgb(96, \
96, 96);\x0d\x0a    fo\
nt: 12px 'Segoe \
UI', 'Microsoft \
YaHei', 'PingFan\
g SC';\x0d\x0a}\x0d\x0a\x0d\x0a#vi\
ewTitleLabel {\x0d\x0a\
    color: black\
;\x0d\x0a    font: 20p\
x \x22Segoe UI Semi\
Bold\x22, \x22Microsof\
t YaHei\x22, 'PingF\
ang SC';\x0d\x0a}\
\x00\x00\x02\x02\
<\
?xml version=\x221.\
0\x22 encoding=\x22UTF\
-8\x22 standalone=\x22\
no\x22?>\x0d\x0a<!-- Uplo\
aded to: SVG Rep\
o, www.svgrepo.c\
om, Generator: S\
VG Repo Mixer To\
ols -->\x0d\x0a<svg wi\
dth=\x22800px\x22 heig\
ht=\x22800px\x22 viewB\
ox=\x220 0 24 24\x22 x\
mlns=\x22http://www\
.w3.org/2000/svg\
\x22 version=\x221.1\x22>\
\x0d\x0a <g transform=\
\x22translate(0 -10\
28.4)\x22>\x0d\x0a  <path\
 d=\x22m7 1031.4c-1\
.5355 0-3.0784 0\
.5-4.25 1.7-2.34\
31 2.4-2.2788 6.\
1 0 8.5l9.25 9.8\
 9.25-9.8c2.279-\
2.4 2.343-6.1 0-\
8.5-2.343-2.3-6.\
157-2.3-8.5 0l-0\
.75 0.8-0.75-0.8\
c-1.172-1.2-2.71\
45-1.7-4.25-1.7z\
\x22 fill=\x22#e74c3c\x22\
/>\x0d\x0a </g>\x0d\x0a</svg\
>\
\x00\x00\x03\x14\
<\
svg width=\x2264px\x22\
 height=\x2264px\x22 v\
iewBox=\x220 0 24 2\
4\x22 fill=\x22none\x22 x\
mlns=\x22http://www\
.w3.org/2000/svg\
\x22>\x0d\x0a    <g id=\x22S\
VGRepo_bgCarrier\
\x22 stroke-width=\x22\
0\x22></g>\x0d\x0a    <g \
id=\x22SVGRepo_trac\
erCarrier\x22 strok\
e-linecap=\x22round\
\x22 stroke-linejoi\
n=\x22round\x22></g>\x0d\x0a\
    <g id=\x22SVGRe\
po_iconCarrier\x22>\
\x0d\x0a        <path \
fill-rule=\x22eveno\
dd\x22 clip-rule=\x22e\
venodd\x22\x0d\x0a       \
       d=\x22M12 22\
C17.5228 22 22 1\
7.5228 22 12C22 \
6.47715 17.5228 \
2 12 2C6.47715 2\
 2 6.47715 2 12C\
2 17.5228 6.4771\
5 22 12 22ZM8.58\
579 8.58579C8 9.\
17157 8 10.1144 \
8 12C8 13.8856 8\
 14.8284 8.58579\
 15.4142C9.17157\
 16 10.1144 16 1\
2 16C13.8856 16 \
14.8284 16 15.41\
42 15.4142C16 14\
.8284 16 13.8856\
 16 12C16 10.114\
4 16 9.17157 15.\
4142 8.58579C14.\
8284 8 13.8856 8\
 12 8C10.1144 8 \
9.17157 8 8.5857\
9 8.58579Z\x22\x0d\x0a   \
           fill=\
\x22#000000\x22></path\
>\x0d\x0a    </g>\x0d\x0a</s\
vg>\
\x00\x00\x06_\
T\
ab,\x0d\x0aToolBar,\x0d\x0aR\
oundCornerContai\
ner,\x0d\x0a#view {\x0d\x0a \
   background-co\
lor: transparent\
;\x0d\x0a}\x0d\x0a\x0d\x0aQScrollA\
rea {\x0d\x0a    borde\
r: none;\x0d\x0a}\x0d\x0a\x0d\x0aT\
oolBar > StrongB\
odyLabel {\x0d\x0a    \
color: black;\x0d\x0a}\
\x0d\x0a\x0d\x0aToolBar > Ca\
ptionLabel {\x0d\x0a  \
  color: rgb(95,\
 95, 95);\x0d\x0a}\x0d\x0a\x0d\x0a\
Card {\x0d\x0a    back\
ground-color: tr\
ansparent;\x0d\x0a}\x0d\x0a\x0d\
\x0aTitleLabel,\x0d\x0aSt\
rongBodyLabel {\x0d\
\x0a    color: blac\
k;\x0d\x0a}\x0d\x0a\x0d\x0aCard > \
#card {\x0d\x0a    bor\
der: 1px solid r\
gba(0, 0, 0, 0.0\
8);\x0d\x0a    border-\
radius: 12px;\x0d\x0a \
   background-co\
lor: rgba(255, 2\
55, 255, 0.62);\x0d\
\x0a}\x0d\x0a\x0d\x0aCard > #ca\
rd:hover {\x0d\x0a    \
background-color\
: rgba(255, 255,\
 255, 0.76);\x0d\x0a  \
  border: 1px so\
lid rgba(0, 0, 0\
, 0.12);\x0d\x0a}\x0d\x0a\x0d\x0aC\
ard > #card QLab\
el {\x0d\x0a    font: \
14px 'Segoe UI',\
 'Microsoft YaHe\
i', 'PingFang SC\
';\x0d\x0a    color: b\
lack;\x0d\x0a}\x0d\x0a\x0d\x0aCard\
> #card InfoBadg\
e {\x0d\x0a    font-si\
ze: 11px;\x0d\x0a}\x0d\x0a\x0d\x0a\
#sourceWidget {\x0d\
\x0a    background-\
color: rgba(255,\
 255, 255, 0.667\
);\x0d\x0a    border-t\
op: 1px solid rg\
ba(0, 0, 0, 0.05\
);\x0d\x0a    border-b\
ottom-left-radiu\
s: 10px;\x0d\x0a    bo\
rder-bottom-righ\
t-radius: 10px;\x0d\
\x0a}\x0d\x0a\x0d\x0a#titleLabe\
l {\x0d\x0a    color: \
black;\x0d\x0a    font\
: 14px 'Segoe UI\
', 'Microsoft Ya\
Hei', 'PingFang \
SC';\x0d\x0a    font-w\
eight: bold;\x0d\x0a}\x0d\
\x0a\x0d\x0a#contentLabel\
 {\x0d\x0a    color: r\
gb(118, 118, 118\
);\x0d\x0a    font: 12\
px 'Segoe UI', '\
Microsoft YaHei'\
, 'PingFang SC';\
\x0d\x0a}\x0d\x0a\x0d\x0a#viewTitl\
eLabel {\x0d\x0a    co\
lor: black;\x0d\x0a   \
 font: 24px \x22Seg\
oe UI SemiBold\x22,\
 \x22Microsoft YaHe\
i\x22, 'PingFang SC\
';\x0d\x0a}\x0d\x0a\x0d\x0a#config\
ContentFrame {\x0d\x0a\
    border: 1px \
solid rgba(0, 0,\
 0, 0.08);\x0d\x0a    \
border-radius: 1\
2px;\x0d\x0a    backgr\
ound-color: rgba\
(255, 255, 255, \
0.62);\x0d\x0a}\x0d\x0a\x0d\x0a#co\
nfigRow {\x0d\x0a    b\
ackground-color:\
 transparent;\x0d\x0a \
   border-bottom\
: 1px solid rgba\
(0, 0, 0, 0.055)\
;\x0d\x0a}\x0d\x0a\x0d\x0a#configR\
ow:last-child {\x0d\
\x0a    border-bott\
om: none;\x0d\x0a}\x0d\x0a\
\x00\x00\x00\xba\
\x00\
\x00\x02\xfdx\xda\xed\x90=\x0b\xc20\x10\x86\xf7B\xff\
CF\x0b:(\xd4A\xc1\xa1]\xed \xfa\x07\xae\xcd\
\xd1\x06\xd3$^R?\xe9\x7fWK\x05\xa5Rtp\
\xf3\x0enz\xde{\xe0M\x84\x12\xa58cT9\xa7\
\x15\xbb\xf8\x1e\xbb\xcd\xce\x906H\xee4R\x9aJ\x90\
\xb1\x96\x9af\xecP\x08\x87\xf3\xf7H\x04\xd96']\
)\xde\xc2\x8e@Y\x03\x84\xcau\x22\x85\xde#\xf5>\
m\x88\xceO\xcaS\x18L\xc2p\xc8\x9e\xce4\xe8\xa4\
\x0d\xa1\xb5\xc8{\x0d-\xf3\x91#\x1c\x07\xbeW\xfb\xde\
}\x138\xfe\x1b\xfb\xa2\xb1Xj\xfb\xf3\xb2\x1a\xd3\xda\
\x81\xe2@|#\x9c\xc4\x08\x88-\xd8j\x09)\xca\x87\
7{\xf5\xd4WF\xef\xfaJ\
\x00\x00\x01\xfa\
S\
tatusBar {\x0d\x0a    \
background-color\
: --ThemeColorDa\
rk1;\x0d\x0a    border\
: none;\x0d\x0a    bor\
der-radius: 7px;\
\x0d\x0a}\x0d\x0a\x0d\x0aQLabel {\x0d\
\x0a    color: blac\
k;\x0d\x0a    backgrou\
nd-color: transp\
arent;\x0d\x0a    font\
-family: 'Segoe \
UI', 'Microsoft \
YaHei', 'PingFan\
g SC';\x0d\x0a    bord\
er: none;\x0d\x0a}\x0d\x0a\x0d\x0a\
QLabel#titleLabe\
l {\x0d\x0a    color: \
white;\x0d\x0a    font\
: 14px 'Segoe UI\
', 'Microsoft Ya\
Hei', 'PingFang \
SC';\x0d\x0a    font-w\
eight: bold;\x0d\x0a}\x0d\
\x0a\x0d\x0aQLabel#conten\
tLabel {\x0d\x0a    co\
lor: rgb(208, 20\
8, 208);\x0d\x0a    fo\
nt: 12px 'Segoe \
UI', 'Microsoft \
YaHei', 'PingFan\
g SC';\x0d\x0a}\
\x00\x00\x01c\
#\
titleLabel {\x0d\x0a  \
  color: white;\x0d\
\x0a    font: 14px \
'Segoe UI', 'Mic\
rosoft YaHei', '\
PingFang SC';\x0d\x0a \
   font-weight: \
bold;\x0d\x0a}\x0d\x0a\x0d\x0a#con\
tentLabel {\x0d\x0a   \
 color: rgb(208,\
 208, 208);\x0d\x0a   \
 font: 12px 'Seg\
oe UI', 'Microso\
ft YaHei', 'Ping\
Fang SC';\x0d\x0a}\x0d\x0a\x0d\x0a\
#viewTitleLabel \
{\x0d\x0a    color: wh\
ite;\x0d\x0a    font: \
20px \x22Segoe UI S\
emiBold\x22, \x22Micro\
soft YaHei\x22, 'Pi\
ngFang SC';\x0d\x0a}\x0d\x0a\
\x0d\x0a\
\x00\x00\x03\x14\
<\
svg width=\x2264px\x22\
 height=\x2264px\x22 v\
iewBox=\x220 0 24 2\
4\x22 fill=\x22none\x22 x\
mlns=\x22http://www\
.w3.org/2000/svg\
\x22>\x0d\x0a    <g id=\x22S\
VGRepo_bgCarrier\
\x22 stroke-width=\x22\
0\x22></g>\x0d\x0a    <g \
id=\x22SVGRepo_trac\
erCarrier\x22 strok\
e-linecap=\x22round\
\x22 stroke-linejoi\
n=\x22round\x22></g>\x0d\x0a\
    <g id=\x22SVGRe\
po_iconCarrier\x22>\
\x0d\x0a        <path \
fill-rule=\x22eveno\
dd\x22 clip-rule=\x22e\
venodd\x22\x0d\x0a       \
       d=\x22M12 22\
C17.5228 22 22 1\
7.5228 22 12C22 \
6.47715 17.5228 \
2 12 2C6.47715 2\
 2 6.47715 2 12C\
2 17.5228 6.4771\
5 22 12 22ZM8.58\
579 8.58579C8 9.\
17157 8 10.1144 \
8 12C8 13.8856 8\
 14.8284 8.58579\
 15.4142C9.17157\
 16 10.1144 16 1\
2 16C13.8856 16 \
14.8284 16 15.41\
42 15.4142C16 14\
.8284 16 13.8856\
 16 12C16 10.114\
4 16 9.17157 15.\
4142 8.58579C14.\
8284 8 13.8856 8\
 12 8C10.1144 8 \
9.17157 8 8.5857\
9 8.58579Z\x22\x0d\x0a   \
           fill=\
\x22#ffffff\x22></path\
>\x0d\x0a    </g>\x0d\x0a</s\
vg>\
\x00\x00\x01\xf8\
\x00\
\x00\x06\xcex\xda\xcdU\xdfo\x9b0\x10~G\xe2\x7f\
\xb0\x92\x874\x12T\xc0\xca\xb6&R\xa5\x05\xadZ\xa5\
MZK\xa6i\x8f\x06\x8cc\xcd\xf1!\xe34\xed\xa6\
\xfd\xef;HBB\x1aT\xa2\xbd\x8c\x1f\x96e\xee\xee\
\xfb\xbe\xbb\xb3\x99\xd3\xc4\xb1\xad9\x80\x9cQ\x8d\xb3\x07\
X\xa9,\x02\xad\x98\x8e@\x19*p\x82\xcb\xc3G\xc1\
\xd6\xe4\xb7m\x11\xbc\x12\x9a\xfe\xe4\xba2tS\x90\xa0\
'\xc4h\xaa\xca\x82j\xa6\xcc\xd4\xb6\xfe\xd8\x96m\xdd\
\xc7\xa9\x06)?hF\x1b?\xd0\x19Ck\x05\x8a\xed\
\xcc\x1a\xec\x9b\x88\x16F\x80\xfaL\x13&w\x1e\xdb\xf0\
\xeb\x850\x8dGDu\xd6\x97IW\x8c\xb90\x92\xd5\
H\xa8-6\x1a\x14\x9fA\xf6\xdc\x0b\xfbf\x98\x1e2\
\xd8j\xf2\x8b'R\x82\x14\x19\xd1<\xa1\x17A\x18:\
d?x\x97\xde\xf5xz\xe8\xe1j\x9a\x89U\x89\x8e\
A\xf14\xedR\xd3\x11\xeb*\x1c\xbfd4Y\xc0#\
\xd3\xdd\x99\xe9\x88\x15\x86mb\xafK\xf1\xfd\x13\xe8\xe4\
\xbe\x95\xbc\x1c{\x07#]a\xa8Q\xcc80\xf2\xed\
n\xe4\x90\xd1\x17\x81]QBn\xc8\x0f\xfa\x89\x89j\
\xe9\xabP\xfc\x96*N\xe2h4\xed\x95\xfa;\x95\xc3\
\x8cf\x9c\x1d\xa2\xb9\xa5\xf8\xc5\x10\xd2\xaf\xd3Y\xbb|\
\x5c\x16\xe6\xb9g\xc9.\xde\xbcu\xc8\xe6\xed*\x94\xf7\
Z\xa1<\xcc\xce\xe6\xb9\xf4\xdf]\xefkT\xdd\xc3\x12\
V:e\xdf\x05\xd26g\x17\xe9\xb8y\x0c\x14\xbd\xf9\
'`\x0c,]\xc9rsRK\xcbJ\x0b\xbexa\
V\x8b\x18\x9af\xcft\xec\x90\x7f\xaf{]\xc75\xab\
8L\x90\x98\xcc\x1a\xf0\x14\xbf\xe0\x96>\x05_\x89\x0f\
\xbc\xf7\x98\xac\xed0ns\x09\xce\xe7\xb2\xc1\xac\x8e\xbc\
y\x7f\xd1A%z\xb0\x03\x221[\x8a\x19J\x188\
dp\x848\xe8BD\x95\xb9\xe0\xd1F\xeb\xad\xa6K\
\xf6\xbf\x1c3[j\x0f\xb0>\xe7\xe8m\xf5V\x0f\xf2\
\xe1)\xc0\x89\xa4\xa5q\xd3\x85\x90G;\xb8\x89\xbb\xff\
\x9f\xfc\x05\xd5\xe1\xeeg\
"

qt_resource_name = b"\
\x00\x03\
\x00\x00x\xa3\
\x00q\
\x00s\x00s\
\x00\x04\
\x00\x06\xc4\xee\
\x00i\
\x001\x008\x00n\
\x00\x08\
\x09:h\xfd\
\x00e\
\x00s\x00_\x00E\x00S\x00.\x00q\x00m\
\x00\x08\
\x0eI\xb5}\
\x00z\
\x00h\x00_\x00T\x00W\x00.\x00q\x00m\
\x00\x08\
\x05@[=\
\x00k\
\x00o\x00_\x00K\x00R\x00.\x00q\x00m\
\x00\x08\
\x0e8\x05}\
\x00z\
\x00h\x00_\x00C\x00N\x00.\x00q\x00m\
\x00\x08\
\x07?;}\
\x00j\
\x00a\x00_\x00J\x00P\x00.\x00q\x00m\
\x00\x04\
\x00\x06\xa8\x8b\
\x00d\
\x00a\x00r\x00k\
\x00\x05\
\x00r\xfd\xf4\
\x00l\
\x00i\x00g\x00h\x00t\
\x00\x12\
\x0c\xf9E\xe3\
\x00m\
\x00e\x00s\x00s\x00a\x00g\x00e\x00_\x00w\x00i\x00n\x00d\x00o\x00w\x00.\x00q\x00s\
\x00s\
\x00\x0b\
\x06QI\x87\
\x00d\
\x00i\x00s\x00c\x00o\x00r\x00d\x00.\x00s\x00v\x00g\
\x00\x0e\
\x0d\x92\xd4\xa3\
\x00s\
\x00t\x00a\x00t\x00u\x00s\x00_\x00b\x00a\x00r\x00.\x00q\x00s\x00s\
\x00\x08\
\x08\x87U\x83\
\x00c\
\x00a\x00r\x00d\x00.\x00q\x00s\x00s\
\x00\x09\
\x08\x97\x87\xa7\
\x00h\
\x00e\x00a\x00r\x00t\x00.\x00s\x00v\x00g\
\x00\x08\
\x0bcU\x87\
\x00s\
\x00t\x00o\x00p\x00.\x00s\x00v\x00g\
\x00\x07\
\x0auXC\
\x00t\
\x00a\x00b\x00.\x00q\x00s\x00s\
"

qt_resource_struct = b"\
\x00\x00\x00\x00\x00\x02\x00\x00\x00\x02\x00\x00\x00\x01\
\x00\x00\x00\x00\x00\x00\x00\x00\
\x00\x00\x00\x00\x00\x02\x00\x00\x00\x02\x00\x00\x00\x08\
\x00\x00\x00\x00\x00\x00\x00\x00\
\x00\x00\x00\x0c\x00\x02\x00\x00\x00\x05\x00\x00\x00\x03\
\x00\x00\x00\x00\x00\x00\x00\x00\
\x00\x00\x00F\x00\x00\x00\x00\x00\x01\x00\x01\x01\x7f\
\x00\x00\x01\x9f\xce\xfa\x0d\x15\
\x00\x00\x00r\x00\x00\x00\x00\x00\x01\x00\x02{u\
\x00\x00\x01\x9f\xce\xfa\x0b\xf9\
\x00\x00\x00\x1a\x00\x01\x00\x00\x00\x01\x00\x00\x00\x00\
\x00\x00\x01\x9f\xce\xfa\x0a\xcb\
\x00\x00\x00\x5c\x00\x00\x00\x00\x00\x01\x00\x01\xc7>\
\x00\x00\x01\x9f\xce\xfa\x0e,\
\x00\x00\x000\x00\x00\x00\x00\x00\x01\x00\x00L\xa6\
\x00\x00\x01\x9f\xce\xfa\x0fD\
\x00\x00\x00\x88\x00\x02\x00\x00\x00\x07\x00\x00\x00\x11\
\x00\x00\x00\x00\x00\x00\x00\x00\
\x00\x00\x00\x96\x00\x02\x00\x00\x00\x07\x00\x00\x00\x0a\
\x00\x00\x00\x00\x00\x00\x00\x00\
\x00\x00\x00\xd0\x00\x00\x00\x00\x00\x01\x00\x03Dy\
\x00\x00\x01\x9d\xca\x84\x058\
\x00\x00\x01\x0e\x00\x00\x00\x00\x00\x01\x00\x03M\xc8\
\x00\x00\x01\x9d\x22\x9d\xc4m\
\x00\x00\x01$\x00\x00\x00\x00\x00\x01\x00\x03O(\
\x00\x00\x01\x9d\xca\x84\x059\
\x00\x00\x01R\x00\x00\x00\x00\x00\x01\x00\x03TF\
\x00\x00\x01\x9f\xcc\xc2\xfc\x96\
\x00\x00\x01<\x00\x00\x00\x00\x00\x01\x00\x03Q.\
\x00\x00\x01\x9d\x22\x9d\xc4n\
\x00\x00\x00\xa6\x00\x01\x00\x00\x00\x01\x00\x03C\xdc\
\x00\x00\x01\x9d\x22\x9d\xc4m\
\x00\x00\x00\xec\x00\x00\x00\x00\x00\x01\x00\x03LW\
\x00\x00\x01\x9d\x22\x9d\xc4n\
\x00\x00\x00\xd0\x00\x00\x00\x00\x00\x01\x00\x03Dy\
\x00\x00\x01\x9d\xca\x84\x057\
\x00\x00\x01\x0e\x00\x00\x00\x00\x00\x01\x00\x03]e\
\x00\x00\x01\x9d\x22\x9d\xc4l\
\x00\x00\x01$\x00\x00\x00\x00\x00\x01\x00\x03O(\
\x00\x00\x01\x9d\xca\x84\x057\
\x00\x00\x01R\x00\x01\x00\x00\x00\x01\x00\x03a\xe4\
\x00\x00\x01\x9f\xcc\xc2\xfc\x94\
\x00\x00\x01<\x00\x00\x00\x00\x00\x01\x00\x03^\xcc\
\x00\x00\x01\x9d\x22\x9d\xc4l\
\x00\x00\x00\xa6\x00\x01\x00\x00\x00\x01\x00\x03Z\xa9\
\x00\x00\x01\x9d\x22\x9d\xc4l\
\x00\x00\x00\xec\x00\x00\x00\x00\x00\x01\x00\x03[g\
\x00\x00\x01\x9d\x22\x9d\xc4l\
"

def qInitResources():
    QtCore.qRegisterResourceData(0x03, qt_resource_struct, qt_resource_name, qt_resource_data)

def qCleanupResources():
    QtCore.qUnregisterResourceData(0x03, qt_resource_struct, qt_resource_name, qt_resource_data)

qInitResources()
